product_id,variant_id,status,title,variant,sku,old_price,final_price,changed
9920599785720,48966667337976,ACTIVE,7.30 ct DEW Moissanite Drop Dangle Earrings Gift for Women Wife Anniversary Birthday Wedding,Gold Vermeil,GH-MOI-01025,5600.00,6799.99,Yes
9920599884024,48966667796728,ACTIVE,4.40 ct DEW Round Moissanite Solitaire Stud Earrings 18K Gold Plated Gift for Women Wife Anniversary Birthday,18K Gold Plated Vermeil,GH-MOI-01023,4900.00,5899.99,Yes
9920599949560,48966668222712,ACTIVE,Certified 3 ct DEW Round Cut Pink Moissanite Solitaire Ring in Gold Plated Vermeil,18K Gold Plated Vermeil / 7,GH-MOI-01022,7000.00,7000.00,No (reverted)
9920599949560,48966668255480,ACTIVE,Certified 3 ct DEW Round Cut Pink Moissanite Solitaire Ring in Gold Plated Vermeil,18K Gold Plated Vermeil / 5,,7000.00,7000.00,No (reverted)
9920599949560,48966668288248,ACTIVE,Certified 3 ct DEW Round Cut Pink Moissanite Solitaire Ring in Gold Plated Vermeil,18K Gold Plated Vermeil / 6,,7000.00,7000.00,No (reverted)
9920599949560,48966668321016,ACTIVE,Certified 3 ct DEW Round Cut Pink Moissanite Solitaire Ring in Gold Plated Vermeil,18K Gold Plated Vermeil / 8,,7000.00,7000.00,No (reverted)
9920599949560,48966668353784,ACTIVE,Certified 3 ct DEW Round Cut Pink Moissanite Solitaire Ring in Gold Plated Vermeil,18K Gold Plated Vermeil / 9,,7000.00,7000.00,No (reverted)
9920599949560,48966668386552,ACTIVE,Certified 3 ct DEW Round Cut Pink Moissanite Solitaire Ring in Gold Plated Vermeil,18K Gold Plated Vermeil / 10,,7000.00,7000.00,No (reverted)
9920600015096,48966668452088,ACTIVE,2.40 ct DEW Certified Round White & Blue Moissanite Pendant In 18K Gold Plated,Yellow Gold,GH-MOI-01021-YG,2800.00,4199.99,Yes (raised to 4199.99 minimum)
9920600015096,50038454386936,ACTIVE,2.40 ct DEW Certified Round White & Blue Moissanite Pendant In 18K Gold Plated,Rose Gold,GH-MOI-01021-RG,2800.00,4199.99,Yes (raised to 4199.99 minimum)
9920600015096,50038454419704,ACTIVE,2.40 ct DEW Certified Round White & Blue Moissanite Pendant In 18K Gold Plated,White Gold,GH-MOI-01021-WG,2800.00,4199.99,Yes (raised to 4199.99 minimum)
9920600080632,48966668878072,ACTIVE,3 ct DEW Certified Marquise Cut White Moissanite Solitaire Pendant in 18K Gold Plated Vermeil,Yellow Gold,GH-MOI-01020-YG,2800.00,4199.99,Yes (raised to 4199.99 minimum)
9920600080632,50038461432056,ACTIVE,3 ct DEW Certified Marquise Cut White Moissanite Solitaire Pendant in 18K Gold Plated Vermeil,Rose Gold,GH-MOI-01020-RG,2800.00,4199.99,Yes (raised to 4199.99 minimum)
9920600080632,50038461464824,ACTIVE,3 ct DEW Certified Marquise Cut White Moissanite Solitaire Pendant in 18K Gold Plated Vermeil,White Gold,GH-MOI-01020-WG,2800.00,4199.99,Yes (raised to 4199.99 minimum)
9920600146168,48966669304056,ACTIVE,3.35 ct DEW Certified Pear Cut White Moissanite Pendant In 18K Gold Plated,Yellow Gold,GH-MOI-01019-YG,2800.00,4199.99,Yes (raised to 4199.99 minimum)
9920600146168,50038471590136,ACTIVE,3.35 ct DEW Certified Pear Cut White Moissanite Pendant In 18K Gold Plated,Rose Gold,GH-MOI-01019-RG,2800.00,4199.99,Yes (raised to 4199.99 minimum)
9920600146168,50038471622904,ACTIVE,3.35 ct DEW Certified Pear Cut White Moissanite Pendant In 18K Gold Plated,White Gold,GH-MOI-01019-WG,2800.00,4199.99,Yes (raised to 4199.99 minimum)
9920600178936,48966669336824,ACTIVE,Beautiful 3 ct DEW Certified Round Cut White Moissanite Pendant in 18K Gold Plated Vermeil,Yellow Gold,GH-MOI-01018-YG,2800.00,4199.99,Yes (raised to 4199.99 minimum)
9920600178936,50038477160696,ACTIVE,Beautiful 3 ct DEW Certified Round Cut White Moissanite Pendant in 18K Gold Plated Vermeil,Rose Gold,GH-MOI-01018-RG,2800.00,4199.99,Yes (raised to 4199.99 minimum)
9920600178936,50038477193464,ACTIVE,Beautiful 3 ct DEW Certified Round Cut White Moissanite Pendant in 18K Gold Plated Vermeil,White Gold,GH-MOI-01018-WG,2800.00,4199.99,Yes (raised to 4199.99 minimum)
9920600277240,48966669795576,ACTIVE,2 ct DEW Heart Shaped White Moissanite Designer Pendant In 18K Gold Plated,Yellow Gold,GH-MOI-01017-YG,2800.00,4199.99,Yes (raised to 4199.99 minimum)
9920600277240,50038481912056,ACTIVE,2 ct DEW Heart Shaped White Moissanite Designer Pendant In 18K Gold Plated,Rose Gold,GH-MOI-01017-RG,2800.00,4199.99,Yes (raised to 4199.99 minimum)
9920600277240,50038481944824,ACTIVE,2 ct DEW Heart Shaped White Moissanite Designer Pendant In 18K Gold Plated,White Gold,GH-MOI-01017-WG,2800.00,4199.99,Yes (raised to 4199.99 minimum)
9920600310008,48966670221560,ACTIVE,5.00 ct DEW Certified Round Cut White Moissanite Cross Pendant in 18K Gold Plated Vermeil,Yellow Gold,GH-MOI-01016-YG,2100.00,4199.99,Yes (raised to 4199.99 minimum)
9920600310008,50038487286008,ACTIVE,5.00 ct DEW Certified Round Cut White Moissanite Cross Pendant in 18K Gold Plated Vermeil,Rose Gold,GH-MOI-01016-RG,2100.00,4199.99,Yes (raised to 4199.99 minimum)
9920600310008,50038487318776,ACTIVE,5.00 ct DEW Certified Round Cut White Moissanite Cross Pendant in 18K Gold Plated Vermeil,White Gold,GH-MOI-01016-WG,2100.00,4199.99,Yes (raised to 4199.99 minimum)
9920600375544,48966670254328,ACTIVE,3.50 ct DEW Princess Cut White Moissanite Pendant in 18K Gold Plated Vermeil – Birthday Gift,Yellow Gold,GH-MOI-01015-YG,3500.00,4199.99,Yes
9920600375544,50038493839608,ACTIVE,3.50 ct DEW Princess Cut White Moissanite Pendant in 18K Gold Plated Vermeil – Birthday Gift,Rose Gold,GH-MOI-01015-RG,3500.00,4199.99,Yes
9920600375544,50038493872376,ACTIVE,3.50 ct DEW Princess Cut White Moissanite Pendant in 18K Gold Plated Vermeil – Birthday Gift,White Gold,GH-MOI-01015-WG,3500.00,4199.99,Yes
9920600441080,48966670680312,ACTIVE,1.80 ct DEW F/VS1 White Moissanite Cross Pendant in 18K Gold Plated Vermeil – Religious Gift,Yellow Gold,GH-MOI-01014-YG,2800.00,4199.99,Yes (raised to 4199.99 minimum)
9920600441080,50038498984184,ACTIVE,1.80 ct DEW F/VS1 White Moissanite Cross Pendant in 18K Gold Plated Vermeil – Religious Gift,Rose Gold,GH-MOI-01014-RG,2800.00,4199.99,Yes (raised to 4199.99 minimum)
9920600441080,50038499016952,ACTIVE,1.80 ct DEW F/VS1 White Moissanite Cross Pendant in 18K Gold Plated Vermeil – Religious Gift,White Gold,GH-MOI-01014-WG,2800.00,4199.99,Yes (raised to 4199.99 minimum)
9920600506616,48966671106296,ACTIVE,3.70 ct DEW F/VS1 White Moissanite Pendant in 18K Gold Plated Vermeil – Anniversary Gift,Yellow Gold,GH-MOI-01013-YG,3500.00,4199.99,Yes
9920600506616,50038503833848,ACTIVE,3.70 ct DEW F/VS1 White Moissanite Pendant in 18K Gold Plated Vermeil – Anniversary Gift,Rose Gold,GH-MOI-01013-RG,3500.00,4199.99,Yes
9920600506616,50038503866616,ACTIVE,3.70 ct DEW F/VS1 White Moissanite Pendant in 18K Gold Plated Vermeil – Anniversary Gift,White Gold,GH-MOI-01013-WG,3500.00,4199.99,Yes
9920600539384,48966671139064,ACTIVE,3.50 ct DEW Certified Moissanite Pendant in 18K Gold Plated Vermeil – Wedding & Holiday Gift,Yellow Gold,GH-MOI-01012-YG,2800.00,4199.99,Yes (raised to 4199.99 minimum)
9920600539384,50038509895928,ACTIVE,3.50 ct DEW Certified Moissanite Pendant in 18K Gold Plated Vermeil – Wedding & Holiday Gift,Rose Gold,GH-MOI-01012-RG,2800.00,4199.99,Yes (raised to 4199.99 minimum)
9920600539384,50038509928696,ACTIVE,3.50 ct DEW Certified Moissanite Pendant in 18K Gold Plated Vermeil – Wedding & Holiday Gift,White Gold,GH-MOI-01012-WG,2800.00,4199.99,Yes (raised to 4199.99 minimum)
9920600604920,48966671565048,ACTIVE,2.10 ct DEW Certified Cross Moissanite Pendant in 18K Gold Plated Vermeil – Holiday Gift,Yellow Gold,GH-MOI-01011-YG,2800.00,4199.99,Yes (raised to 4199.99 minimum)
9920600604920,50038516351224,ACTIVE,2.10 ct DEW Certified Cross Moissanite Pendant in 18K Gold Plated Vermeil – Holiday Gift,Rose Gold,GH-MOI-01011-RG,2800.00,4199.99,Yes (raised to 4199.99 minimum)
9920600604920,50038516383992,ACTIVE,2.10 ct DEW Certified Cross Moissanite Pendant in 18K Gold Plated Vermeil – Holiday Gift,White Gold,GH-MOI-01011-WG,2800.00,4199.99,Yes (raised to 4199.99 minimum)
9920600637688,48966671597816,ACTIVE,2.10 ct DEW White Cross Moissanite Pendant in 18K Gold Plated Vermeil – Certified Christian Gift,Yellow Gold,GH-MOI-01010-YG,2800.00,4199.99,Yes (raised to 4199.99 minimum)
9920600637688,50038523363576,ACTIVE,2.10 ct DEW White Cross Moissanite Pendant in 18K Gold Plated Vermeil – Certified Christian Gift,Rose Gold,GH-MOI-01010-RG,2800.00,4199.99,Yes (raised to 4199.99 minimum)
9920600637688,50038523396344,ACTIVE,2.10 ct DEW White Cross Moissanite Pendant in 18K Gold Plated Vermeil – Certified Christian Gift,White Gold,GH-MOI-01010-WG,2800.00,4199.99,Yes (raised to 4199.99 minimum)
9920600703224,48966672023800,ACTIVE,3.50 ct DEW Certified Moissanite Pendant 18K Gold Plated,Yellow Gold,GH-MOI-01009-YG,3500.00,4199.99,Yes
9920600703224,50038527590648,ACTIVE,3.50 ct DEW Certified Moissanite Pendant 18K Gold Plated,Rose Gold,GH-MOI-01009-RG,3500.00,4199.99,Yes
9920600703224,50038527623416,ACTIVE,3.50 ct DEW Certified Moissanite Pendant 18K Gold Plated,White Gold,GH-MOI-01009-WG,3500.00,4199.99,Yes
9920600735992,48966672056568,ACTIVE,2.60 ct DEW Certified Moissanite Pendant Birthday Gift for Her 18K Gold Plated,Yellow Gold,GH-MOI-01008-YG,2100.00,4199.99,Yes (raised to 4199.99 minimum)
9920600735992,50038534209784,ACTIVE,2.60 ct DEW Certified Moissanite Pendant Birthday Gift for Her 18K Gold Plated,Rose Gold,GH-MOI-01008-RG,2100.00,4199.99,Yes (raised to 4199.99 minimum)
9920600735992,50038534242552,ACTIVE,2.60 ct DEW Certified Moissanite Pendant Birthday Gift for Her 18K Gold Plated,White Gold,GH-MOI-01008-WG,2100.00,4199.99,Yes (raised to 4199.99 minimum)
9920600801528,48966672482552,ACTIVE,3.30 ct DEW White Moissanite Pendant 18K Gold Plated,Yellow Gold,GH-MOI-01007-YG,2800.00,4199.99,Yes (raised to 4199.99 minimum)
9920600801528,50038541025528,ACTIVE,3.30 ct DEW White Moissanite Pendant 18K Gold Plated,Rose Gold,GH-MOI-01007-RG,2800.00,4199.99,Yes (raised to 4199.99 minimum)
9920600801528,50038541058296,ACTIVE,3.30 ct DEW White Moissanite Pendant 18K Gold Plated,White Gold,GH-MOI-01007-WG,2800.00,4199.99,Yes (raised to 4199.99 minimum)
9920600867064,48966672908536,ACTIVE,3.65 ct DEW White Moissanite Pendant in 18K Gold Plated Vermeil – Certified Christmas Gift,Yellow Gold,GH-MOI-01006-YG,3500.00,4199.99,Yes
9920600867064,50038547742968,ACTIVE,3.65 ct DEW White Moissanite Pendant in 18K Gold Plated Vermeil – Certified Christmas Gift,Rose Gold,GH-MOI-01006-RG,3500.00,4199.99,Yes
9920600867064,50038547775736,ACTIVE,3.65 ct DEW White Moissanite Pendant in 18K Gold Plated Vermeil – Certified Christmas Gift,White Gold,GH-MOI-01006-WG,3500.00,4199.99,Yes
9920600899832,48966672941304,ACTIVE,3.70 ct DEW Certified White Moissanite Pendant 18K Gold Plated,Yellow Gold,GH-MOI-01005-YG,3500.00,4199.99,Yes
9920600899832,50038555246840,ACTIVE,3.70 ct DEW Certified White Moissanite Pendant 18K Gold Plated,Rose Gold,GH-MOI-01005-RG,3500.00,4199.99,Yes
9920600899832,50038555279608,ACTIVE,3.70 ct DEW Certified White Moissanite Pendant 18K Gold Plated,White Gold,GH-MOI-01005-WG,3500.00,4199.99,Yes
9920600965368,48966673367288,ACTIVE,3.85 ct DEW Certified Princess Cut White Moissanite Solitaire Pendant in 18K Gold Plated Vermeil,Yellow Gold,GH-MOI-01004-YG,3500.00,4199.99,Yes
9920600965368,50038560424184,ACTIVE,3.85 ct DEW Certified Princess Cut White Moissanite Solitaire Pendant in 18K Gold Plated Vermeil,Rose Gold,GH-MOI-01004-RG,3500.00,4199.99,Yes
9920600965368,50038560456952,ACTIVE,3.85 ct DEW Certified Princess Cut White Moissanite Solitaire Pendant in 18K Gold Plated Vermeil,White Gold,GH-MOI-01004-WG,3500.00,4199.99,Yes
9920601030904,48966673793272,ACTIVE,5.00 ct DEW Certified Round Cut White Moissanite Solitaire Pendant in 18K Gold Plated Vermeil,Yellow Gold,GH-MOI-01003-YG,3500.00,4199.99,Yes
9920601030904,50038566158584,ACTIVE,5.00 ct DEW Certified Round Cut White Moissanite Solitaire Pendant in 18K Gold Plated Vermeil,Rose Gold,GH-MOI-01003-RG,3500.00,4199.99,Yes
9920601030904,50038566191352,ACTIVE,5.00 ct DEW Certified Round Cut White Moissanite Solitaire Pendant in 18K Gold Plated Vermeil,White Gold,GH-MOI-01003-WG,3500.00,4199.99,Yes
9920601129208,48966674252024,ACTIVE,Certified 2.80 ct DEW Round Cut White Moissanite Solitaire Pendant in 18K Gold Plated Vermeil,Yellow Gold,GH-MOI-01002-YG,2800.00,4199.99,Yes (raised to 4199.99 minimum)
9920601129208,50038573924600,ACTIVE,Certified 2.80 ct DEW Round Cut White Moissanite Solitaire Pendant in 18K Gold Plated Vermeil,Rose Gold,GH-MOI-01002-RG,2800.00,4199.99,Yes (raised to 4199.99 minimum)
9920601129208,50038573957368,ACTIVE,Certified 2.80 ct DEW Round Cut White Moissanite Solitaire Pendant in 18K Gold Plated Vermeil,White Gold,GH-MOI-01002-WG,2800.00,4199.99,Yes (raised to 4199.99 minimum)
9920601260280,48966674743544,ACTIVE,3.45 ct DEW Certified Round Cut White Moissanite Solitaire Pendant in 18K Gold Plated Vermeil,Yellow Gold,GH-MOI-01001-YG,2100.00,4199.99,Yes (raised to 4199.99 minimum)
9920601260280,50038578577656,ACTIVE,3.45 ct DEW Certified Round Cut White Moissanite Solitaire Pendant in 18K Gold Plated Vermeil,Rose Gold,GH-MOI-01001-RG,2100.00,4199.99,Yes (raised to 4199.99 minimum)
9920601260280,50038578610424,ACTIVE,3.45 ct DEW Certified Round Cut White Moissanite Solitaire Pendant in 18K Gold Plated Vermeil,White Gold,GH-MOI-01001-WG,2100.00,4199.99,Yes (raised to 4199.99 minimum)
9920601358584,48966676185336,ACTIVE,3.50 ct DEW Certified White Moissanite Solitaire Pendant in 18K Gold Plated Vermeil,Yellow Gold,GH-MOI-01000-YG,1470.00,4199.99,Yes (raised to 4199.99 minimum)
9920601358584,50038586573048,ACTIVE,3.50 ct DEW Certified White Moissanite Solitaire Pendant in 18K Gold Plated Vermeil,Rose Gold,GH-MOI-01000-RG,1470.00,4199.99,Yes (raised to 4199.99 minimum)
9920601358584,50038586605816,ACTIVE,3.50 ct DEW Certified White Moissanite Solitaire Pendant in 18K Gold Plated Vermeil,White Gold,GH-MOI-01000-WG,1470.00,4199.99,Yes (raised to 4199.99 minimum)
9920601522424,48966677102840,ACTIVE,Certified 5.80ct VS1 White Moissanite Handmade Ring 18K Gold Plated,18K Gold Plated Vermeil / 7,GH-MOI-00999,7700.00,7700.00,No (reverted)
9920601522424,48966677135608,ACTIVE,Certified 5.80ct VS1 White Moissanite Handmade Ring 18K Gold Plated,18K Gold Plated Vermeil / 5,,7700.00,7700.00,No (reverted)
9920601522424,48966677168376,ACTIVE,Certified 5.80ct VS1 White Moissanite Handmade Ring 18K Gold Plated,18K Gold Plated Vermeil / 6,,7700.00,7700.00,No (reverted)
9920601522424,48966677201144,ACTIVE,Certified 5.80ct VS1 White Moissanite Handmade Ring 18K Gold Plated,18K Gold Plated Vermeil / 8,,7700.00,7700.00,No (reverted)
9920601522424,48966677233912,ACTIVE,Certified 5.80ct VS1 White Moissanite Handmade Ring 18K Gold Plated,18K Gold Plated Vermeil / 9,,7700.00,7700.00,No (reverted)
9920601522424,48966677266680,ACTIVE,Certified 5.80ct VS1 White Moissanite Handmade Ring 18K Gold Plated,18K Gold Plated Vermeil / 10,,7700.00,7700.00,No (reverted)
9920601555192,48966677299448,ACTIVE,Certified 10ct VS1 Round White Moissanite Ring Jewellery 18K Gold Plated,18K Gold Plated Vermeil / 7,GH-MOI-00998,13300.00,13300.00,No (reverted)
9920601555192,48966677332216,ACTIVE,Certified 10ct VS1 Round White Moissanite Ring Jewellery 18K Gold Plated,18K Gold Plated Vermeil / 5,,13300.00,13300.00,No (reverted)
9920601555192,48966677364984,ACTIVE,Certified 10ct VS1 Round White Moissanite Ring Jewellery 18K Gold Plated,18K Gold Plated Vermeil / 6,,13300.00,13300.00,No (reverted)
9920601555192,48966677397752,ACTIVE,Certified 10ct VS1 Round White Moissanite Ring Jewellery 18K Gold Plated,18K Gold Plated Vermeil / 8,,13300.00,13300.00,No (reverted)
9920601555192,48966677430520,ACTIVE,Certified 10ct VS1 Round White Moissanite Ring Jewellery 18K Gold Plated,18K Gold Plated Vermeil / 9,,13300.00,13300.00,No (reverted)
9920601555192,48966677463288,ACTIVE,Certified 10ct VS1 Round White Moissanite Ring Jewellery 18K Gold Plated,18K Gold Plated Vermeil / 10,,13300.00,13300.00,No (reverted)
9920601620728,48966677954808,ACTIVE,Certified 3ct VVS2 F Moissanite Ring for Gift in Solid 18K Gold Plated,18K Gold Plated Vermeil / 7,GH-MOI-00997,4200.00,5099.99,Yes
9920601620728,48966677987576,ACTIVE,Certified 3ct VVS2 F Moissanite Ring for Gift in Solid 18K Gold Plated,18K Gold Plated Vermeil / 5,,4200.00,5099.99,Yes
9920601620728,48966678020344,ACTIVE,Certified 3ct VVS2 F Moissanite Ring for Gift in Solid 18K Gold Plated,18K Gold Plated Vermeil / 6,,4200.00,5099.99,Yes
9920601620728,48966678053112,ACTIVE,Certified 3ct VVS2 F Moissanite Ring for Gift in Solid 18K Gold Plated,18K Gold Plated Vermeil / 8,,4200.00,5099.99,Yes
9920601620728,48966678085880,ACTIVE,Certified 3ct VVS2 F Moissanite Ring for Gift in Solid 18K Gold Plated,18K Gold Plated Vermeil / 9,,4200.00,5099.99,Yes
9920601620728,48966678118648,ACTIVE,Certified 3ct VVS2 F Moissanite Ring for Gift in Solid 18K Gold Plated,18K Gold Plated Vermeil / 10,,4200.00,5099.99,Yes
9920601653496,48966678151416,ACTIVE,Certified 2.20ct VS1/Round Cut/Blue Moissanite Ring in 18K Gold Plated,18K Gold Plated Vermeil / 7,GH-MOI-00996,4200.00,5099.99,Yes
9920601653496,48966678184184,ACTIVE,Certified 2.20ct VS1/Round Cut/Blue Moissanite Ring in 18K Gold Plated,18K Gold Plated Vermeil / 5,,4200.00,5099.99,Yes
9920601653496,48966678216952,ACTIVE,Certified 2.20ct VS1/Round Cut/Blue Moissanite Ring in 18K Gold Plated,18K Gold Plated Vermeil / 6,,4200.00,5099.99,Yes
9920601653496,48966678249720,ACTIVE,Certified 2.20ct VS1/Round Cut/Blue Moissanite Ring in 18K Gold Plated,18K Gold Plated Vermeil / 8,,4200.00,5099.99,Yes
9920601653496,48966678282488,ACTIVE,Certified 2.20ct VS1/Round Cut/Blue Moissanite Ring in 18K Gold Plated,18K Gold Plated Vermeil / 9,,4200.00,5099.99,Yes
9920601653496,48966678315256,ACTIVE,Certified 2.20ct VS1/Round Cut/Blue Moissanite Ring in 18K Gold Plated,18K Gold Plated Vermeil / 10,,4200.00,5099.99,Yes
9920601719032,48966678741240,ACTIVE,Certified 2.5ct VVS1 Round Pink Moissanite Solitaire Ring in 18K Gold Plated,18K Gold Plated Vermeil / 7,GH-MOI-00995,7700.00,7700.00,No (reverted)
9920601719032,48966678774008,ACTIVE,Certified 2.5ct VVS1 Round Pink Moissanite Solitaire Ring in 18K Gold Plated,18K Gold Plated Vermeil / 5,,7700.00,7700.00,No (reverted)
9920601719032,48966678806776,ACTIVE,Certified 2.5ct VVS1 Round Pink Moissanite Solitaire Ring in 18K Gold Plated,18K Gold Plated Vermeil / 6,,7700.00,7700.00,No (reverted)
9920601719032,48966678839544,ACTIVE,Certified 2.5ct VVS1 Round Pink Moissanite Solitaire Ring in 18K Gold Plated,18K Gold Plated Vermeil / 8,,7700.00,7700.00,No (reverted)
9920601719032,48966678872312,ACTIVE,Certified 2.5ct VVS1 Round Pink Moissanite Solitaire Ring in 18K Gold Plated,18K Gold Plated Vermeil / 9,,7700.00,7700.00,No (reverted)
9920601719032,48966678905080,ACTIVE,Certified 2.5ct VVS1 Round Pink Moissanite Solitaire Ring in 18K Gold Plated,18K Gold Plated Vermeil / 10,,7700.00,7700.00,No (reverted)
9920601784568,48966679363832,ACTIVE,Certified 4.90ct VS1 Radiant White Moissanite Ring For Birthday 18K Gold Plated,18K Gold Plated Vermeil / 7,GH-MOI-00994,7000.00,7000.00,No (reverted)
9920601784568,48966679396600,ACTIVE,Certified 4.90ct VS1 Radiant White Moissanite Ring For Birthday 18K Gold Plated,18K Gold Plated Vermeil / 5,,7000.00,7000.00,No (reverted)
9920601784568,48966679429368,ACTIVE,Certified 4.90ct VS1 Radiant White Moissanite Ring For Birthday 18K Gold Plated,18K Gold Plated Vermeil / 6,,7000.00,7000.00,No (reverted)
9920601784568,48966679462136,ACTIVE,Certified 4.90ct VS1 Radiant White Moissanite Ring For Birthday 18K Gold Plated,18K Gold Plated Vermeil / 8,,7000.00,7000.00,No (reverted)
9920601784568,48966679494904,ACTIVE,Certified 4.90ct VS1 Radiant White Moissanite Ring For Birthday 18K Gold Plated,18K Gold Plated Vermeil / 9,,7000.00,7000.00,No (reverted)
9920601784568,48966679527672,ACTIVE,Certified 4.90ct VS1 Radiant White Moissanite Ring For Birthday 18K Gold Plated,18K Gold Plated Vermeil / 10,,7000.00,7000.00,No (reverted)
9920601850104,48966679953656,ACTIVE,Certified 7.5ct VS White Moissanite Ring for Love 18K Gold Plated,18K Gold Plated Vermeil / 7,GH-MOI-00993,10500.00,10500.00,No (reverted)
9920601850104,48966679986424,ACTIVE,Certified 7.5ct VS White Moissanite Ring for Love 18K Gold Plated,18K Gold Plated Vermeil / 5,,10500.00,10500.00,No (reverted)
9920601850104,48966680019192,ACTIVE,Certified 7.5ct VS White Moissanite Ring for Love 18K Gold Plated,18K Gold Plated Vermeil / 6,,10500.00,10500.00,No (reverted)
9920601850104,48966680051960,ACTIVE,Certified 7.5ct VS White Moissanite Ring for Love 18K Gold Plated,18K Gold Plated Vermeil / 8,,10500.00,10500.00,No (reverted)
9920601850104,48966680084728,ACTIVE,Certified 7.5ct VS White Moissanite Ring for Love 18K Gold Plated,18K Gold Plated Vermeil / 9,,10500.00,10500.00,No (reverted)
9920601850104,48966680117496,ACTIVE,Certified 7.5ct VS White Moissanite Ring for Love 18K Gold Plated,18K Gold Plated Vermeil / 10,,10500.00,10500.00,No (reverted)
9920601882872,48966680150264,ACTIVE,Certified 1.25ct Round VVS1 Pink Moissanite Solitaire Ring in 18K Gold Plated,18K Gold Plated Vermeil / 7,GH-MOI-00992,4200.00,5099.99,Yes
9920601882872,48966680183032,ACTIVE,Certified 1.25ct Round VVS1 Pink Moissanite Solitaire Ring in 18K Gold Plated,18K Gold Plated Vermeil / 5,,4200.00,5099.99,Yes
9920601882872,48966680215800,ACTIVE,Certified 1.25ct Round VVS1 Pink Moissanite Solitaire Ring in 18K Gold Plated,18K Gold Plated Vermeil / 6,,4200.00,5099.99,Yes
9920601882872,48966680248568,ACTIVE,Certified 1.25ct Round VVS1 Pink Moissanite Solitaire Ring in 18K Gold Plated,18K Gold Plated Vermeil / 8,,4200.00,5099.99,Yes
9920601882872,48966680281336,ACTIVE,Certified 1.25ct Round VVS1 Pink Moissanite Solitaire Ring in 18K Gold Plated,18K Gold Plated Vermeil / 9,,4200.00,5099.99,Yes
9920601882872,48966680314104,ACTIVE,Certified 1.25ct Round VVS1 Pink Moissanite Solitaire Ring in 18K Gold Plated,18K Gold Plated Vermeil / 10,,4200.00,5099.99,Yes
9920601948408,48966680740088,ACTIVE,Certified 1.35ct VVS1 Round Pink Moissanite Ring in 18K Gold Plated,18K Gold Plated Vermeil / 7,GH-MOI-00991,6300.00,6300.00,No (reverted)
9920601948408,48966680772856,ACTIVE,Certified 1.35ct VVS1 Round Pink Moissanite Ring in 18K Gold Plated,18K Gold Plated Vermeil / 5,,6300.00,6300.00,No (reverted)
9920601948408,48966680805624,ACTIVE,Certified 1.35ct VVS1 Round Pink Moissanite Ring in 18K Gold Plated,18K Gold Plated Vermeil / 6,,6300.00,6300.00,No (reverted)
9920601948408,48966680838392,ACTIVE,Certified 1.35ct VVS1 Round Pink Moissanite Ring in 18K Gold Plated,18K Gold Plated Vermeil / 8,,6300.00,6300.00,No (reverted)
9920601948408,48966680871160,ACTIVE,Certified 1.35ct VVS1 Round Pink Moissanite Ring in 18K Gold Plated,18K Gold Plated Vermeil / 9,,6300.00,6300.00,No (reverted)
9920601948408,48966680903928,ACTIVE,Certified 1.35ct VVS1 Round Pink Moissanite Ring in 18K Gold Plated,18K Gold Plated Vermeil / 10,,6300.00,6300.00,No (reverted)
9920602013944,48966681362680,ACTIVE,Certified 2.5ct VVS1 Pink Moissanite Solitaire Ring in 18K Gold Plated,18K Gold Plated Vermeil / 7,GH-MOI-00990,7700.00,7700.00,No (reverted)
9920602013944,48966681395448,ACTIVE,Certified 2.5ct VVS1 Pink Moissanite Solitaire Ring in 18K Gold Plated,18K Gold Plated Vermeil / 5,,7700.00,7700.00,No (reverted)
9920602013944,48966681428216,ACTIVE,Certified 2.5ct VVS1 Pink Moissanite Solitaire Ring in 18K Gold Plated,18K Gold Plated Vermeil / 6,,7700.00,7700.00,No (reverted)
9920602013944,48966681460984,ACTIVE,Certified 2.5ct VVS1 Pink Moissanite Solitaire Ring in 18K Gold Plated,18K Gold Plated Vermeil / 8,,7700.00,7700.00,No (reverted)
9920602013944,48966681493752,ACTIVE,Certified 2.5ct VVS1 Pink Moissanite Solitaire Ring in 18K Gold Plated,18K Gold Plated Vermeil / 9,,7700.00,7700.00,No (reverted)
9920602013944,48966681526520,ACTIVE,Certified 2.5ct VVS1 Pink Moissanite Solitaire Ring in 18K Gold Plated,18K Gold Plated Vermeil / 10,,7700.00,7700.00,No (reverted)
9920602079480,48966681657592,ACTIVE,Certified 7.2ct Asscher Cut White Moissanite Ring For Valentines 18K Gold Plated,18K Gold Plated Vermeil / 7,GH-MOI-00989,9800.00,9800.00,No (reverted)
9920602079480,48966681690360,ACTIVE,Certified 7.2ct Asscher Cut White Moissanite Ring For Valentines 18K Gold Plated,18K Gold Plated Vermeil / 5,,9800.00,9800.00,No (reverted)
9920602079480,48966681723128,ACTIVE,Certified 7.2ct Asscher Cut White Moissanite Ring For Valentines 18K Gold Plated,18K Gold Plated Vermeil / 6,,9800.00,9800.00,No (reverted)
9920602079480,48966681755896,ACTIVE,Certified 7.2ct Asscher Cut White Moissanite Ring For Valentines 18K Gold Plated,18K Gold Plated Vermeil / 8,,9800.00,9800.00,No (reverted)
9920602079480,48966681788664,ACTIVE,Certified 7.2ct Asscher Cut White Moissanite Ring For Valentines 18K Gold Plated,18K Gold Plated Vermeil / 9,,9800.00,9800.00,No (reverted)
9920602079480,48966681821432,ACTIVE,Certified 7.2ct Asscher Cut White Moissanite Ring For Valentines 18K Gold Plated,18K Gold Plated Vermeil / 10,,9800.00,9800.00,No (reverted)
9920602145016,48966682247416,ACTIVE,Certified 4.45ct VS1 Radiant White Moissanite Ring Fine Jewellery 18K Gold Plated,18K Gold Plated Vermeil / 7,GH-MOI-00988,6300.00,6300.00,No (reverted)
9920602145016,48966682280184,ACTIVE,Certified 4.45ct VS1 Radiant White Moissanite Ring Fine Jewellery 18K Gold Plated,18K Gold Plated Vermeil / 5,,6300.00,6300.00,No (reverted)
9920602145016,48966682312952,ACTIVE,Certified 4.45ct VS1 Radiant White Moissanite Ring Fine Jewellery 18K Gold Plated,18K Gold Plated Vermeil / 6,,6300.00,6300.00,No (reverted)
9920602145016,48966682345720,ACTIVE,Certified 4.45ct VS1 Radiant White Moissanite Ring Fine Jewellery 18K Gold Plated,18K Gold Plated Vermeil / 8,,6300.00,6300.00,No (reverted)
9920602145016,48966682378488,ACTIVE,Certified 4.45ct VS1 Radiant White Moissanite Ring Fine Jewellery 18K Gold Plated,18K Gold Plated Vermeil / 9,,6300.00,6300.00,No (reverted)
9920602145016,48966682411256,ACTIVE,Certified 4.45ct VS1 Radiant White Moissanite Ring Fine Jewellery 18K Gold Plated,18K Gold Plated Vermeil / 10,,6300.00,6300.00,No (reverted)
9920602210552,48966682837240,ACTIVE,Certified 7.5ct VS1/Asscher/White Moissanite Ring 18K Gold Plated,18K Gold Plated Vermeil / 7,GH-MOI-00987,5600.00,6799.99,Yes
9920602210552,48966682870008,ACTIVE,Certified 7.5ct VS1/Asscher/White Moissanite Ring 18K Gold Plated,18K Gold Plated Vermeil / 5,,5600.00,6799.99,Yes
9920602210552,48966682902776,ACTIVE,Certified 7.5ct VS1/Asscher/White Moissanite Ring 18K Gold Plated,18K Gold Plated Vermeil / 6,,5600.00,6799.99,Yes
9920602210552,48966682935544,ACTIVE,Certified 7.5ct VS1/Asscher/White Moissanite Ring 18K Gold Plated,18K Gold Plated Vermeil / 8,,5600.00,6799.99,Yes
9920602210552,48966682968312,ACTIVE,Certified 7.5ct VS1/Asscher/White Moissanite Ring 18K Gold Plated,18K Gold Plated Vermeil / 9,,5600.00,6799.99,Yes
9920602210552,48966683001080,ACTIVE,Certified 7.5ct VS1/Asscher/White Moissanite Ring 18K Gold Plated,18K Gold Plated Vermeil / 10,,5600.00,6799.99,Yes
9920602276088,48966683427064,ACTIVE,Certified 1.3ct VVS1 Pink Moissanite Ring For Anniversary in 18K Gold Plated,18K Gold Plated Vermeil / 7,GH-MOI-00986,4900.00,5899.99,Yes
9920602276088,48966683459832,ACTIVE,Certified 1.3ct VVS1 Pink Moissanite Ring For Anniversary in 18K Gold Plated,18K Gold Plated Vermeil / 5,,4900.00,5899.99,Yes
9920602276088,48966683492600,ACTIVE,Certified 1.3ct VVS1 Pink Moissanite Ring For Anniversary in 18K Gold Plated,18K Gold Plated Vermeil / 6,,4900.00,5899.99,Yes
9920602276088,48966683525368,ACTIVE,Certified 1.3ct VVS1 Pink Moissanite Ring For Anniversary in 18K Gold Plated,18K Gold Plated Vermeil / 8,,4900.00,5899.99,Yes
9920602276088,48966683558136,ACTIVE,Certified 1.3ct VVS1 Pink Moissanite Ring For Anniversary in 18K Gold Plated,18K Gold Plated Vermeil / 9,,4900.00,5899.99,Yes
9920602276088,48966683590904,ACTIVE,Certified 1.3ct VVS1 Pink Moissanite Ring For Anniversary in 18K Gold Plated,18K Gold Plated Vermeil / 10,,4900.00,5899.99,Yes
9920602341624,48966684016888,ACTIVE,Certified 2ct VVS1 Princess Pink Moissanite Solitaire Ring in 18K Gold Plated,18K Gold Plated Vermeil / 7,GH-MOI-00985,7000.00,7000.00,No (reverted)
9920602341624,48966684049656,ACTIVE,Certified 2ct VVS1 Princess Pink Moissanite Solitaire Ring in 18K Gold Plated,18K Gold Plated Vermeil / 5,,7000.00,7000.00,No (reverted)
9920602341624,48966684082424,ACTIVE,Certified 2ct VVS1 Princess Pink Moissanite Solitaire Ring in 18K Gold Plated,18K Gold Plated Vermeil / 6,,7000.00,7000.00,No (reverted)
9920602341624,48966684115192,ACTIVE,Certified 2ct VVS1 Princess Pink Moissanite Solitaire Ring in 18K Gold Plated,18K Gold Plated Vermeil / 8,,7000.00,7000.00,No (reverted)
9920602341624,48966684147960,ACTIVE,Certified 2ct VVS1 Princess Pink Moissanite Solitaire Ring in 18K Gold Plated,18K Gold Plated Vermeil / 9,,7000.00,7000.00,No (reverted)
9920602341624,48966684180728,ACTIVE,Certified 2ct VVS1 Princess Pink Moissanite Solitaire Ring in 18K Gold Plated,18K Gold Plated Vermeil / 10,,7000.00,7000.00,No (reverted)
9920602407160,48966684606712,ACTIVE,Certified 2.55ct VVS1 Pink Moissanite Ring For Wife in Solid 18K Gold Plated,18K Gold Plated Vermeil / 7,GH-MOI-00984,7000.00,7000.00,No (reverted)
9920602407160,48966684639480,ACTIVE,Certified 2.55ct VVS1 Pink Moissanite Ring For Wife in Solid 18K Gold Plated,18K Gold Plated Vermeil / 5,,7000.00,7000.00,No (reverted)
9920602407160,48966684672248,ACTIVE,Certified 2.55ct VVS1 Pink Moissanite Ring For Wife in Solid 18K Gold Plated,18K Gold Plated Vermeil / 6,,7000.00,7000.00,No (reverted)
9920602407160,48966684705016,ACTIVE,Certified 2.55ct VVS1 Pink Moissanite Ring For Wife in Solid 18K Gold Plated,18K Gold Plated Vermeil / 8,,7000.00,7000.00,No (reverted)
9920602407160,48966684737784,ACTIVE,Certified 2.55ct VVS1 Pink Moissanite Ring For Wife in Solid 18K Gold Plated,18K Gold Plated Vermeil / 9,,7000.00,7000.00,No (reverted)
9920602407160,48966684770552,ACTIVE,Certified 2.55ct VVS1 Pink Moissanite Ring For Wife in Solid 18K Gold Plated,18K Gold Plated Vermeil / 10,,7000.00,7000.00,No (reverted)
9920602505464,48966685196536,ACTIVE,Certified 4ct VVS1 Pink Moissanite Ring For Anniversary Gift 18K Gold Plated,18K Gold Plated Vermeil / 7,GH-MOI-00983,7000.00,7000.00,No (reverted)
9920602505464,48966685229304,ACTIVE,Certified 4ct VVS1 Pink Moissanite Ring For Anniversary Gift 18K Gold Plated,18K Gold Plated Vermeil / 5,,7000.00,7000.00,No (reverted)
9920602505464,48966685262072,ACTIVE,Certified 4ct VVS1 Pink Moissanite Ring For Anniversary Gift 18K Gold Plated,18K Gold Plated Vermeil / 6,,7000.00,7000.00,No (reverted)
9920602505464,48966685294840,ACTIVE,Certified 4ct VVS1 Pink Moissanite Ring For Anniversary Gift 18K Gold Plated,18K Gold Plated Vermeil / 8,,7000.00,7000.00,No (reverted)
9920602505464,48966685327608,ACTIVE,Certified 4ct VVS1 Pink Moissanite Ring For Anniversary Gift 18K Gold Plated,18K Gold Plated Vermeil / 9,,7000.00,7000.00,No (reverted)
9920602505464,48966685360376,ACTIVE,Certified 4ct VVS1 Pink Moissanite Ring For Anniversary Gift 18K Gold Plated,18K Gold Plated Vermeil / 10,,7000.00,7000.00,No (reverted)
9920602571000,48966685786360,ACTIVE,Certified 4ct VVS1 Trillion Cut Pink Moissanite Ring For Gift in 18K Gold Plated,18K Gold Plated Vermeil / 7,GH-MOI-00982,9100.00,9100.00,No (reverted)
9920602571000,48966685819128,ACTIVE,Certified 4ct VVS1 Trillion Cut Pink Moissanite Ring For Gift in 18K Gold Plated,18K Gold Plated Vermeil / 5,,9100.00,9100.00,No (reverted)
9920602571000,48966685851896,ACTIVE,Certified 4ct VVS1 Trillion Cut Pink Moissanite Ring For Gift in 18K Gold Plated,18K Gold Plated Vermeil / 6,,9100.00,9100.00,No (reverted)
9920602571000,48966685884664,ACTIVE,Certified 4ct VVS1 Trillion Cut Pink Moissanite Ring For Gift in 18K Gold Plated,18K Gold Plated Vermeil / 8,,9100.00,9100.00,No (reverted)
9920602571000,48966685917432,ACTIVE,Certified 4ct VVS1 Trillion Cut Pink Moissanite Ring For Gift in 18K Gold Plated,18K Gold Plated Vermeil / 9,,9100.00,9100.00,No (reverted)
9920602571000,48966685950200,ACTIVE,Certified 4ct VVS1 Trillion Cut Pink Moissanite Ring For Gift in 18K Gold Plated,18K Gold Plated Vermeil / 10,,9100.00,9100.00,No (reverted)
9920602636536,48966686376184,ACTIVE,Certified 5.5ct VS1 Blue Moissanite Ring for Anniversary Gift in 18K Gold Plated,18K Gold Plated Vermeil / 7,GH-MOI-00981,4900.00,5899.99,Yes
9920602636536,48966686408952,ACTIVE,Certified 5.5ct VS1 Blue Moissanite Ring for Anniversary Gift in 18K Gold Plated,18K Gold Plated Vermeil / 5,,4900.00,5899.99,Yes
9920602636536,48966686441720,ACTIVE,Certified 5.5ct VS1 Blue Moissanite Ring for Anniversary Gift in 18K Gold Plated,18K Gold Plated Vermeil / 6,,4900.00,5899.99,Yes
9920602636536,48966686474488,ACTIVE,Certified 5.5ct VS1 Blue Moissanite Ring for Anniversary Gift in 18K Gold Plated,18K Gold Plated Vermeil / 8,,4900.00,5899.99,Yes
9920602636536,48966686507256,ACTIVE,Certified 5.5ct VS1 Blue Moissanite Ring for Anniversary Gift in 18K Gold Plated,18K Gold Plated Vermeil / 9,,4900.00,5899.99,Yes
9920602636536,48966686540024,ACTIVE,Certified 5.5ct VS1 Blue Moissanite Ring for Anniversary Gift in 18K Gold Plated,18K Gold Plated Vermeil / 10,,4900.00,5899.99,Yes
9920602734840,48966686998776,ACTIVE,Certified 5.2ct VS1/Radiant Cut/White Moissanite Ring 18K Gold Plated,18K Gold Plated Vermeil / 7,GH-MOI-00980,4900.00,5899.99,Yes
9920602734840,48966687031544,ACTIVE,Certified 5.2ct VS1/Radiant Cut/White Moissanite Ring 18K Gold Plated,18K Gold Plated Vermeil / 5,,4900.00,5899.99,Yes
9920602734840,48966687064312,ACTIVE,Certified 5.2ct VS1/Radiant Cut/White Moissanite Ring 18K Gold Plated,18K Gold Plated Vermeil / 6,,4900.00,5899.99,Yes
9920602734840,48966687097080,ACTIVE,Certified 5.2ct VS1/Radiant Cut/White Moissanite Ring 18K Gold Plated,18K Gold Plated Vermeil / 8,,4900.00,5899.99,Yes
9920602734840,48966687129848,ACTIVE,Certified 5.2ct VS1/Radiant Cut/White Moissanite Ring 18K Gold Plated,18K Gold Plated Vermeil / 9,,4900.00,5899.99,Yes
9920602734840,48966687162616,ACTIVE,Certified 5.2ct VS1/Radiant Cut/White Moissanite Ring 18K Gold Plated,18K Gold Plated Vermeil / 10,,4900.00,5899.99,Yes
9920602767608,48966687195384,ACTIVE,Certified 3.20ct VS1 Princess Moissanite Ring Gift For Wife 18K Gold Plated,18K Gold Plated Vermeil / 7,GH-MOI-00979,7000.00,7000.00,No (reverted)
9920602767608,48966687228152,ACTIVE,Certified 3.20ct VS1 Princess Moissanite Ring Gift For Wife 18K Gold Plated,18K Gold Plated Vermeil / 5,,7000.00,7000.00,No (reverted)
9920602767608,48966687260920,ACTIVE,Certified 3.20ct VS1 Princess Moissanite Ring Gift For Wife 18K Gold Plated,18K Gold Plated Vermeil / 6,,7000.00,7000.00,No (reverted)
9920602767608,48966687293688,ACTIVE,Certified 3.20ct VS1 Princess Moissanite Ring Gift For Wife 18K Gold Plated,18K Gold Plated Vermeil / 8,,7000.00,7000.00,No (reverted)
9920602767608,48966687326456,ACTIVE,Certified 3.20ct VS1 Princess Moissanite Ring Gift For Wife 18K Gold Plated,18K Gold Plated Vermeil / 9,,7000.00,7000.00,No (reverted)
9920602767608,48966687359224,ACTIVE,Certified 3.20ct VS1 Princess Moissanite Ring Gift For Wife 18K Gold Plated,18K Gold Plated Vermeil / 10,,7000.00,7000.00,No (reverted)
9920602833144,48966687785208,ACTIVE,Certified 1.3ct VVS1 Pink Moissanite Ring Jewellery for Women 18K Gold Plated,18K Gold Plated Vermeil / 7,GH-MOI-00978,4200.00,5099.99,Yes
9920602833144,48966687817976,ACTIVE,Certified 1.3ct VVS1 Pink Moissanite Ring Jewellery for Women 18K Gold Plated,18K Gold Plated Vermeil / 5,,4200.00,5099.99,Yes
9920602833144,48966687850744,ACTIVE,Certified 1.3ct VVS1 Pink Moissanite Ring Jewellery for Women 18K Gold Plated,18K Gold Plated Vermeil / 6,,4200.00,5099.99,Yes
9920602833144,48966687883512,ACTIVE,Certified 1.3ct VVS1 Pink Moissanite Ring Jewellery for Women 18K Gold Plated,18K Gold Plated Vermeil / 8,,4200.00,5099.99,Yes
9920602833144,48966687916280,ACTIVE,Certified 1.3ct VVS1 Pink Moissanite Ring Jewellery for Women 18K Gold Plated,18K Gold Plated Vermeil / 9,,4200.00,5099.99,Yes
9920602833144,48966687949048,ACTIVE,Certified 1.3ct VVS1 Pink Moissanite Ring Jewellery for Women 18K Gold Plated,18K Gold Plated Vermeil / 10,,4200.00,5099.99,Yes
9920602898680,48966688014584,ACTIVE,Certified 1.35ct VVS1 Pink Moissanite Ring For Women in 18K Gold Plated,18K Gold Plated Vermeil / 7,GH-MOI-00977,3500.00,4199.99,Yes
9920602898680,48966688047352,ACTIVE,Certified 1.35ct VVS1 Pink Moissanite Ring For Women in 18K Gold Plated,18K Gold Plated Vermeil / 5,,3500.00,4199.99,Yes
9920602898680,48966688080120,ACTIVE,Certified 1.35ct VVS1 Pink Moissanite Ring For Women in 18K Gold Plated,18K Gold Plated Vermeil / 6,,3500.00,4199.99,Yes
9920602898680,48966688112888,ACTIVE,Certified 1.35ct VVS1 Pink Moissanite Ring For Women in 18K Gold Plated,18K Gold Plated Vermeil / 8,,3500.00,4199.99,Yes
9920602898680,48966688145656,ACTIVE,Certified 1.35ct VVS1 Pink Moissanite Ring For Women in 18K Gold Plated,18K Gold Plated Vermeil / 9,,3500.00,4199.99,Yes
9920602898680,48966688178424,ACTIVE,Certified 1.35ct VVS1 Pink Moissanite Ring For Women in 18K Gold Plated,18K Gold Plated Vermeil / 10,,3500.00,4199.99,Yes
9920602996984,48966688932088,ACTIVE,Certified 3.5ct VS1/D Moissanite Ring For Birthday Gift 18K Gold Plated,18K Gold Plated Vermeil / 7,GH-MOI-00976,4900.00,5899.99,Yes
9920602996984,48966688964856,ACTIVE,Certified 3.5ct VS1/D Moissanite Ring For Birthday Gift 18K Gold Plated,18K Gold Plated Vermeil / 5,,4900.00,5899.99,Yes
9920602996984,48966688997624,ACTIVE,Certified 3.5ct VS1/D Moissanite Ring For Birthday Gift 18K Gold Plated,18K Gold Plated Vermeil / 6,,4900.00,5899.99,Yes
9920602996984,48966689030392,ACTIVE,Certified 3.5ct VS1/D Moissanite Ring For Birthday Gift 18K Gold Plated,18K Gold Plated Vermeil / 8,,4900.00,5899.99,Yes
9920602996984,48966689063160,ACTIVE,Certified 3.5ct VS1/D Moissanite Ring For Birthday Gift 18K Gold Plated,18K Gold Plated Vermeil / 9,,4900.00,5899.99,Yes
9920602996984,48966689095928,ACTIVE,Certified 3.5ct VS1/D Moissanite Ring For Birthday Gift 18K Gold Plated,18K Gold Plated Vermeil / 10,,4900.00,5899.99,Yes
9920603062520,48966689521912,ACTIVE,Certified 4.50ct VVS1 Pink Moissanite Ring For Valentines Gift 18K Gold Plated,18K Gold Plated Vermeil / 7,GH-MOI-00975,7700.00,7700.00,No (reverted)
9920603062520,48966689554680,ACTIVE,Certified 4.50ct VVS1 Pink Moissanite Ring For Valentines Gift 18K Gold Plated,18K Gold Plated Vermeil / 5,,7700.00,7700.00,No (reverted)
9920603062520,48966689587448,ACTIVE,Certified 4.50ct VVS1 Pink Moissanite Ring For Valentines Gift 18K Gold Plated,18K Gold Plated Vermeil / 6,,7700.00,7700.00,No (reverted)
9920603062520,48966689620216,ACTIVE,Certified 4.50ct VVS1 Pink Moissanite Ring For Valentines Gift 18K Gold Plated,18K Gold Plated Vermeil / 8,,7700.00,7700.00,No (reverted)
9920603062520,48966689652984,ACTIVE,Certified 4.50ct VVS1 Pink Moissanite Ring For Valentines Gift 18K Gold Plated,18K Gold Plated Vermeil / 9,,7700.00,7700.00,No (reverted)
9920603062520,48966689685752,ACTIVE,Certified 4.50ct VVS1 Pink Moissanite Ring For Valentines Gift 18K Gold Plated,18K Gold Plated Vermeil / 10,,7700.00,7700.00,No (reverted)
9920603095288,48966689718520,ACTIVE,Certified 1.5ct VVS1 Pink Moissanite Engagement Ring 925 Sterling Silver 18K Gold Plated,18K Gold Plated Vermeil / 7,GH-MOI-00974,3500.00,4199.99,Yes
9920603095288,48966689751288,ACTIVE,Certified 1.5ct VVS1 Pink Moissanite Engagement Ring 925 Sterling Silver 18K Gold Plated,18K Gold Plated Vermeil / 5,,3500.00,4199.99,Yes
9920603095288,48966689784056,ACTIVE,Certified 1.5ct VVS1 Pink Moissanite Engagement Ring 925 Sterling Silver 18K Gold Plated,18K Gold Plated Vermeil / 6,,3500.00,4199.99,Yes
9920603095288,48966689816824,ACTIVE,Certified 1.5ct VVS1 Pink Moissanite Engagement Ring 925 Sterling Silver 18K Gold Plated,18K Gold Plated Vermeil / 8,,3500.00,4199.99,Yes
9920603095288,48966689849592,ACTIVE,Certified 1.5ct VVS1 Pink Moissanite Engagement Ring 925 Sterling Silver 18K Gold Plated,18K Gold Plated Vermeil / 9,,3500.00,4199.99,Yes
9920603095288,48966689882360,ACTIVE,Certified 1.5ct VVS1 Pink Moissanite Engagement Ring 925 Sterling Silver 18K Gold Plated,18K Gold Plated Vermeil / 10,,3500.00,4199.99,Yes
9920603160824,48966690308344,ACTIVE,Certified 4ct VVS1 Pink Moissanite Solitaire Ring in 18K Gold Plated,18K Gold Plated Vermeil / 7,GH-MOI-00973,7000.00,7000.00,No (reverted)
9920603160824,48966690341112,ACTIVE,Certified 4ct VVS1 Pink Moissanite Solitaire Ring in 18K Gold Plated,18K Gold Plated Vermeil / 5,,7000.00,7000.00,No (reverted)
9920603160824,48966690373880,ACTIVE,Certified 4ct VVS1 Pink Moissanite Solitaire Ring in 18K Gold Plated,18K Gold Plated Vermeil / 6,,7000.00,7000.00,No (reverted)
9920603160824,48966690406648,ACTIVE,Certified 4ct VVS1 Pink Moissanite Solitaire Ring in 18K Gold Plated,18K Gold Plated Vermeil / 8,,7000.00,7000.00,No (reverted)
9920603160824,48966690439416,ACTIVE,Certified 4ct VVS1 Pink Moissanite Solitaire Ring in 18K Gold Plated,18K Gold Plated Vermeil / 9,,7000.00,7000.00,No (reverted)
9920603160824,48966690472184,ACTIVE,Certified 4ct VVS1 Pink Moissanite Solitaire Ring in 18K Gold Plated,18K Gold Plated Vermeil / 10,,7000.00,7000.00,No (reverted)
9920603226360,48966690898168,ACTIVE,Certified 2.1ct VVS1 Round Pink Moissanite Ring for Women in 18K Gold Plated,18K Gold Plated Vermeil / 7,GH-MOI-00972,4900.00,5899.99,Yes
9920603226360,48966690930936,ACTIVE,Certified 2.1ct VVS1 Round Pink Moissanite Ring for Women in 18K Gold Plated,18K Gold Plated Vermeil / 5,,4900.00,5899.99,Yes
9920603226360,48966690963704,ACTIVE,Certified 2.1ct VVS1 Round Pink Moissanite Ring for Women in 18K Gold Plated,18K Gold Plated Vermeil / 6,,4900.00,5899.99,Yes
9920603226360,48966690996472,ACTIVE,Certified 2.1ct VVS1 Round Pink Moissanite Ring for Women in 18K Gold Plated,18K Gold Plated Vermeil / 8,,4900.00,5899.99,Yes
9920603226360,48966691029240,ACTIVE,Certified 2.1ct VVS1 Round Pink Moissanite Ring for Women in 18K Gold Plated,18K Gold Plated Vermeil / 9,,4900.00,5899.99,Yes
9920603226360,48966691062008,ACTIVE,Certified 2.1ct VVS1 Round Pink Moissanite Ring for Women in 18K Gold Plated,18K Gold Plated Vermeil / 10,,4900.00,5899.99,Yes
9920603259128,48966691094776,ACTIVE,Certified 5.40ct VS1 Princess White Moissanite Ring in 18K Gold Plated,18K Gold Plated Vermeil / 7,GH-MOI-00971,7700.00,7700.00,No (reverted)
9920603259128,48966691127544,ACTIVE,Certified 5.40ct VS1 Princess White Moissanite Ring in 18K Gold Plated,18K Gold Plated Vermeil / 5,,7700.00,7700.00,No (reverted)
9920603259128,48966691160312,ACTIVE,Certified 5.40ct VS1 Princess White Moissanite Ring in 18K Gold Plated,18K Gold Plated Vermeil / 6,,7700.00,7700.00,No (reverted)
9920603259128,48966691193080,ACTIVE,Certified 5.40ct VS1 Princess White Moissanite Ring in 18K Gold Plated,18K Gold Plated Vermeil / 8,,7700.00,7700.00,No (reverted)
9920603259128,48966691225848,ACTIVE,Certified 5.40ct VS1 Princess White Moissanite Ring in 18K Gold Plated,18K Gold Plated Vermeil / 9,,7700.00,7700.00,No (reverted)
9920603259128,48966691258616,ACTIVE,Certified 5.40ct VS1 Princess White Moissanite Ring in 18K Gold Plated,18K Gold Plated Vermeil / 10,,7700.00,7700.00,No (reverted)
9920603324664,48966691684600,ACTIVE,Certified 3.80 ct DEW Emerald & Moissanite Engagement Ring 14K Solid White Gold,18K Gold Plated Vermeil / 7,GH-MOI-00970,16100.00,16100.00,No (reverted)
9920603324664,48966691717368,ACTIVE,Certified 3.80 ct DEW Emerald & Moissanite Engagement Ring 14K Solid White Gold,18K Gold Plated Vermeil / 5,,16100.00,16100.00,No (reverted)
9920603324664,48966691750136,ACTIVE,Certified 3.80 ct DEW Emerald & Moissanite Engagement Ring 14K Solid White Gold,18K Gold Plated Vermeil / 6,,16100.00,16100.00,No (reverted)
9920603324664,48966691782904,ACTIVE,Certified 3.80 ct DEW Emerald & Moissanite Engagement Ring 14K Solid White Gold,18K Gold Plated Vermeil / 8,,16100.00,16100.00,No (reverted)
9920603324664,48966691815672,ACTIVE,Certified 3.80 ct DEW Emerald & Moissanite Engagement Ring 14K Solid White Gold,18K Gold Plated Vermeil / 9,,16100.00,16100.00,No (reverted)
9920603324664,48966691848440,ACTIVE,Certified 3.80 ct DEW Emerald & Moissanite Engagement Ring 14K Solid White Gold,18K Gold Plated Vermeil / 10,,16100.00,16100.00,No (reverted)
9920603390200,48966692274424,ACTIVE,Certified 1.55ct VVS1 Oval Pink Moissanite Solitaire Ring in 18K Gold Plated,18K Gold Plated Vermeil / 7,GH-MOI-00969,4200.00,5099.99,Yes
9920603390200,48966692307192,ACTIVE,Certified 1.55ct VVS1 Oval Pink Moissanite Solitaire Ring in 18K Gold Plated,18K Gold Plated Vermeil / 5,,4200.00,5099.99,Yes
9920603390200,48966692339960,ACTIVE,Certified 1.55ct VVS1 Oval Pink Moissanite Solitaire Ring in 18K Gold Plated,18K Gold Plated Vermeil / 6,,4200.00,5099.99,Yes
9920603390200,48966692372728,ACTIVE,Certified 1.55ct VVS1 Oval Pink Moissanite Solitaire Ring in 18K Gold Plated,18K Gold Plated Vermeil / 8,,4200.00,5099.99,Yes
9920603390200,48966692405496,ACTIVE,Certified 1.55ct VVS1 Oval Pink Moissanite Solitaire Ring in 18K Gold Plated,18K Gold Plated Vermeil / 9,,4200.00,5099.99,Yes
9920603390200,48966692438264,ACTIVE,Certified 1.55ct VVS1 Oval Pink Moissanite Solitaire Ring in 18K Gold Plated,18K Gold Plated Vermeil / 10,,4200.00,5099.99,Yes
9920603422968,48966692471032,ACTIVE,Certified 7.30ct VS1 Round White Moissanite Women Ring 18K Gold Plated,18K Gold Plated Vermeil / 7,GH-MOI-00968,4900.00,5899.99,Yes
9920603422968,48966692503800,ACTIVE,Certified 7.30ct VS1 Round White Moissanite Women Ring 18K Gold Plated,18K Gold Plated Vermeil / 5,,4900.00,5899.99,Yes
9920603422968,48966692536568,ACTIVE,Certified 7.30ct VS1 Round White Moissanite Women Ring 18K Gold Plated,18K Gold Plated Vermeil / 6,,4900.00,5899.99,Yes
9920603422968,48966692569336,ACTIVE,Certified 7.30ct VS1 Round White Moissanite Women Ring 18K Gold Plated,18K Gold Plated Vermeil / 8,,4900.00,5899.99,Yes
9920603422968,48966692602104,ACTIVE,Certified 7.30ct VS1 Round White Moissanite Women Ring 18K Gold Plated,18K Gold Plated Vermeil / 9,,4900.00,5899.99,Yes
9920603422968,48966692634872,ACTIVE,Certified 7.30ct VS1 Round White Moissanite Women Ring 18K Gold Plated,18K Gold Plated Vermeil / 10,,4900.00,5899.99,Yes
9920603488504,48966693060856,ACTIVE,Certified 3ct VS1 White Moissanite Engagement Solitaire Ring 18K Gold Plated,18K Gold Plated Vermeil / 7,GH-MOI-00967,4200.00,5099.99,Yes
9920603488504,48966693093624,ACTIVE,Certified 3ct VS1 White Moissanite Engagement Solitaire Ring 18K Gold Plated,18K Gold Plated Vermeil / 5,,4200.00,5099.99,Yes
9920603488504,48966693126392,ACTIVE,Certified 3ct VS1 White Moissanite Engagement Solitaire Ring 18K Gold Plated,18K Gold Plated Vermeil / 6,,4200.00,5099.99,Yes
9920603488504,48966693159160,ACTIVE,Certified 3ct VS1 White Moissanite Engagement Solitaire Ring 18K Gold Plated,18K Gold Plated Vermeil / 8,,4200.00,5099.99,Yes
9920603488504,48966693191928,ACTIVE,Certified 3ct VS1 White Moissanite Engagement Solitaire Ring 18K Gold Plated,18K Gold Plated Vermeil / 9,,4200.00,5099.99,Yes
9920603488504,48966693224696,ACTIVE,Certified 3ct VS1 White Moissanite Engagement Solitaire Ring 18K Gold Plated,18K Gold Plated Vermeil / 10,,4200.00,5099.99,Yes
9920603554040,48966693650680,ACTIVE,Certified 6.2ct VS1 White Moissanite Engagement Ring in 18K Gold Plated,18K Gold Plated Vermeil / 7,GH-MOI-00966,5600.00,6799.99,Yes
9920603554040,48966693683448,ACTIVE,Certified 6.2ct VS1 White Moissanite Engagement Ring in 18K Gold Plated,18K Gold Plated Vermeil / 5,,5600.00,6799.99,Yes
9920603554040,48966693716216,ACTIVE,Certified 6.2ct VS1 White Moissanite Engagement Ring in 18K Gold Plated,18K Gold Plated Vermeil / 6,,5600.00,6799.99,Yes
9920603554040,48966693748984,ACTIVE,Certified 6.2ct VS1 White Moissanite Engagement Ring in 18K Gold Plated,18K Gold Plated Vermeil / 8,,5600.00,6799.99,Yes
9920603554040,48966693781752,ACTIVE,Certified 6.2ct VS1 White Moissanite Engagement Ring in 18K Gold Plated,18K Gold Plated Vermeil / 9,,5600.00,6799.99,Yes
9920603554040,48966693814520,ACTIVE,Certified 6.2ct VS1 White Moissanite Engagement Ring in 18K Gold Plated,18K Gold Plated Vermeil / 10,,5600.00,6799.99,Yes
9920603619576,48966693880056,ACTIVE,Certified 1.5ct VS1 GH White Moissanite Engagement Ring 18K Gold Plated,18K Gold Plated Vermeil / 7,GH-MOI-00965,4200.00,5099.99,Yes
9920603619576,48966693912824,ACTIVE,Certified 1.5ct VS1 GH White Moissanite Engagement Ring 18K Gold Plated,18K Gold Plated Vermeil / 5,,4200.00,5099.99,Yes
9920603619576,48966693945592,ACTIVE,Certified 1.5ct VS1 GH White Moissanite Engagement Ring 18K Gold Plated,18K Gold Plated Vermeil / 6,,4200.00,5099.99,Yes
9920603619576,48966693978360,ACTIVE,Certified 1.5ct VS1 GH White Moissanite Engagement Ring 18K Gold Plated,18K Gold Plated Vermeil / 8,,4200.00,5099.99,Yes
9920603619576,48966694011128,ACTIVE,Certified 1.5ct VS1 GH White Moissanite Engagement Ring 18K Gold Plated,18K Gold Plated Vermeil / 9,,4200.00,5099.99,Yes
9920603619576,48966694043896,ACTIVE,Certified 1.5ct VS1 GH White Moissanite Engagement Ring 18K Gold Plated,18K Gold Plated Vermeil / 10,,4200.00,5099.99,Yes
9920603685112,48966694469880,ACTIVE,1 ct Off-Blue & Pink Moissanite Ring VVS1 in 18K Gold Plated Vermeil – Gift for Women,18K Gold Plated Vermeil / 7,GH-MOI-00964,3500.00,4199.99,Yes
9920603685112,48966694502648,ACTIVE,1 ct Off-Blue & Pink Moissanite Ring VVS1 in 18K Gold Plated Vermeil – Gift for Women,18K Gold Plated Vermeil / 5,,3500.00,4199.99,Yes
9920603685112,48966694535416,ACTIVE,1 ct Off-Blue & Pink Moissanite Ring VVS1 in 18K Gold Plated Vermeil – Gift for Women,18K Gold Plated Vermeil / 6,,3500.00,4199.99,Yes
9920603685112,48966694568184,ACTIVE,1 ct Off-Blue & Pink Moissanite Ring VVS1 in 18K Gold Plated Vermeil – Gift for Women,18K Gold Plated Vermeil / 8,,3500.00,4199.99,Yes
9920603685112,48966694600952,ACTIVE,1 ct Off-Blue & Pink Moissanite Ring VVS1 in 18K Gold Plated Vermeil – Gift for Women,18K Gold Plated Vermeil / 9,,3500.00,4199.99,Yes
9920603685112,48966694633720,ACTIVE,1 ct Off-Blue & Pink Moissanite Ring VVS1 in 18K Gold Plated Vermeil – Gift for Women,18K Gold Plated Vermeil / 10,,3500.00,4199.99,Yes
9920603717880,48966695059704,ACTIVE,2.7ct VVS1 Pink Moissanite Ring Certified Gift Idea For Her 18K Gold Plated,18K Gold Plated Vermeil / 7,GH-MOI-00963,8400.00,8400.00,No (reverted)
9920603717880,48966695092472,ACTIVE,2.7ct VVS1 Pink Moissanite Ring Certified Gift Idea For Her 18K Gold Plated,18K Gold Plated Vermeil / 5,,8400.00,8400.00,No (reverted)
9920603717880,48966695125240,ACTIVE,2.7ct VVS1 Pink Moissanite Ring Certified Gift Idea For Her 18K Gold Plated,18K Gold Plated Vermeil / 6,,8400.00,8400.00,No (reverted)
9920603717880,48966695158008,ACTIVE,2.7ct VVS1 Pink Moissanite Ring Certified Gift Idea For Her 18K Gold Plated,18K Gold Plated Vermeil / 8,,8400.00,8400.00,No (reverted)
9920603717880,48966695190776,ACTIVE,2.7ct VVS1 Pink Moissanite Ring Certified Gift Idea For Her 18K Gold Plated,18K Gold Plated Vermeil / 9,,8400.00,8400.00,No (reverted)
9920603717880,48966695223544,ACTIVE,2.7ct VVS1 Pink Moissanite Ring Certified Gift Idea For Her 18K Gold Plated,18K Gold Plated Vermeil / 10,,8400.00,8400.00,No (reverted)
9920603816184,48966696272120,ACTIVE,3.20ct VVS1 Pink Moissanite Ring Certified Gift For Women Love 18K Gold Plated Verm 18K Gold Plated,18K Gold Plated Vermeil / 7,GH-MOI-00962,7700.00,7700.00,No (reverted)
9920603816184,48966696304888,ACTIVE,3.20ct VVS1 Pink Moissanite Ring Certified Gift For Women Love 18K Gold Plated Verm 18K Gold Plated,18K Gold Plated Vermeil / 5,,7700.00,7700.00,No (reverted)
9920603816184,48966696337656,ACTIVE,3.20ct VVS1 Pink Moissanite Ring Certified Gift For Women Love 18K Gold Plated Verm 18K Gold Plated,18K Gold Plated Vermeil / 6,,7700.00,7700.00,No (reverted)
9920603816184,48966696370424,ACTIVE,3.20ct VVS1 Pink Moissanite Ring Certified Gift For Women Love 18K Gold Plated Verm 18K Gold Plated,18K Gold Plated Vermeil / 8,,7700.00,7700.00,No (reverted)
9920603816184,48966696403192,ACTIVE,3.20ct VVS1 Pink Moissanite Ring Certified Gift For Women Love 18K Gold Plated Verm 18K Gold Plated,18K Gold Plated Vermeil / 9,,7700.00,7700.00,No (reverted)
9920603816184,48966696435960,ACTIVE,3.20ct VVS1 Pink Moissanite Ring Certified Gift For Women Love 18K Gold Plated Verm 18K Gold Plated,18K Gold Plated Vermeil / 10,,7700.00,7700.00,No (reverted)
9920603947256,48966696927480,ACTIVE,6.75ct White Moissanite Ring VS1 Certified For Christmas 18K Gold Plated,18K Gold Plated Vermeil / 7,GH-MOI-00961,9100.00,9100.00,No (reverted)
9920603947256,48966696960248,ACTIVE,6.75ct White Moissanite Ring VS1 Certified For Christmas 18K Gold Plated,18K Gold Plated Vermeil / 5,,9100.00,9100.00,No (reverted)
9920603947256,48966696993016,ACTIVE,6.75ct White Moissanite Ring VS1 Certified For Christmas 18K Gold Plated,18K Gold Plated Vermeil / 6,,9100.00,9100.00,No (reverted)
9920603947256,48966697025784,ACTIVE,6.75ct White Moissanite Ring VS1 Certified For Christmas 18K Gold Plated,18K Gold Plated Vermeil / 8,,9100.00,9100.00,No (reverted)
9920603947256,48966697058552,ACTIVE,6.75ct White Moissanite Ring VS1 Certified For Christmas 18K Gold Plated,18K Gold Plated Vermeil / 9,,9100.00,9100.00,No (reverted)
9920603947256,48966697091320,ACTIVE,6.75ct White Moissanite Ring VS1 Certified For Christmas 18K Gold Plated,18K Gold Plated Vermeil / 10,,9100.00,9100.00,No (reverted)
9920603980024,48966697124088,ACTIVE,1ct VVS1 Pink Moissanite Solitaire Ring Certified Jewellery 18K Gold Plated,18K Gold Plated Vermeil / 7,GH-MOI-00960,4900.00,5899.99,Yes
9920603980024,48966697156856,ACTIVE,1ct VVS1 Pink Moissanite Solitaire Ring Certified Jewellery 18K Gold Plated,18K Gold Plated Vermeil / 5,,4900.00,5899.99,Yes
9920603980024,48966697189624,ACTIVE,1ct VVS1 Pink Moissanite Solitaire Ring Certified Jewellery 18K Gold Plated,18K Gold Plated Vermeil / 6,,4900.00,5899.99,Yes
9920603980024,48966697222392,ACTIVE,1ct VVS1 Pink Moissanite Solitaire Ring Certified Jewellery 18K Gold Plated,18K Gold Plated Vermeil / 8,,4900.00,5899.99,Yes
9920603980024,48966697255160,ACTIVE,1ct VVS1 Pink Moissanite Solitaire Ring Certified Jewellery 18K Gold Plated,18K Gold Plated Vermeil / 9,,4900.00,5899.99,Yes
9920603980024,48966697287928,ACTIVE,1ct VVS1 Pink Moissanite Solitaire Ring Certified Jewellery 18K Gold Plated,18K Gold Plated Vermeil / 10,,4900.00,5899.99,Yes
9920604045560,48966698205432,ACTIVE,5.5ct VS1 White Moissanite Ring Certified Gift For Women 18K Gold Plated,18K Gold Plated Vermeil / 7,GH-MOI-00959,7700.00,7700.00,No (reverted)
9920604045560,48966698238200,ACTIVE,5.5ct VS1 White Moissanite Ring Certified Gift For Women 18K Gold Plated,18K Gold Plated Vermeil / 5,,7700.00,7700.00,No (reverted)
9920604045560,48966698270968,ACTIVE,5.5ct VS1 White Moissanite Ring Certified Gift For Women 18K Gold Plated,18K Gold Plated Vermeil / 6,,7700.00,7700.00,No (reverted)
9920604045560,48966698303736,ACTIVE,5.5ct VS1 White Moissanite Ring Certified Gift For Women 18K Gold Plated,18K Gold Plated Vermeil / 8,,7700.00,7700.00,No (reverted)
9920604045560,48966698336504,ACTIVE,5.5ct VS1 White Moissanite Ring Certified Gift For Women 18K Gold Plated,18K Gold Plated Vermeil / 9,,7700.00,7700.00,No (reverted)
9920604045560,48966698369272,ACTIVE,5.5ct VS1 White Moissanite Ring Certified Gift For Women 18K Gold Plated,18K Gold Plated Vermeil / 10,,7700.00,7700.00,No (reverted)
9920604111096,48966698795256,ACTIVE,5.50ct Blue Moissanite Ring VS1 Certified Birthday Gift 18K Gold Plated,18K Gold Plated Vermeil / 7,GH-MOI-00958,4200.00,5099.99,Yes
9920604111096,48966698828024,ACTIVE,5.50ct Blue Moissanite Ring VS1 Certified Birthday Gift 18K Gold Plated,18K Gold Plated Vermeil / 5,,4200.00,5099.99,Yes
9920604111096,48966698860792,ACTIVE,5.50ct Blue Moissanite Ring VS1 Certified Birthday Gift 18K Gold Plated,18K Gold Plated Vermeil / 6,,4200.00,5099.99,Yes
9920604111096,48966698893560,ACTIVE,5.50ct Blue Moissanite Ring VS1 Certified Birthday Gift 18K Gold Plated,18K Gold Plated Vermeil / 8,,4200.00,5099.99,Yes
9920604111096,48966698926328,ACTIVE,5.50ct Blue Moissanite Ring VS1 Certified Birthday Gift 18K Gold Plated,18K Gold Plated Vermeil / 9,,4200.00,5099.99,Yes
9920604111096,48966698959096,ACTIVE,5.50ct Blue Moissanite Ring VS1 Certified Birthday Gift 18K Gold Plated,18K Gold Plated Vermeil / 10,,4200.00,5099.99,Yes
9920604176632,48966699090168,ACTIVE,11.15ct Radiant VS1 White Moissanite Ring Certified Gift 18K Gold Plated,18K Gold Plated Vermeil / 7,GH-MOI-00957,7000.00,7000.00,No (reverted)
9920604176632,48966699122936,ACTIVE,11.15ct Radiant VS1 White Moissanite Ring Certified Gift 18K Gold Plated,18K Gold Plated Vermeil / 5,,7000.00,7000.00,No (reverted)
9920604176632,48966699155704,ACTIVE,11.15ct Radiant VS1 White Moissanite Ring Certified Gift 18K Gold Plated,18K Gold Plated Vermeil / 6,,7000.00,7000.00,No (reverted)
9920604176632,48966699188472,ACTIVE,11.15ct Radiant VS1 White Moissanite Ring Certified Gift 18K Gold Plated,18K Gold Plated Vermeil / 8,,7000.00,7000.00,No (reverted)
9920604176632,48966699221240,ACTIVE,11.15ct Radiant VS1 White Moissanite Ring Certified Gift 18K Gold Plated,18K Gold Plated Vermeil / 9,,7000.00,7000.00,No (reverted)
9920604176632,48966699254008,ACTIVE,11.15ct Radiant VS1 White Moissanite Ring Certified Gift 18K Gold Plated,18K Gold Plated Vermeil / 10,,7000.00,7000.00,No (reverted)
9920604242168,48966699778296,ACTIVE,3.4ct Certified White Moissanite VS1 Ring For Anniversary Gift 18K Gold Plated Verm 18K Gold Plated,18K Gold Plated Vermeil / 7,GH-MOI-00956,4900.00,5899.99,Yes
9920604242168,48966699811064,ACTIVE,3.4ct Certified White Moissanite VS1 Ring For Anniversary Gift 18K Gold Plated Verm 18K Gold Plated,18K Gold Plated Vermeil / 5,,4900.00,5899.99,Yes
9920604242168,48966699843832,ACTIVE,3.4ct Certified White Moissanite VS1 Ring For Anniversary Gift 18K Gold Plated Verm 18K Gold Plated,18K Gold Plated Vermeil / 6,,4900.00,5899.99,Yes
9920604242168,48966699876600,ACTIVE,3.4ct Certified White Moissanite VS1 Ring For Anniversary Gift 18K Gold Plated Verm 18K Gold Plated,18K Gold Plated Vermeil / 8,,4900.00,5899.99,Yes
9920604242168,48966699909368,ACTIVE,3.4ct Certified White Moissanite VS1 Ring For Anniversary Gift 18K Gold Plated Verm 18K Gold Plated,18K Gold Plated Vermeil / 9,,4900.00,5899.99,Yes
9920604242168,48966699942136,ACTIVE,3.4ct Certified White Moissanite VS1 Ring For Anniversary Gift 18K Gold Plated Verm 18K Gold Plated,18K Gold Plated Vermeil / 10,,4900.00,5899.99,Yes
9920604340472,48966700368120,ACTIVE,1.50ct Certified VVS1 Pink Moissanite Wedding Ring Anniversary 18K Gold Plated,18K Gold Plated Vermeil / 7,GH-MOI-00955,3500.00,4199.99,Yes
9920604340472,48966700400888,ACTIVE,1.50ct Certified VVS1 Pink Moissanite Wedding Ring Anniversary 18K Gold Plated,18K Gold Plated Vermeil / 5,,3500.00,4199.99,Yes
9920604340472,48966700433656,ACTIVE,1.50ct Certified VVS1 Pink Moissanite Wedding Ring Anniversary 18K Gold Plated,18K Gold Plated Vermeil / 6,,3500.00,4199.99,Yes
9920604340472,48966700466424,ACTIVE,1.50ct Certified VVS1 Pink Moissanite Wedding Ring Anniversary 18K Gold Plated,18K Gold Plated Vermeil / 8,,3500.00,4199.99,Yes
9920604340472,48966700499192,ACTIVE,1.50ct Certified VVS1 Pink Moissanite Wedding Ring Anniversary 18K Gold Plated,18K Gold Plated Vermeil / 9,,3500.00,4199.99,Yes
9920604340472,48966700531960,ACTIVE,1.50ct Certified VVS1 Pink Moissanite Wedding Ring Anniversary 18K Gold Plated,18K Gold Plated Vermeil / 10,,3500.00,4199.99,Yes
9920604373240,48966700564728,ACTIVE,3.80ct VS1 Blue Moissanite Ring Certified Birthday Gift 18K Gold Plated,18K Gold Plated Vermeil / 7,GH-MOI-00954,4200.00,5099.99,Yes
9920604373240,48966700597496,ACTIVE,3.80ct VS1 Blue Moissanite Ring Certified Birthday Gift 18K Gold Plated,18K Gold Plated Vermeil / 5,,4200.00,5099.99,Yes
9920604373240,48966700630264,ACTIVE,3.80ct VS1 Blue Moissanite Ring Certified Birthday Gift 18K Gold Plated,18K Gold Plated Vermeil / 6,,4200.00,5099.99,Yes
9920604373240,48966700663032,ACTIVE,3.80ct VS1 Blue Moissanite Ring Certified Birthday Gift 18K Gold Plated,18K Gold Plated Vermeil / 8,,4200.00,5099.99,Yes
9920604373240,48966700695800,ACTIVE,3.80ct VS1 Blue Moissanite Ring Certified Birthday Gift 18K Gold Plated,18K Gold Plated Vermeil / 9,,4200.00,5099.99,Yes
9920604373240,48966700728568,ACTIVE,3.80ct VS1 Blue Moissanite Ring Certified Birthday Gift 18K Gold Plated,18K Gold Plated Vermeil / 10,,4200.00,5099.99,Yes
9920604438776,48966701154552,ACTIVE,2.45ct Certified VS1 White Moissanite Ring For Her Gift Idea 18K Gold Plated,18K Gold Plated Vermeil / 7,GH-MOI-00953,3500.00,4199.99,Yes
9920604438776,48966701187320,ACTIVE,2.45ct Certified VS1 White Moissanite Ring For Her Gift Idea 18K Gold Plated,18K Gold Plated Vermeil / 5,,3500.00,4199.99,Yes
9920604438776,48966701220088,ACTIVE,2.45ct Certified VS1 White Moissanite Ring For Her Gift Idea 18K Gold Plated,18K Gold Plated Vermeil / 6,,3500.00,4199.99,Yes
9920604438776,48966701252856,ACTIVE,2.45ct Certified VS1 White Moissanite Ring For Her Gift Idea 18K Gold Plated,18K Gold Plated Vermeil / 8,,3500.00,4199.99,Yes
9920604438776,48966701285624,ACTIVE,2.45ct Certified VS1 White Moissanite Ring For Her Gift Idea 18K Gold Plated,18K Gold Plated Vermeil / 9,,3500.00,4199.99,Yes
9920604438776,48966701318392,ACTIVE,2.45ct Certified VS1 White Moissanite Ring For Her Gift Idea 18K Gold Plated,18K Gold Plated Vermeil / 10,,3500.00,4199.99,Yes
9920604504312,48966701809912,ACTIVE,4.5ct Champagne Moissanite Ring VS1 Certified For Love 18K Gold Plated,18K Gold Plated Vermeil / 7,GH-MOI-00952,6300.00,6300.00,No (reverted)
9920604504312,48966701842680,ACTIVE,4.5ct Champagne Moissanite Ring VS1 Certified For Love 18K Gold Plated,18K Gold Plated Vermeil / 5,,6300.00,6300.00,No (reverted)
9920604504312,48966701875448,ACTIVE,4.5ct Champagne Moissanite Ring VS1 Certified For Love 18K Gold Plated,18K Gold Plated Vermeil / 6,,6300.00,6300.00,No (reverted)
9920604504312,48966701908216,ACTIVE,4.5ct Champagne Moissanite Ring VS1 Certified For Love 18K Gold Plated,18K Gold Plated Vermeil / 8,,6300.00,6300.00,No (reverted)
9920604504312,48966701940984,ACTIVE,4.5ct Champagne Moissanite Ring VS1 Certified For Love 18K Gold Plated,18K Gold Plated Vermeil / 9,,6300.00,6300.00,No (reverted)
9920604504312,48966701973752,ACTIVE,4.5ct Champagne Moissanite Ring VS1 Certified For Love 18K Gold Plated,18K Gold Plated Vermeil / 10,,6300.00,6300.00,No (reverted)
9920604537080,48966702006520,ACTIVE,1.2ct Certified VVS1 Pink Moissanite Solitaire Ring For Women 18K Gold Plated Verme 18K Gold Plated,18K Gold Plated Vermeil / 7,GH-MOI-00951,4200.00,5099.99,Yes
9920604537080,48966702039288,ACTIVE,1.2ct Certified VVS1 Pink Moissanite Solitaire Ring For Women 18K Gold Plated Verme 18K Gold Plated,18K Gold Plated Vermeil / 5,,4200.00,5099.99,Yes
9920604537080,48966702072056,ACTIVE,1.2ct Certified VVS1 Pink Moissanite Solitaire Ring For Women 18K Gold Plated Verme 18K Gold Plated,18K Gold Plated Vermeil / 6,,4200.00,5099.99,Yes
9920604537080,48966702104824,ACTIVE,1.2ct Certified VVS1 Pink Moissanite Solitaire Ring For Women 18K Gold Plated Verme 18K Gold Plated,18K Gold Plated Vermeil / 8,,4200.00,5099.99,Yes
9920604537080,48966702137592,ACTIVE,1.2ct Certified VVS1 Pink Moissanite Solitaire Ring For Women 18K Gold Plated Verme 18K Gold Plated,18K Gold Plated Vermeil / 9,,4200.00,5099.99,Yes
9920604537080,48966702170360,ACTIVE,1.2ct Certified VVS1 Pink Moissanite Solitaire Ring For Women 18K Gold Plated Verme 18K Gold Plated,18K Gold Plated Vermeil / 10,,4200.00,5099.99,Yes
9920604602616,48966702596344,ACTIVE,6.7ct Certified VS1 Blue Moissanite Solitaire Ring Gift 18K Gold Plated,18K Gold Plated Vermeil / 7,GH-MOI-00950,9100.00,9100.00,No (reverted)
9920604602616,48966702629112,ACTIVE,6.7ct Certified VS1 Blue Moissanite Solitaire Ring Gift 18K Gold Plated,18K Gold Plated Vermeil / 5,,9100.00,9100.00,No (reverted)
9920604602616,48966702661880,ACTIVE,6.7ct Certified VS1 Blue Moissanite Solitaire Ring Gift 18K Gold Plated,18K Gold Plated Vermeil / 6,,9100.00,9100.00,No (reverted)
9920604602616,48966702694648,ACTIVE,6.7ct Certified VS1 Blue Moissanite Solitaire Ring Gift 18K Gold Plated,18K Gold Plated Vermeil / 8,,9100.00,9100.00,No (reverted)
9920604602616,48966702727416,ACTIVE,6.7ct Certified VS1 Blue Moissanite Solitaire Ring Gift 18K Gold Plated,18K Gold Plated Vermeil / 9,,9100.00,9100.00,No (reverted)
9920604602616,48966702760184,ACTIVE,6.7ct Certified VS1 Blue Moissanite Solitaire Ring Gift 18K Gold Plated,18K Gold Plated Vermeil / 10,,9100.00,9100.00,No (reverted)
9920604635384,48966703186168,ACTIVE,3.45ct VS1 Pear Moissanite Ring For Women Certified 18K Gold Plated,18K Gold Plated Vermeil / 7,GH-MOI-00949,4900.00,5899.99,Yes
9920604635384,48966703218936,ACTIVE,3.45ct VS1 Pear Moissanite Ring For Women Certified 18K Gold Plated,18K Gold Plated Vermeil / 5,,4900.00,5899.99,Yes
9920604635384,48966703251704,ACTIVE,3.45ct VS1 Pear Moissanite Ring For Women Certified 18K Gold Plated,18K Gold Plated Vermeil / 6,,4900.00,5899.99,Yes
9920604635384,48966703284472,ACTIVE,3.45ct VS1 Pear Moissanite Ring For Women Certified 18K Gold Plated,18K Gold Plated Vermeil / 8,,4900.00,5899.99,Yes
9920604635384,48966703317240,ACTIVE,3.45ct VS1 Pear Moissanite Ring For Women Certified 18K Gold Plated,18K Gold Plated Vermeil / 9,,4900.00,5899.99,Yes
9920604635384,48966703350008,ACTIVE,3.45ct VS1 Pear Moissanite Ring For Women Certified 18K Gold Plated,18K Gold Plated Vermeil / 10,,4900.00,5899.99,Yes
9920604733688,48966703382776,ACTIVE,7.75ct VS1 Blue Moissanite Ring Certified Gift For Love 18K Gold Plated,18K Gold Plated Vermeil / 7,GH-MOI-00948,10500.00,10500.00,No (reverted)
9920604733688,48966703415544,ACTIVE,7.75ct VS1 Blue Moissanite Ring Certified Gift For Love 18K Gold Plated,18K Gold Plated Vermeil / 5,,10500.00,10500.00,No (reverted)
9920604733688,48966703448312,ACTIVE,7.75ct VS1 Blue Moissanite Ring Certified Gift For Love 18K Gold Plated,18K Gold Plated Vermeil / 6,,10500.00,10500.00,No (reverted)
9920604733688,48966703481080,ACTIVE,7.75ct VS1 Blue Moissanite Ring Certified Gift For Love 18K Gold Plated,18K Gold Plated Vermeil / 8,,10500.00,10500.00,No (reverted)
9920604733688,48966703513848,ACTIVE,7.75ct VS1 Blue Moissanite Ring Certified Gift For Love 18K Gold Plated,18K Gold Plated Vermeil / 9,,10500.00,10500.00,No (reverted)
9920604733688,48966703546616,ACTIVE,7.75ct VS1 Blue Moissanite Ring Certified Gift For Love 18K Gold Plated,18K Gold Plated Vermeil / 10,,10500.00,10500.00,No (reverted)
9920604799224,48966703972600,ACTIVE,3.65ct Certified VS1 White Moissanite Solitaire Ring For Women 18K Gold Plated Verm 18K Gold Plated,18K Gold Plated Vermeil / 7,GH-MOI-00947,4900.00,5899.99,Yes
9920604799224,48966704005368,ACTIVE,3.65ct Certified VS1 White Moissanite Solitaire Ring For Women 18K Gold Plated Verm 18K Gold Plated,18K Gold Plated Vermeil / 5,,4900.00,5899.99,Yes
9920604799224,48966704038136,ACTIVE,3.65ct Certified VS1 White Moissanite Solitaire Ring For Women 18K Gold Plated Verm 18K Gold Plated,18K Gold Plated Vermeil / 6,,4900.00,5899.99,Yes
9920604799224,48966704070904,ACTIVE,3.65ct Certified VS1 White Moissanite Solitaire Ring For Women 18K Gold Plated Verm 18K Gold Plated,18K Gold Plated Vermeil / 8,,4900.00,5899.99,Yes
9920604799224,48966704103672,ACTIVE,3.65ct Certified VS1 White Moissanite Solitaire Ring For Women 18K Gold Plated Verm 18K Gold Plated,18K Gold Plated Vermeil / 9,,4900.00,5899.99,Yes
9920604799224,48966704136440,ACTIVE,3.65ct Certified VS1 White Moissanite Solitaire Ring For Women 18K Gold Plated Verm 18K Gold Plated,18K Gold Plated Vermeil / 10,,4900.00,5899.99,Yes
9920604864760,48966704201976,ACTIVE,2ct Certified VVS Pink Moissanite Ring Jewellery Gift For Her Love 18K Gold Plated Ve 18K Gold Plated,18K Gold Plated Vermeil / 7,GH-MOI-00946,5600.00,6799.99,Yes
9920604864760,48966704234744,ACTIVE,2ct Certified VVS Pink Moissanite Ring Jewellery Gift For Her Love 18K Gold Plated Ve 18K Gold Plated,18K Gold Plated Vermeil / 5,,5600.00,6799.99,Yes
9920604864760,48966704267512,ACTIVE,2ct Certified VVS Pink Moissanite Ring Jewellery Gift For Her Love 18K Gold Plated Ve 18K Gold Plated,18K Gold Plated Vermeil / 6,,5600.00,6799.99,Yes
9920604864760,48966704300280,ACTIVE,2ct Certified VVS Pink Moissanite Ring Jewellery Gift For Her Love 18K Gold Plated Ve 18K Gold Plated,18K Gold Plated Vermeil / 8,,5600.00,6799.99,Yes
9920604864760,48966704333048,ACTIVE,2ct Certified VVS Pink Moissanite Ring Jewellery Gift For Her Love 18K Gold Plated Ve 18K Gold Plated,18K Gold Plated Vermeil / 9,,5600.00,6799.99,Yes
9920604864760,48966704365816,ACTIVE,2ct Certified VVS Pink Moissanite Ring Jewellery Gift For Her Love 18K Gold Plated Ve 18K Gold Plated,18K Gold Plated Vermeil / 10,,5600.00,6799.99,Yes
9920604963064,48966704955640,ACTIVE,Certified 4.80ct VS1 Princess Moissanite Ring For Wedding 18K Gold Plated,18K Gold Plated Vermeil / 7,GH-MOI-00945,7000.00,7000.00,No (reverted)
9920604963064,48966704988408,ACTIVE,Certified 4.80ct VS1 Princess Moissanite Ring For Wedding 18K Gold Plated,18K Gold Plated Vermeil / 5,,7000.00,7000.00,No (reverted)
9920604963064,48966705021176,ACTIVE,Certified 4.80ct VS1 Princess Moissanite Ring For Wedding 18K Gold Plated,18K Gold Plated Vermeil / 6,,7000.00,7000.00,No (reverted)
9920604963064,48966705053944,ACTIVE,Certified 4.80ct VS1 Princess Moissanite Ring For Wedding 18K Gold Plated,18K Gold Plated Vermeil / 8,,7000.00,7000.00,No (reverted)
9920604963064,48966705086712,ACTIVE,Certified 4.80ct VS1 Princess Moissanite Ring For Wedding 18K Gold Plated,18K Gold Plated Vermeil / 9,,7000.00,7000.00,No (reverted)
9920604963064,48966705119480,ACTIVE,Certified 4.80ct VS1 Princess Moissanite Ring For Wedding 18K Gold Plated,18K Gold Plated Vermeil / 10,,7000.00,7000.00,No (reverted)
9920605028600,48966705545464,ACTIVE,Certified 1.5ct VVS1 Pink Moissanite Solitaire Ring for Gift Use 18K Gold Plated Ve 18K Gold Plated,18K Gold Plated Vermeil / 7,GH-MOI-00944,5600.00,6799.99,Yes
9920605028600,48966705578232,ACTIVE,Certified 1.5ct VVS1 Pink Moissanite Solitaire Ring for Gift Use 18K Gold Plated Ve 18K Gold Plated,18K Gold Plated Vermeil / 5,,5600.00,6799.99,Yes
9920605028600,48966705611000,ACTIVE,Certified 1.5ct VVS1 Pink Moissanite Solitaire Ring for Gift Use 18K Gold Plated Ve 18K Gold Plated,18K Gold Plated Vermeil / 6,,5600.00,6799.99,Yes
9920605028600,48966705643768,ACTIVE,Certified 1.5ct VVS1 Pink Moissanite Solitaire Ring for Gift Use 18K Gold Plated Ve 18K Gold Plated,18K Gold Plated Vermeil / 8,,5600.00,6799.99,Yes
9920605028600,48966705676536,ACTIVE,Certified 1.5ct VVS1 Pink Moissanite Solitaire Ring for Gift Use 18K Gold Plated Ve 18K Gold Plated,18K Gold Plated Vermeil / 9,,5600.00,6799.99,Yes
9920605028600,48966705709304,ACTIVE,Certified 1.5ct VVS1 Pink Moissanite Solitaire Ring for Gift Use 18K Gold Plated Ve 18K Gold Plated,18K Gold Plated Vermeil / 10,,5600.00,6799.99,Yes
9920605061368,48966705742072,ACTIVE,Certified 1.1ct VVS1 Pink Moissanite Ring Jewellery Gift for Women 18K Gold Plated Ve 18K Gold Plated,18K Gold Plated Vermeil / 7,GH-MOI-00943,4900.00,5899.99,Yes
9920605061368,48966705774840,ACTIVE,Certified 1.1ct VVS1 Pink Moissanite Ring Jewellery Gift for Women 18K Gold Plated Ve 18K Gold Plated,18K Gold Plated Vermeil / 5,,4900.00,5899.99,Yes
9920605061368,48966705807608,ACTIVE,Certified 1.1ct VVS1 Pink Moissanite Ring Jewellery Gift for Women 18K Gold Plated Ve 18K Gold Plated,18K Gold Plated Vermeil / 6,,4900.00,5899.99,Yes
9920605061368,48966705840376,ACTIVE,Certified 1.1ct VVS1 Pink Moissanite Ring Jewellery Gift for Women 18K Gold Plated Ve 18K Gold Plated,18K Gold Plated Vermeil / 8,,4900.00,5899.99,Yes
9920605061368,48966705873144,ACTIVE,Certified 1.1ct VVS1 Pink Moissanite Ring Jewellery Gift for Women 18K Gold Plated Ve 18K Gold Plated,18K Gold Plated Vermeil / 9,,4900.00,5899.99,Yes
9920605061368,48966705905912,ACTIVE,Certified 1.1ct VVS1 Pink Moissanite Ring Jewellery Gift for Women 18K Gold Plated Ve 18K Gold Plated,18K Gold Plated Vermeil / 10,,4900.00,5899.99,Yes
9920605126904,48966706331896,ACTIVE,Certified 2.35ct VS1 White Moissanite Ring Birthday Gift Jewellery 18K Gold Plated Ve 18K Gold Plated,18K Gold Plated Vermeil / 7,GH-MOI-00942,2800.00,4199.99,Yes (raised to 4199.99 minimum)
9920605126904,48966706364664,ACTIVE,Certified 2.35ct VS1 White Moissanite Ring Birthday Gift Jewellery 18K Gold Plated Ve 18K Gold Plated,18K Gold Plated Vermeil / 5,,2800.00,4199.99,Yes (raised to 4199.99 minimum)
9920605126904,48966706397432,ACTIVE,Certified 2.35ct VS1 White Moissanite Ring Birthday Gift Jewellery 18K Gold Plated Ve 18K Gold Plated,18K Gold Plated Vermeil / 6,,2800.00,4199.99,Yes (raised to 4199.99 minimum)
9920605126904,48966706430200,ACTIVE,Certified 2.35ct VS1 White Moissanite Ring Birthday Gift Jewellery 18K Gold Plated Ve 18K Gold Plated,18K Gold Plated Vermeil / 8,,2800.00,4199.99,Yes (raised to 4199.99 minimum)
9920605126904,48966706462968,ACTIVE,Certified 2.35ct VS1 White Moissanite Ring Birthday Gift Jewellery 18K Gold Plated Ve 18K Gold Plated,18K Gold Plated Vermeil / 9,,2800.00,4199.99,Yes (raised to 4199.99 minimum)
9920605126904,48966706495736,ACTIVE,Certified 2.35ct VS1 White Moissanite Ring Birthday Gift Jewellery 18K Gold Plated Ve 18K Gold Plated,18K Gold Plated Vermeil / 10,,2800.00,4199.99,Yes (raised to 4199.99 minimum)
9920605225208,48966706954488,ACTIVE,Certified 5.5ct VS1 White Moissanite Ring Jewellery Gift for Women 18K Gold Plated Ve 18K Gold Plated,18K Gold Plated Vermeil / 7,GH-MOI-00941,7700.00,7700.00,No (reverted)
9920605225208,48966706987256,ACTIVE,Certified 5.5ct VS1 White Moissanite Ring Jewellery Gift for Women 18K Gold Plated Ve 18K Gold Plated,18K Gold Plated Vermeil / 5,,7700.00,7700.00,No (reverted)
9920605225208,48966707020024,ACTIVE,Certified 5.5ct VS1 White Moissanite Ring Jewellery Gift for Women 18K Gold Plated Ve 18K Gold Plated,18K Gold Plated Vermeil / 6,,7700.00,7700.00,No (reverted)
9920605225208,48966707052792,ACTIVE,Certified 5.5ct VS1 White Moissanite Ring Jewellery Gift for Women 18K Gold Plated Ve 18K Gold Plated,18K Gold Plated Vermeil / 8,,7700.00,7700.00,No (reverted)
9920605225208,48966707085560,ACTIVE,Certified 5.5ct VS1 White Moissanite Ring Jewellery Gift for Women 18K Gold Plated Ve 18K Gold Plated,18K Gold Plated Vermeil / 9,,7700.00,7700.00,No (reverted)
9920605225208,48966707118328,ACTIVE,Certified 5.5ct VS1 White Moissanite Ring Jewellery Gift for Women 18K Gold Plated Ve 18K Gold Plated,18K Gold Plated Vermeil / 10,,7700.00,7700.00,No (reverted)
9920605257976,48966707151096,ACTIVE,Certified 2.10ct VS1 Pink Moissanite Engagement Ring in AAA Gift 18K Gold Plated Ve 18K Gold Plated,18K Gold Plated Vermeil / 7,GH-MOI-00940,7000.00,7000.00,No (reverted)
9920605257976,48966707183864,ACTIVE,Certified 2.10ct VS1 Pink Moissanite Engagement Ring in AAA Gift 18K Gold Plated Ve 18K Gold Plated,18K Gold Plated Vermeil / 5,,7000.00,7000.00,No (reverted)
9920605257976,48966707216632,ACTIVE,Certified 2.10ct VS1 Pink Moissanite Engagement Ring in AAA Gift 18K Gold Plated Ve 18K Gold Plated,18K Gold Plated Vermeil / 6,,7000.00,7000.00,No (reverted)
9920605257976,48966707249400,ACTIVE,Certified 2.10ct VS1 Pink Moissanite Engagement Ring in AAA Gift 18K Gold Plated Ve 18K Gold Plated,18K Gold Plated Vermeil / 8,,7000.00,7000.00,No (reverted)
9920605257976,48966707282168,ACTIVE,Certified 2.10ct VS1 Pink Moissanite Engagement Ring in AAA Gift 18K Gold Plated Ve 18K Gold Plated,18K Gold Plated Vermeil / 9,,7000.00,7000.00,No (reverted)
9920605257976,48966707314936,ACTIVE,Certified 2.10ct VS1 Pink Moissanite Engagement Ring in AAA Gift 18K Gold Plated Ve 18K Gold Plated,18K Gold Plated Vermeil / 10,,7000.00,7000.00,No (reverted)
9920605323512,48966707740920,ACTIVE,Certified 2ct VVS1 Round GH Moissanite Ring in Jewellery 18K Gold Plated,18K Gold Plated Vermeil / 7,GH-MOI-00939,4200.00,5099.99,Yes
9920605323512,48966707773688,ACTIVE,Certified 2ct VVS1 Round GH Moissanite Ring in Jewellery 18K Gold Plated,18K Gold Plated Vermeil / 5,,4200.00,5099.99,Yes
9920605323512,48966707806456,ACTIVE,Certified 2ct VVS1 Round GH Moissanite Ring in Jewellery 18K Gold Plated,18K Gold Plated Vermeil / 6,,4200.00,5099.99,Yes
9920605323512,48966707839224,ACTIVE,Certified 2ct VVS1 Round GH Moissanite Ring in Jewellery 18K Gold Plated,18K Gold Plated Vermeil / 8,,4200.00,5099.99,Yes
9920605323512,48966707871992,ACTIVE,Certified 2ct VVS1 Round GH Moissanite Ring in Jewellery 18K Gold Plated,18K Gold Plated Vermeil / 9,,4200.00,5099.99,Yes
9920605323512,48966707904760,ACTIVE,Certified 2ct VVS1 Round GH Moissanite Ring in Jewellery 18K Gold Plated,18K Gold Plated Vermeil / 10,,4200.00,5099.99,Yes
9920605389048,48966708330744,ACTIVE,Certified 1.50ct VVS1 Pink Moissanite Ring Birthday Gift Jewellery 18K Gold Plated Ve 18K Gold Plated,18K Gold Plated Vermeil / 7,GH-MOI-00938,4900.00,5899.99,Yes
9920605389048,48966708363512,ACTIVE,Certified 1.50ct VVS1 Pink Moissanite Ring Birthday Gift Jewellery 18K Gold Plated Ve 18K Gold Plated,18K Gold Plated Vermeil / 5,,4900.00,5899.99,Yes
9920605389048,48966708396280,ACTIVE,Certified 1.50ct VVS1 Pink Moissanite Ring Birthday Gift Jewellery 18K Gold Plated Ve 18K Gold Plated,18K Gold Plated Vermeil / 6,,4900.00,5899.99,Yes
9920605389048,48966708429048,ACTIVE,Certified 1.50ct VVS1 Pink Moissanite Ring Birthday Gift Jewellery 18K Gold Plated Ve 18K Gold Plated,18K Gold Plated Vermeil / 8,,4900.00,5899.99,Yes
9920605389048,48966708461816,ACTIVE,Certified 1.50ct VVS1 Pink Moissanite Ring Birthday Gift Jewellery 18K Gold Plated Ve 18K Gold Plated,18K Gold Plated Vermeil / 9,,4900.00,5899.99,Yes
9920605389048,48966708494584,ACTIVE,Certified 1.50ct VVS1 Pink Moissanite Ring Birthday Gift Jewellery 18K Gold Plated Ve 18K Gold Plated,18K Gold Plated Vermeil / 10,,4900.00,5899.99,Yes
9920605421816,48966708527352,ACTIVE,Certified 7.55ct VS1 Blue Moissanite Ring Fine Jewellery for Gift 18K Gold Plated Ver 18K Gold Plated,18K Gold Plated Vermeil / 7,GH-MOI-00937,4900.00,5899.99,Yes
9920605421816,48966708560120,ACTIVE,Certified 7.55ct VS1 Blue Moissanite Ring Fine Jewellery for Gift 18K Gold Plated Ver 18K Gold Plated,18K Gold Plated Vermeil / 5,,4900.00,5899.99,Yes
9920605421816,48966708592888,ACTIVE,Certified 7.55ct VS1 Blue Moissanite Ring Fine Jewellery for Gift 18K Gold Plated Ver 18K Gold Plated,18K Gold Plated Vermeil / 6,,4900.00,5899.99,Yes
9920605421816,48966708625656,ACTIVE,Certified 7.55ct VS1 Blue Moissanite Ring Fine Jewellery for Gift 18K Gold Plated Ver 18K Gold Plated,18K Gold Plated Vermeil / 8,,4900.00,5899.99,Yes
9920605421816,48966708658424,ACTIVE,Certified 7.55ct VS1 Blue Moissanite Ring Fine Jewellery for Gift 18K Gold Plated Ver 18K Gold Plated,18K Gold Plated Vermeil / 9,,4900.00,5899.99,Yes
9920605421816,48966708691192,ACTIVE,Certified 7.55ct VS1 Blue Moissanite Ring Fine Jewellery for Gift 18K Gold Plated Ver 18K Gold Plated,18K Gold Plated Vermeil / 10,,4900.00,5899.99,Yes
9920605487352,48966709117176,ACTIVE,Certified 1.99ct VS1 Blue Moissanite Ring Jewellery for Women Gift 18K Gold Plated Ve 18K Gold Plated,18K Gold Plated Vermeil / 7,GH-MOI-00936,2800.00,4199.99,Yes (raised to 4199.99 minimum)
9920605487352,48966709149944,ACTIVE,Certified 1.99ct VS1 Blue Moissanite Ring Jewellery for Women Gift 18K Gold Plated Ve 18K Gold Plated,18K Gold Plated Vermeil / 5,,2800.00,4199.99,Yes (raised to 4199.99 minimum)
9920605487352,48966709182712,ACTIVE,Certified 1.99ct VS1 Blue Moissanite Ring Jewellery for Women Gift 18K Gold Plated Ve 18K Gold Plated,18K Gold Plated Vermeil / 6,,2800.00,4199.99,Yes (raised to 4199.99 minimum)
9920605487352,48966709215480,ACTIVE,Certified 1.99ct VS1 Blue Moissanite Ring Jewellery for Women Gift 18K Gold Plated Ve 18K Gold Plated,18K Gold Plated Vermeil / 8,,2800.00,4199.99,Yes (raised to 4199.99 minimum)
9920605487352,48966709248248,ACTIVE,Certified 1.99ct VS1 Blue Moissanite Ring Jewellery for Women Gift 18K Gold Plated Ve 18K Gold Plated,18K Gold Plated Vermeil / 9,,2800.00,4199.99,Yes (raised to 4199.99 minimum)
9920605487352,48966709281016,ACTIVE,Certified 1.99ct VS1 Blue Moissanite Ring Jewellery for Women Gift 18K Gold Plated Ve 18K Gold Plated,18K Gold Plated Vermeil / 10,,2800.00,4199.99,Yes (raised to 4199.99 minimum)
9920605618424,48966709805304,ACTIVE,Certified 3ct VVS1 Shiny Pink Moissanite Ring in Jewellery for Love 18K Gold Plated V 18K Gold Plated,18K Gold Plated Vermeil / 7,GH-MOI-00935,7000.00,7000.00,No (reverted)
9920605618424,48966709838072,ACTIVE,Certified 3ct VVS1 Shiny Pink Moissanite Ring in Jewellery for Love 18K Gold Plated V 18K Gold Plated,18K Gold Plated Vermeil / 5,,7000.00,7000.00,No (reverted)
9920605618424,48966709870840,ACTIVE,Certified 3ct VVS1 Shiny Pink Moissanite Ring in Jewellery for Love 18K Gold Plated V 18K Gold Plated,18K Gold Plated Vermeil / 6,,7000.00,7000.00,No (reverted)
9920605618424,48966709903608,ACTIVE,Certified 3ct VVS1 Shiny Pink Moissanite Ring in Jewellery for Love 18K Gold Plated V 18K Gold Plated,18K Gold Plated Vermeil / 8,,7000.00,7000.00,No (reverted)
9920605618424,48966709936376,ACTIVE,Certified 3ct VVS1 Shiny Pink Moissanite Ring in Jewellery for Love 18K Gold Plated V 18K Gold Plated,18K Gold Plated Vermeil / 9,,7000.00,7000.00,No (reverted)
9920605618424,48966709969144,ACTIVE,Certified 3ct VVS1 Shiny Pink Moissanite Ring in Jewellery for Love 18K Gold Plated V 18K Gold Plated,18K Gold Plated Vermeil / 10,,7000.00,7000.00,No (reverted)
9920605683960,48966710395128,ACTIVE,Certified 7.75ct VS1 Blue Moissanite Ring for Love Gift 18K Gold Plated,18K Gold Plated Vermeil / 7,GH-MOI-00934,10500.00,10500.00,No (reverted)
9920605683960,48966710427896,ACTIVE,Certified 7.75ct VS1 Blue Moissanite Ring for Love Gift 18K Gold Plated,18K Gold Plated Vermeil / 5,,10500.00,10500.00,No (reverted)
9920605683960,48966710460664,ACTIVE,Certified 7.75ct VS1 Blue Moissanite Ring for Love Gift 18K Gold Plated,18K Gold Plated Vermeil / 6,,10500.00,10500.00,No (reverted)
9920605683960,48966710493432,ACTIVE,Certified 7.75ct VS1 Blue Moissanite Ring for Love Gift 18K Gold Plated,18K Gold Plated Vermeil / 8,,10500.00,10500.00,No (reverted)
9920605683960,48966710526200,ACTIVE,Certified 7.75ct VS1 Blue Moissanite Ring for Love Gift 18K Gold Plated,18K Gold Plated Vermeil / 9,,10500.00,10500.00,No (reverted)
9920605683960,48966710558968,ACTIVE,Certified 7.75ct VS1 Blue Moissanite Ring for Love Gift 18K Gold Plated,18K Gold Plated Vermeil / 10,,10500.00,10500.00,No (reverted)
9920605716728,48966710591736,ACTIVE,Certified 1.80ct VS1 Round Moissanite Ring for Women in 18K Gold Plated,18K Gold Plated Vermeil / 7,GH-MOI-00933,4200.00,5099.99,Yes
9920605716728,48966710624504,ACTIVE,Certified 1.80ct VS1 Round Moissanite Ring for Women in 18K Gold Plated,18K Gold Plated Vermeil / 5,,4200.00,5099.99,Yes
9920605716728,48966710657272,ACTIVE,Certified 1.80ct VS1 Round Moissanite Ring for Women in 18K Gold Plated,18K Gold Plated Vermeil / 6,,4200.00,5099.99,Yes
9920605716728,48966710690040,ACTIVE,Certified 1.80ct VS1 Round Moissanite Ring for Women in 18K Gold Plated,18K Gold Plated Vermeil / 8,,4200.00,5099.99,Yes
9920605716728,48966710722808,ACTIVE,Certified 1.80ct VS1 Round Moissanite Ring for Women in 18K Gold Plated,18K Gold Plated Vermeil / 9,,4200.00,5099.99,Yes
9920605716728,48966710755576,ACTIVE,Certified 1.80ct VS1 Round Moissanite Ring for Women in 18K Gold Plated,18K Gold Plated Vermeil / 10,,4200.00,5099.99,Yes
9920605782264,48966711181560,ACTIVE,Certified 3.40ct VS1 White Moissanite Ring Jewellery Anniversary Gift 18K Gold Plated,18K Gold Plated Vermeil / 7,GH-MOI-00932,4900.00,5899.99,Yes
9920605782264,48966711214328,ACTIVE,Certified 3.40ct VS1 White Moissanite Ring Jewellery Anniversary Gift 18K Gold Plated,18K Gold Plated Vermeil / 5,,4900.00,5899.99,Yes
9920605782264,48966711247096,ACTIVE,Certified 3.40ct VS1 White Moissanite Ring Jewellery Anniversary Gift 18K Gold Plated,18K Gold Plated Vermeil / 6,,4900.00,5899.99,Yes
9920605782264,48966711279864,ACTIVE,Certified 3.40ct VS1 White Moissanite Ring Jewellery Anniversary Gift 18K Gold Plated,18K Gold Plated Vermeil / 8,,4900.00,5899.99,Yes
9920605782264,48966711312632,ACTIVE,Certified 3.40ct VS1 White Moissanite Ring Jewellery Anniversary Gift 18K Gold Plated,18K Gold Plated Vermeil / 9,,4900.00,5899.99,Yes
9920605782264,48966711345400,ACTIVE,Certified 3.40ct VS1 White Moissanite Ring Jewellery Anniversary Gift 18K Gold Plated,18K Gold Plated Vermeil / 10,,4900.00,5899.99,Yes
9920605847800,48966712164600,ACTIVE,Certified 2.20ct VVS1 Pink Moissanite Solitaire Ring for Lover Gift 18K Gold Plated,18K Gold Plated Vermeil / 7,GH-MOI-00931,7000.00,7000.00,No (reverted)
9920605847800,48966712197368,ACTIVE,Certified 2.20ct VVS1 Pink Moissanite Solitaire Ring for Lover Gift 18K Gold Plated,18K Gold Plated Vermeil / 5,,7000.00,7000.00,No (reverted)
9920605847800,48966712230136,ACTIVE,Certified 2.20ct VVS1 Pink Moissanite Solitaire Ring for Lover Gift 18K Gold Plated,18K Gold Plated Vermeil / 6,,7000.00,7000.00,No (reverted)
9920605847800,48966712262904,ACTIVE,Certified 2.20ct VVS1 Pink Moissanite Solitaire Ring for Lover Gift 18K Gold Plated,18K Gold Plated Vermeil / 8,,7000.00,7000.00,No (reverted)
9920605847800,48966712295672,ACTIVE,Certified 2.20ct VVS1 Pink Moissanite Solitaire Ring for Lover Gift 18K Gold Plated,18K Gold Plated Vermeil / 9,,7000.00,7000.00,No (reverted)
9920605847800,48966712328440,ACTIVE,Certified 2.20ct VVS1 Pink Moissanite Solitaire Ring for Lover Gift 18K Gold Plated,18K Gold Plated Vermeil / 10,,7000.00,7000.00,No (reverted)
9920605946104,48966712754424,ACTIVE,Certified 8.75ct VS1 White Moissanite Ring Jewellery for Christmas 18K Gold Plated Ve 18K Gold Plated,18K Gold Plated Vermeil / 7,GH-MOI-00930,12600.00,12600.00,No (reverted)
9920605946104,48966712787192,ACTIVE,Certified 8.75ct VS1 White Moissanite Ring Jewellery for Christmas 18K Gold Plated Ve 18K Gold Plated,18K Gold Plated Vermeil / 5,,12600.00,12600.00,No (reverted)
9920605946104,48966712819960,ACTIVE,Certified 8.75ct VS1 White Moissanite Ring Jewellery for Christmas 18K Gold Plated Ve 18K Gold Plated,18K Gold Plated Vermeil / 6,,12600.00,12600.00,No (reverted)
9920605946104,48966712852728,ACTIVE,Certified 8.75ct VS1 White Moissanite Ring Jewellery for Christmas 18K Gold Plated Ve 18K Gold Plated,18K Gold Plated Vermeil / 8,,12600.00,12600.00,No (reverted)
9920605946104,48966712885496,ACTIVE,Certified 8.75ct VS1 White Moissanite Ring Jewellery for Christmas 18K Gold Plated Ve 18K Gold Plated,18K Gold Plated Vermeil / 9,,12600.00,12600.00,No (reverted)
9920605946104,48966712918264,ACTIVE,Certified 8.75ct VS1 White Moissanite Ring Jewellery for Christmas 18K Gold Plated Ve 18K Gold Plated,18K Gold Plated Vermeil / 10,,12600.00,12600.00,No (reverted)
9920605978872,48966712951032,ACTIVE,Certified 4.45ct VS1 Radiant White Moissanite Ring for Gift Use 18K Gold Plated Ver 18K Gold Plated,18K Gold Plated Vermeil / 7,GH-MOI-00929,6300.00,6300.00,No (reverted)
9920605978872,48966712983800,ACTIVE,Certified 4.45ct VS1 Radiant White Moissanite Ring for Gift Use 18K Gold Plated Ver 18K Gold Plated,18K Gold Plated Vermeil / 5,,6300.00,6300.00,No (reverted)
9920605978872,48966713016568,ACTIVE,Certified 4.45ct VS1 Radiant White Moissanite Ring for Gift Use 18K Gold Plated Ver 18K Gold Plated,18K Gold Plated Vermeil / 6,,6300.00,6300.00,No (reverted)
9920605978872,48966713049336,ACTIVE,Certified 4.45ct VS1 Radiant White Moissanite Ring for Gift Use 18K Gold Plated Ver 18K Gold Plated,18K Gold Plated Vermeil / 8,,6300.00,6300.00,No (reverted)
9920605978872,48966713082104,ACTIVE,Certified 4.45ct VS1 Radiant White Moissanite Ring for Gift Use 18K Gold Plated Ver 18K Gold Plated,18K Gold Plated Vermeil / 9,,6300.00,6300.00,No (reverted)
9920605978872,48966713114872,ACTIVE,Certified 4.45ct VS1 Radiant White Moissanite Ring for Gift Use 18K Gold Plated Ver 18K Gold Plated,18K Gold Plated Vermeil / 10,,6300.00,6300.00,No (reverted)
9920606142712,48966714065144,ACTIVE,Certified 2.35ct VS1 Blue Moissanite Ring Fine Jewellery for Women 18K Gold Plated Ve 18K Gold Plated,18K Gold Plated Vermeil / 7,GH-MOI-00928,2800.00,4199.99,Yes (raised to 4199.99 minimum)
9920606142712,48966714097912,ACTIVE,Certified 2.35ct VS1 Blue Moissanite Ring Fine Jewellery for Women 18K Gold Plated Ve 18K Gold Plated,18K Gold Plated Vermeil / 5,,2800.00,4199.99,Yes (raised to 4199.99 minimum)
9920606142712,48966714130680,ACTIVE,Certified 2.35ct VS1 Blue Moissanite Ring Fine Jewellery for Women 18K Gold Plated Ve 18K Gold Plated,18K Gold Plated Vermeil / 6,,2800.00,4199.99,Yes (raised to 4199.99 minimum)
9920606142712,48966714163448,ACTIVE,Certified 2.35ct VS1 Blue Moissanite Ring Fine Jewellery for Women 18K Gold Plated Ve 18K Gold Plated,18K Gold Plated Vermeil / 8,,2800.00,4199.99,Yes (raised to 4199.99 minimum)
9920606142712,48966714196216,ACTIVE,Certified 2.35ct VS1 Blue Moissanite Ring Fine Jewellery for Women 18K Gold Plated Ve 18K Gold Plated,18K Gold Plated Vermeil / 9,,2800.00,4199.99,Yes (raised to 4199.99 minimum)
9920606142712,48966714228984,ACTIVE,Certified 2.35ct VS1 Blue Moissanite Ring Fine Jewellery for Women 18K Gold Plated Ve 18K Gold Plated,18K Gold Plated Vermeil / 10,,2800.00,4199.99,Yes (raised to 4199.99 minimum)
9920606241016,48966714654968,ACTIVE,Certified 4.80ct VS1 Princess Cut White Moissanite Solitaire Ring 18K Gold Plated V 18K Gold Plated,18K Gold Plated Vermeil / 7,GH-MOI-00927,7000.00,7000.00,No (reverted)
9920606241016,48966714687736,ACTIVE,Certified 4.80ct VS1 Princess Cut White Moissanite Solitaire Ring 18K Gold Plated V 18K Gold Plated,18K Gold Plated Vermeil / 5,,7000.00,7000.00,No (reverted)
9920606241016,48966714720504,ACTIVE,Certified 4.80ct VS1 Princess Cut White Moissanite Solitaire Ring 18K Gold Plated V 18K Gold Plated,18K Gold Plated Vermeil / 6,,7000.00,7000.00,No (reverted)
9920606241016,48966714753272,ACTIVE,Certified 4.80ct VS1 Princess Cut White Moissanite Solitaire Ring 18K Gold Plated V 18K Gold Plated,18K Gold Plated Vermeil / 8,,7000.00,7000.00,No (reverted)
9920606241016,48966714786040,ACTIVE,Certified 4.80ct VS1 Princess Cut White Moissanite Solitaire Ring 18K Gold Plated V 18K Gold Plated,18K Gold Plated Vermeil / 9,,7000.00,7000.00,No (reverted)
9920606241016,48966714818808,ACTIVE,Certified 4.80ct VS1 Princess Cut White Moissanite Solitaire Ring 18K Gold Plated V 18K Gold Plated,18K Gold Plated Vermeil / 10,,7000.00,7000.00,No (reverted)
9920606306552,48966715179256,ACTIVE,Certified 2.50ct VVS1 Pink Moissanite Ring Jewellery Birthday Gift 18K Gold Plated Ve 18K Gold Plated,18K Gold Plated Vermeil / 7,GH-MOI-00926,7700.00,7700.00,No (reverted)
9920606306552,48966715212024,ACTIVE,Certified 2.50ct VVS1 Pink Moissanite Ring Jewellery Birthday Gift 18K Gold Plated Ve 18K Gold Plated,18K Gold Plated Vermeil / 5,,7700.00,7700.00,No (reverted)
9920606306552,48966715244792,ACTIVE,Certified 2.50ct VVS1 Pink Moissanite Ring Jewellery Birthday Gift 18K Gold Plated Ve 18K Gold Plated,18K Gold Plated Vermeil / 6,,7700.00,7700.00,No (reverted)
9920606306552,48966715277560,ACTIVE,Certified 2.50ct VVS1 Pink Moissanite Ring Jewellery Birthday Gift 18K Gold Plated Ve 18K Gold Plated,18K Gold Plated Vermeil / 8,,7700.00,7700.00,No (reverted)
9920606306552,48966715310328,ACTIVE,Certified 2.50ct VVS1 Pink Moissanite Ring Jewellery Birthday Gift 18K Gold Plated Ve 18K Gold Plated,18K Gold Plated Vermeil / 9,,7700.00,7700.00,No (reverted)
9920606306552,48966715343096,ACTIVE,Certified 2.50ct VVS1 Pink Moissanite Ring Jewellery Birthday Gift 18K Gold Plated Ve 18K Gold Plated,18K Gold Plated Vermeil / 10,,7700.00,7700.00,No (reverted)
9920606404856,48966717604088,ACTIVE,Certified 4.25ct VVS1 Round Pink Moissanite Ring Gift for Women 18K Gold Plated Ver 18K Gold Plated,18K Gold Plated Vermeil / 7,GH-MOI-00925,7000.00,7000.00,No (reverted)
9920606404856,48966717636856,ACTIVE,Certified 4.25ct VVS1 Round Pink Moissanite Ring Gift for Women 18K Gold Plated Ver 18K Gold Plated,18K Gold Plated Vermeil / 5,,7000.00,7000.00,No (reverted)
9920606404856,48966717669624,ACTIVE,Certified 4.25ct VVS1 Round Pink Moissanite Ring Gift for Women 18K Gold Plated Ver 18K Gold Plated,18K Gold Plated Vermeil / 6,,7000.00,7000.00,No (reverted)
9920606404856,48966717702392,ACTIVE,Certified 4.25ct VVS1 Round Pink Moissanite Ring Gift for Women 18K Gold Plated Ver 18K Gold Plated,18K Gold Plated Vermeil / 8,,7000.00,7000.00,No (reverted)
9920606404856,48966717735160,ACTIVE,Certified 4.25ct VVS1 Round Pink Moissanite Ring Gift for Women 18K Gold Plated Ver 18K Gold Plated,18K Gold Plated Vermeil / 9,,7000.00,7000.00,No (reverted)
9920606404856,48966717767928,ACTIVE,Certified 4.25ct VVS1 Round Pink Moissanite Ring Gift for Women 18K Gold Plated Ver 18K Gold Plated,18K Gold Plated Vermeil / 10,,7000.00,7000.00,No (reverted)
9920606503160,48966718226680,ACTIVE,Certified 7.30 ct DEW Round Cut Moissanite Ring in for Women 18K Gold Plated,18K Gold Plated Vermeil / 7,GH-MOI-00924,4900.00,5899.99,Yes
9920606503160,48966718259448,ACTIVE,Certified 7.30 ct DEW Round Cut Moissanite Ring in for Women 18K Gold Plated,18K Gold Plated Vermeil / 5,,4900.00,5899.99,Yes
9920606503160,48966718292216,ACTIVE,Certified 7.30 ct DEW Round Cut Moissanite Ring in for Women 18K Gold Plated,18K Gold Plated Vermeil / 6,,4900.00,5899.99,Yes
9920606503160,48966718324984,ACTIVE,Certified 7.30 ct DEW Round Cut Moissanite Ring in for Women 18K Gold Plated,18K Gold Plated Vermeil / 8,,4900.00,5899.99,Yes
9920606503160,48966718357752,ACTIVE,Certified 7.30 ct DEW Round Cut Moissanite Ring in for Women 18K Gold Plated,18K Gold Plated Vermeil / 9,,4900.00,5899.99,Yes
9920606503160,48966718390520,ACTIVE,Certified 7.30 ct DEW Round Cut Moissanite Ring in for Women 18K Gold Plated,18K Gold Plated Vermeil / 10,,4900.00,5899.99,Yes
9920606601464,48966718882040,ACTIVE,Certified 2.4 ct DEW Trillion Pink Moissanite Ring in Solitaire 18K Gold Plated,18K Gold Plated Vermeil / 7,GH-MOI-00923,7000.00,7000.00,No (reverted)
9920606601464,48966718914808,ACTIVE,Certified 2.4 ct DEW Trillion Pink Moissanite Ring in Solitaire 18K Gold Plated,18K Gold Plated Vermeil / 5,,7000.00,7000.00,No (reverted)
9920606601464,48966718947576,ACTIVE,Certified 2.4 ct DEW Trillion Pink Moissanite Ring in Solitaire 18K Gold Plated,18K Gold Plated Vermeil / 6,,7000.00,7000.00,No (reverted)
9920606601464,48966718980344,ACTIVE,Certified 2.4 ct DEW Trillion Pink Moissanite Ring in Solitaire 18K Gold Plated,18K Gold Plated Vermeil / 8,,7000.00,7000.00,No (reverted)
9920606601464,48966719013112,ACTIVE,Certified 2.4 ct DEW Trillion Pink Moissanite Ring in Solitaire 18K Gold Plated,18K Gold Plated Vermeil / 9,,7000.00,7000.00,No (reverted)
9920606601464,48966719045880,ACTIVE,Certified 2.4 ct DEW Trillion Pink Moissanite Ring in Solitaire 18K Gold Plated,18K Gold Plated Vermeil / 10,,7000.00,7000.00,No (reverted)
9920606699768,48966719373560,ACTIVE,Certified 5.15 ct DEW Round Blue Moissanite Ring in for Wedding 18K Gold Plated,18K Gold Plated Vermeil / 7,GH-MOI-00922,7000.00,7000.00,No (reverted)
9920606699768,48966719406328,ACTIVE,Certified 5.15 ct DEW Round Blue Moissanite Ring in for Wedding 18K Gold Plated,18K Gold Plated Vermeil / 5,,7000.00,7000.00,No (reverted)
9920606699768,48966719439096,ACTIVE,Certified 5.15 ct DEW Round Blue Moissanite Ring in for Wedding 18K Gold Plated,18K Gold Plated Vermeil / 6,,7000.00,7000.00,No (reverted)
9920606699768,48966719471864,ACTIVE,Certified 5.15 ct DEW Round Blue Moissanite Ring in for Wedding 18K Gold Plated,18K Gold Plated Vermeil / 8,,7000.00,7000.00,No (reverted)
9920606699768,48966719504632,ACTIVE,Certified 5.15 ct DEW Round Blue Moissanite Ring in for Wedding 18K Gold Plated,18K Gold Plated Vermeil / 9,,7000.00,7000.00,No (reverted)
9920606699768,48966719537400,ACTIVE,Certified 5.15 ct DEW Round Blue Moissanite Ring in for Wedding 18K Gold Plated,18K Gold Plated Vermeil / 10,,7000.00,7000.00,No (reverted)
9920606765304,48966719963384,ACTIVE,Certified 2.60 ct DEW Pink Moissanite Solitaire Ring in Gift 18K Gold Plated,18K Gold Plated Vermeil / 7,GH-MOI-00921,7700.00,7700.00,No (reverted)
9920606765304,48966719996152,ACTIVE,Certified 2.60 ct DEW Pink Moissanite Solitaire Ring in Gift 18K Gold Plated,18K Gold Plated Vermeil / 5,,7700.00,7700.00,No (reverted)
9920606765304,48966720028920,ACTIVE,Certified 2.60 ct DEW Pink Moissanite Solitaire Ring in Gift 18K Gold Plated,18K Gold Plated Vermeil / 6,,7700.00,7700.00,No (reverted)
9920606765304,48966720061688,ACTIVE,Certified 2.60 ct DEW Pink Moissanite Solitaire Ring in Gift 18K Gold Plated,18K Gold Plated Vermeil / 8,,7700.00,7700.00,No (reverted)
9920606765304,48966720094456,ACTIVE,Certified 2.60 ct DEW Pink Moissanite Solitaire Ring in Gift 18K Gold Plated,18K Gold Plated Vermeil / 9,,7700.00,7700.00,No (reverted)
9920606765304,48966720127224,ACTIVE,Certified 2.60 ct DEW Pink Moissanite Solitaire Ring in Gift 18K Gold Plated,18K Gold Plated Vermeil / 10,,7700.00,7700.00,No (reverted)
9920606830840,48966720258296,ACTIVE,Certified 2 ct DEW Pink Moissanite Solitaire Ring in for Wife 18K Gold Plated,18K Gold Plated Vermeil / 7,GH-MOI-00920,6300.00,6300.00,No (reverted)
9920606830840,48966720291064,ACTIVE,Certified 2 ct DEW Pink Moissanite Solitaire Ring in for Wife 18K Gold Plated,18K Gold Plated Vermeil / 5,,6300.00,6300.00,No (reverted)
9920606830840,48966720323832,ACTIVE,Certified 2 ct DEW Pink Moissanite Solitaire Ring in for Wife 18K Gold Plated,18K Gold Plated Vermeil / 6,,6300.00,6300.00,No (reverted)
9920606830840,48966720356600,ACTIVE,Certified 2 ct DEW Pink Moissanite Solitaire Ring in for Wife 18K Gold Plated,18K Gold Plated Vermeil / 8,,6300.00,6300.00,No (reverted)
9920606830840,48966720389368,ACTIVE,Certified 2 ct DEW Pink Moissanite Solitaire Ring in for Wife 18K Gold Plated,18K Gold Plated Vermeil / 9,,6300.00,6300.00,No (reverted)
9920606830840,48966720422136,ACTIVE,Certified 2 ct DEW Pink Moissanite Solitaire Ring in for Wife 18K Gold Plated,18K Gold Plated Vermeil / 10,,6300.00,6300.00,No (reverted)
9920606929144,48966720913656,ACTIVE,Certified 5.40 ct DEW Princess Cut Moissanite Ring in 18K Gold Plated,18K Gold Plated Vermeil / 7,GH-MOI-00919,7700.00,7700.00,No (reverted)
9920606929144,48966720946424,ACTIVE,Certified 5.40 ct DEW Princess Cut Moissanite Ring in 18K Gold Plated,18K Gold Plated Vermeil / 5,,7700.00,7700.00,No (reverted)
9920606929144,48966720979192,ACTIVE,Certified 5.40 ct DEW Princess Cut Moissanite Ring in 18K Gold Plated,18K Gold Plated Vermeil / 6,,7700.00,7700.00,No (reverted)
9920606929144,48966721011960,ACTIVE,Certified 5.40 ct DEW Princess Cut Moissanite Ring in 18K Gold Plated,18K Gold Plated Vermeil / 8,,7700.00,7700.00,No (reverted)
9920606929144,48966721044728,ACTIVE,Certified 5.40 ct DEW Princess Cut Moissanite Ring in 18K Gold Plated,18K Gold Plated Vermeil / 9,,7700.00,7700.00,No (reverted)
9920606929144,48966721077496,ACTIVE,Certified 5.40 ct DEW Princess Cut Moissanite Ring in 18K Gold Plated,18K Gold Plated Vermeil / 10,,7700.00,7700.00,No (reverted)
9920606994680,48966721503480,ACTIVE,Certified 7.25 ct DEW Blue Moissanite Solitaire Ring in for Love 18K Gold Plated,18K Gold Plated Vermeil / 7,GH-MOI-00918,5600.00,6799.99,Yes
9920606994680,48966721536248,ACTIVE,Certified 7.25 ct DEW Blue Moissanite Solitaire Ring in for Love 18K Gold Plated,18K Gold Plated Vermeil / 5,,5600.00,6799.99,Yes
9920606994680,48966721569016,ACTIVE,Certified 7.25 ct DEW Blue Moissanite Solitaire Ring in for Love 18K Gold Plated,18K Gold Plated Vermeil / 6,,5600.00,6799.99,Yes
9920606994680,48966721601784,ACTIVE,Certified 7.25 ct DEW Blue Moissanite Solitaire Ring in for Love 18K Gold Plated,18K Gold Plated Vermeil / 8,,5600.00,6799.99,Yes
9920606994680,48966721634552,ACTIVE,Certified 7.25 ct DEW Blue Moissanite Solitaire Ring in for Love 18K Gold Plated,18K Gold Plated Vermeil / 9,,5600.00,6799.99,Yes
9920606994680,48966721667320,ACTIVE,Certified 7.25 ct DEW Blue Moissanite Solitaire Ring in for Love 18K Gold Plated,18K Gold Plated Vermeil / 10,,5600.00,6799.99,Yes
9920607060216,48966721765624,ACTIVE,Certified 4 ct DEW Emerald Cut Moissanite Solitaire Ring in 18K Gold Plated,18K Gold Plated Vermeil / 7,GH-MOI-00917,5600.00,6799.99,Yes
9920607060216,48966721798392,ACTIVE,Certified 4 ct DEW Emerald Cut Moissanite Solitaire Ring in 18K Gold Plated,18K Gold Plated Vermeil / 5,,5600.00,6799.99,Yes
9920607060216,48966721831160,ACTIVE,Certified 4 ct DEW Emerald Cut Moissanite Solitaire Ring in 18K Gold Plated,18K Gold Plated Vermeil / 6,,5600.00,6799.99,Yes
9920607060216,48966721863928,ACTIVE,Certified 4 ct DEW Emerald Cut Moissanite Solitaire Ring in 18K Gold Plated,18K Gold Plated Vermeil / 8,,5600.00,6799.99,Yes
9920607060216,48966721896696,ACTIVE,Certified 4 ct DEW Emerald Cut Moissanite Solitaire Ring in 18K Gold Plated,18K Gold Plated Vermeil / 9,,5600.00,6799.99,Yes
9920607060216,48966721929464,ACTIVE,Certified 4 ct DEW Emerald Cut Moissanite Solitaire Ring in 18K Gold Plated,18K Gold Plated Vermeil / 10,,5600.00,6799.99,Yes
9920607125752,48966722355448,ACTIVE,Certified 4.10 ct DEW Cushion Cut Moissanite Ring in for Women 18K Gold Plated,18K Gold Plated Vermeil / 7,GH-MOI-00916,9100.00,9100.00,No (reverted)
9920607125752,48966722388216,ACTIVE,Certified 4.10 ct DEW Cushion Cut Moissanite Ring in for Women 18K Gold Plated,18K Gold Plated Vermeil / 5,,9100.00,9100.00,No (reverted)
9920607125752,48966722420984,ACTIVE,Certified 4.10 ct DEW Cushion Cut Moissanite Ring in for Women 18K Gold Plated,18K Gold Plated Vermeil / 6,,9100.00,9100.00,No (reverted)
9920607125752,48966722453752,ACTIVE,Certified 4.10 ct DEW Cushion Cut Moissanite Ring in for Women 18K Gold Plated,18K Gold Plated Vermeil / 8,,9100.00,9100.00,No (reverted)
9920607125752,48966722486520,ACTIVE,Certified 4.10 ct DEW Cushion Cut Moissanite Ring in for Women 18K Gold Plated,18K Gold Plated Vermeil / 9,,9100.00,9100.00,No (reverted)
9920607125752,48966722519288,ACTIVE,Certified 4.10 ct DEW Cushion Cut Moissanite Ring in for Women 18K Gold Plated,18K Gold Plated Vermeil / 10,,9100.00,9100.00,No (reverted)
9920607191288,48966722945272,ACTIVE,Certified 5.5 ct DEW Cushion Cut Moissanite Solitaire Ring in 18K Gold Plated,18K Gold Plated Vermeil / 7,GH-MOI-00915,4900.00,5899.99,Yes
9920607191288,48966722978040,ACTIVE,Certified 5.5 ct DEW Cushion Cut Moissanite Solitaire Ring in 18K Gold Plated,18K Gold Plated Vermeil / 5,,4900.00,5899.99,Yes
9920607191288,48966723010808,ACTIVE,Certified 5.5 ct DEW Cushion Cut Moissanite Solitaire Ring in 18K Gold Plated,18K Gold Plated Vermeil / 6,,4900.00,5899.99,Yes
9920607191288,48966723043576,ACTIVE,Certified 5.5 ct DEW Cushion Cut Moissanite Solitaire Ring in 18K Gold Plated,18K Gold Plated Vermeil / 8,,4900.00,5899.99,Yes
9920607191288,48966723076344,ACTIVE,Certified 5.5 ct DEW Cushion Cut Moissanite Solitaire Ring in 18K Gold Plated,18K Gold Plated Vermeil / 9,,4900.00,5899.99,Yes
9920607191288,48966723109112,ACTIVE,Certified 5.5 ct DEW Cushion Cut Moissanite Solitaire Ring in 18K Gold Plated,18K Gold Plated Vermeil / 10,,4900.00,5899.99,Yes
9920607224056,48966723174648,ACTIVE,Certified 7.5 ct DEW Blue Moissanite Ring in for Anniversary 18K Gold Plated,18K Gold Plated Vermeil / 7,GH-MOI-00914,10500.00,10500.00,No (reverted)
9920607224056,48966723207416,ACTIVE,Certified 7.5 ct DEW Blue Moissanite Ring in for Anniversary 18K Gold Plated,18K Gold Plated Vermeil / 5,,10500.00,10500.00,No (reverted)
9920607224056,48966723240184,ACTIVE,Certified 7.5 ct DEW Blue Moissanite Ring in for Anniversary 18K Gold Plated,18K Gold Plated Vermeil / 6,,10500.00,10500.00,No (reverted)
9920607224056,48966723272952,ACTIVE,Certified 7.5 ct DEW Blue Moissanite Ring in for Anniversary 18K Gold Plated,18K Gold Plated Vermeil / 8,,10500.00,10500.00,No (reverted)
9920607224056,48966723305720,ACTIVE,Certified 7.5 ct DEW Blue Moissanite Ring in for Anniversary 18K Gold Plated,18K Gold Plated Vermeil / 9,,10500.00,10500.00,No (reverted)
9920607224056,48966723338488,ACTIVE,Certified 7.5 ct DEW Blue Moissanite Ring in for Anniversary 18K Gold Plated,18K Gold Plated Vermeil / 10,,10500.00,10500.00,No (reverted)
9920607289592,48966723764472,ACTIVE,Certified 5.25 ct DEW Moissanite Solitaire Ring in Anniversary 18K Gold Plated,18K Gold Plated Vermeil / 7,GH-MOI-00913,4900.00,5899.99,Yes
9920607289592,48966723797240,ACTIVE,Certified 5.25 ct DEW Moissanite Solitaire Ring in Anniversary 18K Gold Plated,18K Gold Plated Vermeil / 5,,4900.00,5899.99,Yes
9920607289592,48966723830008,ACTIVE,Certified 5.25 ct DEW Moissanite Solitaire Ring in Anniversary 18K Gold Plated,18K Gold Plated Vermeil / 6,,4900.00,5899.99,Yes
9920607289592,48966723862776,ACTIVE,Certified 5.25 ct DEW Moissanite Solitaire Ring in Anniversary 18K Gold Plated,18K Gold Plated Vermeil / 8,,4900.00,5899.99,Yes
9920607289592,48966723895544,ACTIVE,Certified 5.25 ct DEW Moissanite Solitaire Ring in Anniversary 18K Gold Plated,18K Gold Plated Vermeil / 9,,4900.00,5899.99,Yes
9920607289592,48966723928312,ACTIVE,Certified 5.25 ct DEW Moissanite Solitaire Ring in Anniversary 18K Gold Plated,18K Gold Plated Vermeil / 10,,4900.00,5899.99,Yes
9920607355128,48966724387064,ACTIVE,Certified 1.2 ct DEW Pink Moissanite Ring in Gift for Her Love 18K Gold Plated,18K Gold Plated Vermeil / 7,GH-MOI-00912,4900.00,5899.99,Yes
9920607355128,48966724419832,ACTIVE,Certified 1.2 ct DEW Pink Moissanite Ring in Gift for Her Love 18K Gold Plated,18K Gold Plated Vermeil / 5,,4900.00,5899.99,Yes
9920607355128,48966724452600,ACTIVE,Certified 1.2 ct DEW Pink Moissanite Ring in Gift for Her Love 18K Gold Plated,18K Gold Plated Vermeil / 6,,4900.00,5899.99,Yes
9920607355128,48966724485368,ACTIVE,Certified 1.2 ct DEW Pink Moissanite Ring in Gift for Her Love 18K Gold Plated,18K Gold Plated Vermeil / 8,,4900.00,5899.99,Yes
9920607355128,48966724518136,ACTIVE,Certified 1.2 ct DEW Pink Moissanite Ring in Gift for Her Love 18K Gold Plated,18K Gold Plated Vermeil / 9,,4900.00,5899.99,Yes
9920607355128,48966724550904,ACTIVE,Certified 1.2 ct DEW Pink Moissanite Ring in Gift for Her Love 18K Gold Plated,18K Gold Plated Vermeil / 10,,4900.00,5899.99,Yes
9920607420664,48966724616440,ACTIVE,Certified 2.50 ct DEW Pink Moissanite Ring in Jewellery for Wife 18K Gold Plated,18K Gold Plated Vermeil / 7,GH-MOI-00911,7000.00,7000.00,No (reverted)
9920607420664,48966724649208,ACTIVE,Certified 2.50 ct DEW Pink Moissanite Ring in Jewellery for Wife 18K Gold Plated,18K Gold Plated Vermeil / 5,,7000.00,7000.00,No (reverted)
9920607420664,48966724681976,ACTIVE,Certified 2.50 ct DEW Pink Moissanite Ring in Jewellery for Wife 18K Gold Plated,18K Gold Plated Vermeil / 6,,7000.00,7000.00,No (reverted)
9920607420664,48966724714744,ACTIVE,Certified 2.50 ct DEW Pink Moissanite Ring in Jewellery for Wife 18K Gold Plated,18K Gold Plated Vermeil / 8,,7000.00,7000.00,No (reverted)
9920607420664,48966724747512,ACTIVE,Certified 2.50 ct DEW Pink Moissanite Ring in Jewellery for Wife 18K Gold Plated,18K Gold Plated Vermeil / 9,,7000.00,7000.00,No (reverted)
9920607420664,48966724780280,ACTIVE,Certified 2.50 ct DEW Pink Moissanite Ring in Jewellery for Wife 18K Gold Plated,18K Gold Plated Vermeil / 10,,7000.00,7000.00,No (reverted)
9920607486200,48966725206264,ACTIVE,Certified 5.2 ct DEW Radiant Cut Moissanite Ring in 18K Gold Plated,18K Gold Plated Vermeil / 7,GH-MOI-00910,4900.00,5899.99,Yes
9920607486200,48966725239032,ACTIVE,Certified 5.2 ct DEW Radiant Cut Moissanite Ring in 18K Gold Plated,18K Gold Plated Vermeil / 5,,4900.00,5899.99,Yes
9920607486200,48966725271800,ACTIVE,Certified 5.2 ct DEW Radiant Cut Moissanite Ring in 18K Gold Plated,18K Gold Plated Vermeil / 6,,4900.00,5899.99,Yes
9920607486200,48966725304568,ACTIVE,Certified 5.2 ct DEW Radiant Cut Moissanite Ring in 18K Gold Plated,18K Gold Plated Vermeil / 8,,4900.00,5899.99,Yes
9920607486200,48966725337336,ACTIVE,Certified 5.2 ct DEW Radiant Cut Moissanite Ring in 18K Gold Plated,18K Gold Plated Vermeil / 9,,4900.00,5899.99,Yes
9920607486200,48966725370104,ACTIVE,Certified 5.2 ct DEW Radiant Cut Moissanite Ring in 18K Gold Plated,18K Gold Plated Vermeil / 10,,4900.00,5899.99,Yes
9920607584504,48966725828856,ACTIVE,Certified 4.5 ct DEW Radiant Cut Moissanite Solitaire Ring in 18K Gold Plated,18K Gold Plated Vermeil / 7,GH-MOI-00909,6300.00,6300.00,No (reverted)
9920607584504,48966725861624,ACTIVE,Certified 4.5 ct DEW Radiant Cut Moissanite Solitaire Ring in 18K Gold Plated,18K Gold Plated Vermeil / 5,,6300.00,6300.00,No (reverted)
9920607584504,48966725894392,ACTIVE,Certified 4.5 ct DEW Radiant Cut Moissanite Solitaire Ring in 18K Gold Plated,18K Gold Plated Vermeil / 6,,6300.00,6300.00,No (reverted)
9920607584504,48966725927160,ACTIVE,Certified 4.5 ct DEW Radiant Cut Moissanite Solitaire Ring in 18K Gold Plated,18K Gold Plated Vermeil / 8,,6300.00,6300.00,No (reverted)
9920607584504,48966725959928,ACTIVE,Certified 4.5 ct DEW Radiant Cut Moissanite Solitaire Ring in 18K Gold Plated,18K Gold Plated Vermeil / 9,,6300.00,6300.00,No (reverted)
9920607584504,48966725992696,ACTIVE,Certified 4.5 ct DEW Radiant Cut Moissanite Solitaire Ring in 18K Gold Plated,18K Gold Plated Vermeil / 10,,6300.00,6300.00,No (reverted)
9920607650040,48966728057080,ACTIVE,Certified 3.65 ct DEW Moissanite Solitaire Ring in Jewellery Gift 18K Gold Plated,18K Gold Plated Vermeil / 7,GH-MOI-00908,4900.00,5899.99,Yes
9920607650040,48966728089848,ACTIVE,Certified 3.65 ct DEW Moissanite Solitaire Ring in Jewellery Gift 18K Gold Plated,18K Gold Plated Vermeil / 5,,4900.00,5899.99,Yes
9920607650040,48966728122616,ACTIVE,Certified 3.65 ct DEW Moissanite Solitaire Ring in Jewellery Gift 18K Gold Plated,18K Gold Plated Vermeil / 6,,4900.00,5899.99,Yes
9920607650040,48966728155384,ACTIVE,Certified 3.65 ct DEW Moissanite Solitaire Ring in Jewellery Gift 18K Gold Plated,18K Gold Plated Vermeil / 8,,4900.00,5899.99,Yes
9920607650040,48966728188152,ACTIVE,Certified 3.65 ct DEW Moissanite Solitaire Ring in Jewellery Gift 18K Gold Plated,18K Gold Plated Vermeil / 9,,4900.00,5899.99,Yes
9920607650040,48966728220920,ACTIVE,Certified 3.65 ct DEW Moissanite Solitaire Ring in Jewellery Gift 18K Gold Plated,18K Gold Plated Vermeil / 10,,4900.00,5899.99,Yes
9920607682808,48966728253688,ACTIVE,Certified 7 ct DEW Cushion Cut Moissanite Ring in for Birthday 18K Gold Plated,18K Gold Plated Vermeil / 7,GH-MOI-00907,5600.00,6799.99,Yes
9920607682808,48966728286456,ACTIVE,Certified 7 ct DEW Cushion Cut Moissanite Ring in for Birthday 18K Gold Plated,18K Gold Plated Vermeil / 5,,5600.00,6799.99,Yes
9920607682808,48966728319224,ACTIVE,Certified 7 ct DEW Cushion Cut Moissanite Ring in for Birthday 18K Gold Plated,18K Gold Plated Vermeil / 6,,5600.00,6799.99,Yes
9920607682808,48966728351992,ACTIVE,Certified 7 ct DEW Cushion Cut Moissanite Ring in for Birthday 18K Gold Plated,18K Gold Plated Vermeil / 8,,5600.00,6799.99,Yes
9920607682808,48966728384760,ACTIVE,Certified 7 ct DEW Cushion Cut Moissanite Ring in for Birthday 18K Gold Plated,18K Gold Plated Vermeil / 9,,5600.00,6799.99,Yes
9920607682808,48966728417528,ACTIVE,Certified 7 ct DEW Cushion Cut Moissanite Ring in for Birthday 18K Gold Plated,18K Gold Plated Vermeil / 10,,5600.00,6799.99,Yes
9920607781112,48966728909048,ACTIVE,Certified 5.75 ct DEW Moissanite Solitaire Ring in Gift 18K Gold Plated,18K Gold Plated Vermeil / 7,GH-MOI-00906,7700.00,7700.00,No (reverted)
9920607781112,48966728941816,ACTIVE,Certified 5.75 ct DEW Moissanite Solitaire Ring in Gift 18K Gold Plated,18K Gold Plated Vermeil / 5,,7700.00,7700.00,No (reverted)
9920607781112,48966728974584,ACTIVE,Certified 5.75 ct DEW Moissanite Solitaire Ring in Gift 18K Gold Plated,18K Gold Plated Vermeil / 6,,7700.00,7700.00,No (reverted)
9920607781112,48966729007352,ACTIVE,Certified 5.75 ct DEW Moissanite Solitaire Ring in Gift 18K Gold Plated,18K Gold Plated Vermeil / 8,,7700.00,7700.00,No (reverted)
9920607781112,48966729040120,ACTIVE,Certified 5.75 ct DEW Moissanite Solitaire Ring in Gift 18K Gold Plated,18K Gold Plated Vermeil / 9,,7700.00,7700.00,No (reverted)
9920607781112,48966729072888,ACTIVE,Certified 5.75 ct DEW Moissanite Solitaire Ring in Gift 18K Gold Plated,18K Gold Plated Vermeil / 10,,7700.00,7700.00,No (reverted)
9920607846648,48966729498872,ACTIVE,Certified 3.45 ct DEW Pear Cut Moissanite Solitaire Ring in Gift 18K Gold Plated,18K Gold Plated Vermeil / 7,GH-MOI-00905,4900.00,5899.99,Yes
9920607846648,48966729531640,ACTIVE,Certified 3.45 ct DEW Pear Cut Moissanite Solitaire Ring in Gift 18K Gold Plated,18K Gold Plated Vermeil / 5,,4900.00,5899.99,Yes
9920607846648,48966729564408,ACTIVE,Certified 3.45 ct DEW Pear Cut Moissanite Solitaire Ring in Gift 18K Gold Plated,18K Gold Plated Vermeil / 6,,4900.00,5899.99,Yes
9920607846648,48966729597176,ACTIVE,Certified 3.45 ct DEW Pear Cut Moissanite Solitaire Ring in Gift 18K Gold Plated,18K Gold Plated Vermeil / 8,,4900.00,5899.99,Yes
9920607846648,48966729629944,ACTIVE,Certified 3.45 ct DEW Pear Cut Moissanite Solitaire Ring in Gift 18K Gold Plated,18K Gold Plated Vermeil / 9,,4900.00,5899.99,Yes
9920607846648,48966729662712,ACTIVE,Certified 3.45 ct DEW Pear Cut Moissanite Solitaire Ring in Gift 18K Gold Plated,18K Gold Plated Vermeil / 10,,4900.00,5899.99,Yes
9920607879416,48966729695480,ACTIVE,6.00 ct DEW Certified Blue Moissanite Ring – Wedding Gift in 18K Gold Plated,18K Gold Plated Vermeil / 7,GH-MOI-00904,4900.00,5899.99,Yes
9920607879416,48966729728248,ACTIVE,6.00 ct DEW Certified Blue Moissanite Ring – Wedding Gift in 18K Gold Plated,18K Gold Plated Vermeil / 5,,4900.00,5899.99,Yes
9920607879416,48966729761016,ACTIVE,6.00 ct DEW Certified Blue Moissanite Ring – Wedding Gift in 18K Gold Plated,18K Gold Plated Vermeil / 6,,4900.00,5899.99,Yes
9920607879416,48966729793784,ACTIVE,6.00 ct DEW Certified Blue Moissanite Ring – Wedding Gift in 18K Gold Plated,18K Gold Plated Vermeil / 8,,4900.00,5899.99,Yes
9920607879416,48966729826552,ACTIVE,6.00 ct DEW Certified Blue Moissanite Ring – Wedding Gift in 18K Gold Plated,18K Gold Plated Vermeil / 9,,4900.00,5899.99,Yes
9920607879416,48966729859320,ACTIVE,6.00 ct DEW Certified Blue Moissanite Ring – Wedding Gift in 18K Gold Plated,18K Gold Plated Vermeil / 10,,4900.00,5899.99,Yes
9920607944952,48966730285304,ACTIVE,5.45 ct DEW Certified White Moissanite Solitaire Ring – Gift Jewellery in 18K Gold Plated,18K Gold Plated Vermeil / 7,GH-MOI-00903,7700.00,7700.00,No (reverted)
9920607944952,48966730318072,ACTIVE,5.45 ct DEW Certified White Moissanite Solitaire Ring – Gift Jewellery in 18K Gold Plated,18K Gold Plated Vermeil / 5,,7700.00,7700.00,No (reverted)
9920607944952,48966730350840,ACTIVE,5.45 ct DEW Certified White Moissanite Solitaire Ring – Gift Jewellery in 18K Gold Plated,18K Gold Plated Vermeil / 6,,7700.00,7700.00,No (reverted)
9920607944952,48966730383608,ACTIVE,5.45 ct DEW Certified White Moissanite Solitaire Ring – Gift Jewellery in 18K Gold Plated,18K Gold Plated Vermeil / 8,,7700.00,7700.00,No (reverted)
9920607944952,48966730416376,ACTIVE,5.45 ct DEW Certified White Moissanite Solitaire Ring – Gift Jewellery in 18K Gold Plated,18K Gold Plated Vermeil / 9,,7700.00,7700.00,No (reverted)
9920607944952,48966730449144,ACTIVE,5.45 ct DEW Certified White Moissanite Solitaire Ring – Gift Jewellery in 18K Gold Plated,18K Gold Plated Vermeil / 10,,7700.00,7700.00,No (reverted)
9920608043256,48966730907896,ACTIVE,3.45 ct DEW Certified White Moissanite Ring for Women – Jewellery Gift 18K Gold Plated Ve 18K Gold Plated,18K Gold Plated Vermeil / 7,GH-MOI-00902,4900.00,5899.99,Yes
9920608043256,48966730940664,ACTIVE,3.45 ct DEW Certified White Moissanite Ring for Women – Jewellery Gift 18K Gold Plated Ve 18K Gold Plated,18K Gold Plated Vermeil / 5,,4900.00,5899.99,Yes
9920608043256,48966730973432,ACTIVE,3.45 ct DEW Certified White Moissanite Ring for Women – Jewellery Gift 18K Gold Plated Ve 18K Gold Plated,18K Gold Plated Vermeil / 6,,4900.00,5899.99,Yes
9920608043256,48966731006200,ACTIVE,3.45 ct DEW Certified White Moissanite Ring for Women – Jewellery Gift 18K Gold Plated Ve 18K Gold Plated,18K Gold Plated Vermeil / 8,,4900.00,5899.99,Yes
9920608043256,48966731038968,ACTIVE,3.45 ct DEW Certified White Moissanite Ring for Women – Jewellery Gift 18K Gold Plated Ve 18K Gold Plated,18K Gold Plated Vermeil / 9,,4900.00,5899.99,Yes
9920608043256,48966731071736,ACTIVE,3.45 ct DEW Certified White Moissanite Ring for Women – Jewellery Gift 18K Gold Plated Ve 18K Gold Plated,18K Gold Plated Vermeil / 10,,4900.00,5899.99,Yes
9920608076024,48966731104504,ACTIVE,1.45 ct DEW Certified White Moissanite Ring – Birthday Gift for Her in 18K Gold Plated 18K Gold Plated,18K Gold Plated Vermeil / 7,GH-MOI-00901,3500.00,4199.99,Yes
9920608076024,48966731137272,ACTIVE,1.45 ct DEW Certified White Moissanite Ring – Birthday Gift for Her in 18K Gold Plated 18K Gold Plated,18K Gold Plated Vermeil / 5,,3500.00,4199.99,Yes
9920608076024,48966731170040,ACTIVE,1.45 ct DEW Certified White Moissanite Ring – Birthday Gift for Her in 18K Gold Plated 18K Gold Plated,18K Gold Plated Vermeil / 6,,3500.00,4199.99,Yes
9920608076024,48966731202808,ACTIVE,1.45 ct DEW Certified White Moissanite Ring – Birthday Gift for Her in 18K Gold Plated 18K Gold Plated,18K Gold Plated Vermeil / 8,,3500.00,4199.99,Yes
9920608076024,48966731235576,ACTIVE,1.45 ct DEW Certified White Moissanite Ring – Birthday Gift for Her in 18K Gold Plated 18K Gold Plated,18K Gold Plated Vermeil / 9,,3500.00,4199.99,Yes
9920608076024,48966731268344,ACTIVE,1.45 ct DEW Certified White Moissanite Ring – Birthday Gift for Her in 18K Gold Plated 18K Gold Plated,18K Gold Plated Vermeil / 10,,3500.00,4199.99,Yes
9920608141560,48966731694328,ACTIVE,3.65 ct DEW Certified White Moissanite Ring in – Christmas Gift Jewellery 18K Gold Plated,18K Gold Plated Vermeil / 7,GH-MOI-00900,4900.00,5899.99,Yes
9920608141560,48966731727096,ACTIVE,3.65 ct DEW Certified White Moissanite Ring in – Christmas Gift Jewellery 18K Gold Plated,18K Gold Plated Vermeil / 5,,4900.00,5899.99,Yes
9920608141560,48966731759864,ACTIVE,3.65 ct DEW Certified White Moissanite Ring in – Christmas Gift Jewellery 18K Gold Plated,18K Gold Plated Vermeil / 6,,4900.00,5899.99,Yes
9920608141560,48966731792632,ACTIVE,3.65 ct DEW Certified White Moissanite Ring in – Christmas Gift Jewellery 18K Gold Plated,18K Gold Plated Vermeil / 8,,4900.00,5899.99,Yes
9920608141560,48966731825400,ACTIVE,3.65 ct DEW Certified White Moissanite Ring in – Christmas Gift Jewellery 18K Gold Plated,18K Gold Plated Vermeil / 9,,4900.00,5899.99,Yes
9920608141560,48966731858168,ACTIVE,3.65 ct DEW Certified White Moissanite Ring in – Christmas Gift Jewellery 18K Gold Plated,18K Gold Plated Vermeil / 10,,4900.00,5899.99,Yes
9920608239864,48966732447992,ACTIVE,6.65 ct DEW Certified White Moissanite Ring – Anniversary Jewellery in 18K Gold Plated Ve 18K Gold Plated,18K Gold Plated Vermeil / 7,GH-MOI-00899,5600.00,6799.99,Yes
9920608239864,48966732480760,ACTIVE,6.65 ct DEW Certified White Moissanite Ring – Anniversary Jewellery in 18K Gold Plated Ve 18K Gold Plated,18K Gold Plated Vermeil / 5,,5600.00,6799.99,Yes
9920608239864,48966732513528,ACTIVE,6.65 ct DEW Certified White Moissanite Ring – Anniversary Jewellery in 18K Gold Plated Ve 18K Gold Plated,18K Gold Plated Vermeil / 6,,5600.00,6799.99,Yes
9920608239864,48966732546296,ACTIVE,6.65 ct DEW Certified White Moissanite Ring – Anniversary Jewellery in 18K Gold Plated Ve 18K Gold Plated,18K Gold Plated Vermeil / 8,,5600.00,6799.99,Yes
9920608239864,48966732579064,ACTIVE,6.65 ct DEW Certified White Moissanite Ring – Anniversary Jewellery in 18K Gold Plated Ve 18K Gold Plated,18K Gold Plated Vermeil / 9,,5600.00,6799.99,Yes
9920608239864,48966732611832,ACTIVE,6.65 ct DEW Certified White Moissanite Ring – Anniversary Jewellery in 18K Gold Plated Ve 18K Gold Plated,18K Gold Plated Vermeil / 10,,5600.00,6799.99,Yes
9920608272632,48966732644600,ACTIVE,4.55 ct DEW Certified White Moissanite Ring – Birthday Gift for Women in 18K Gold Plate 18K Gold Plated,18K Gold Plated Vermeil / 7,GH-MOI-00898,9100.00,9100.00,No (reverted)
9920608272632,48966732677368,ACTIVE,4.55 ct DEW Certified White Moissanite Ring – Birthday Gift for Women in 18K Gold Plate 18K Gold Plated,18K Gold Plated Vermeil / 5,,9100.00,9100.00,No (reverted)
9920608272632,48966732710136,ACTIVE,4.55 ct DEW Certified White Moissanite Ring – Birthday Gift for Women in 18K Gold Plate 18K Gold Plated,18K Gold Plated Vermeil / 6,,9100.00,9100.00,No (reverted)
9920608272632,48966732742904,ACTIVE,4.55 ct DEW Certified White Moissanite Ring – Birthday Gift for Women in 18K Gold Plate 18K Gold Plated,18K Gold Plated Vermeil / 8,,9100.00,9100.00,No (reverted)
9920608272632,48966732775672,ACTIVE,4.55 ct DEW Certified White Moissanite Ring – Birthday Gift for Women in 18K Gold Plate 18K Gold Plated,18K Gold Plated Vermeil / 9,,9100.00,9100.00,No (reverted)
9920608272632,48966732808440,ACTIVE,4.55 ct DEW Certified White Moissanite Ring – Birthday Gift for Women in 18K Gold Plate 18K Gold Plated,18K Gold Plated Vermeil / 10,,9100.00,9100.00,No (reverted)
9920608338168,48966733234424,ACTIVE,2.50 ct DEW Certified White Moissanite Ring – Elegant Women’s Jewellery in 18K Gold Plate 18K Gold Plated,18K Gold Plated Vermeil / 7,GH-MOI-00897,3500.00,4199.99,Yes
9920608338168,48966733267192,ACTIVE,2.50 ct DEW Certified White Moissanite Ring – Elegant Women’s Jewellery in 18K Gold Plate 18K Gold Plated,18K Gold Plated Vermeil / 5,,3500.00,4199.99,Yes
9920608338168,48966733299960,ACTIVE,2.50 ct DEW Certified White Moissanite Ring – Elegant Women’s Jewellery in 18K Gold Plate 18K Gold Plated,18K Gold Plated Vermeil / 6,,3500.00,4199.99,Yes
9920608338168,48966733332728,ACTIVE,2.50 ct DEW Certified White Moissanite Ring – Elegant Women’s Jewellery in 18K Gold Plate 18K Gold Plated,18K Gold Plated Vermeil / 8,,3500.00,4199.99,Yes
9920608338168,48966733365496,ACTIVE,2.50 ct DEW Certified White Moissanite Ring – Elegant Women’s Jewellery in 18K Gold Plate 18K Gold Plated,18K Gold Plated Vermeil / 9,,3500.00,4199.99,Yes
9920608338168,48966733398264,ACTIVE,2.50 ct DEW Certified White Moissanite Ring – Elegant Women’s Jewellery in 18K Gold Plate 18K Gold Plated,18K Gold Plated Vermeil / 10,,3500.00,4199.99,Yes
9920608403704,48966733857016,ACTIVE,1.50 ct DEW Certified Pink Moissanite Ring – Engagement Jewellery in 18K Gold Plated Verm 18K Gold Plated,18K Gold Plated Vermeil / 7,GH-MOI-00896,4900.00,5899.99,Yes
9920608403704,48966733889784,ACTIVE,1.50 ct DEW Certified Pink Moissanite Ring – Engagement Jewellery in 18K Gold Plated Verm 18K Gold Plated,18K Gold Plated Vermeil / 5,,4900.00,5899.99,Yes
9920608403704,48966733922552,ACTIVE,1.50 ct DEW Certified Pink Moissanite Ring – Engagement Jewellery in 18K Gold Plated Verm 18K Gold Plated,18K Gold Plated Vermeil / 6,,4900.00,5899.99,Yes
9920608403704,48966733955320,ACTIVE,1.50 ct DEW Certified Pink Moissanite Ring – Engagement Jewellery in 18K Gold Plated Verm 18K Gold Plated,18K Gold Plated Vermeil / 8,,4900.00,5899.99,Yes
9920608403704,48966733988088,ACTIVE,1.50 ct DEW Certified Pink Moissanite Ring – Engagement Jewellery in 18K Gold Plated Verm 18K Gold Plated,18K Gold Plated Vermeil / 9,,4900.00,5899.99,Yes
9920608403704,48966734020856,ACTIVE,1.50 ct DEW Certified Pink Moissanite Ring – Engagement Jewellery in 18K Gold Plated Verm 18K Gold Plated,18K Gold Plated Vermeil / 10,,4900.00,5899.99,Yes
9920608436472,48966734053624,ACTIVE,4.95 ct DEW Certified White Moissanite Solitaire Ring – Gift for Wife in 18K Gold Plate 18K Gold Plated,18K Gold Plated Vermeil / 7,GH-MOI-00895,7000.00,7000.00,No (reverted)
9920608436472,48966734086392,ACTIVE,4.95 ct DEW Certified White Moissanite Solitaire Ring – Gift for Wife in 18K Gold Plate 18K Gold Plated,18K Gold Plated Vermeil / 5,,7000.00,7000.00,No (reverted)
9920608436472,48966734119160,ACTIVE,4.95 ct DEW Certified White Moissanite Solitaire Ring – Gift for Wife in 18K Gold Plate 18K Gold Plated,18K Gold Plated Vermeil / 6,,7000.00,7000.00,No (reverted)
9920608436472,48966734151928,ACTIVE,4.95 ct DEW Certified White Moissanite Solitaire Ring – Gift for Wife in 18K Gold Plate 18K Gold Plated,18K Gold Plated Vermeil / 8,,7000.00,7000.00,No (reverted)
9920608436472,48966734184696,ACTIVE,4.95 ct DEW Certified White Moissanite Solitaire Ring – Gift for Wife in 18K Gold Plate 18K Gold Plated,18K Gold Plated Vermeil / 9,,7000.00,7000.00,No (reverted)
9920608436472,48966734217464,ACTIVE,4.95 ct DEW Certified White Moissanite Solitaire Ring – Gift for Wife in 18K Gold Plate 18K Gold Plated,18K Gold Plated Vermeil / 10,,7000.00,7000.00,No (reverted)
9920608534776,48966734676216,ACTIVE,2.50 ct DEW Certified Pink Moissanite Engagement Ring – Gift for Her in 18K Gold Plated,18K Gold Plated Vermeil / 7,GH-MOI-00894,4200.00,5099.99,Yes
9920608534776,48966734708984,ACTIVE,2.50 ct DEW Certified Pink Moissanite Engagement Ring – Gift for Her in 18K Gold Plated,18K Gold Plated Vermeil / 5,,4200.00,5099.99,Yes
9920608534776,48966734741752,ACTIVE,2.50 ct DEW Certified Pink Moissanite Engagement Ring – Gift for Her in 18K Gold Plated,18K Gold Plated Vermeil / 6,,4200.00,5099.99,Yes
9920608534776,48966734774520,ACTIVE,2.50 ct DEW Certified Pink Moissanite Engagement Ring – Gift for Her in 18K Gold Plated,18K Gold Plated Vermeil / 8,,4200.00,5099.99,Yes
9920608534776,48966734807288,ACTIVE,2.50 ct DEW Certified Pink Moissanite Engagement Ring – Gift for Her in 18K Gold Plated,18K Gold Plated Vermeil / 9,,4200.00,5099.99,Yes
9920608534776,48966734840056,ACTIVE,2.50 ct DEW Certified Pink Moissanite Engagement Ring – Gift for Her in 18K Gold Plated,18K Gold Plated Vermeil / 10,,4200.00,5099.99,Yes
9920608600312,48966735298808,ACTIVE,4.90 ct DEW Certified White Moissanite Ring – Wedding Jewellery in 18K Gold Plated Vermei 18K Gold Plated,18K Gold Plated Vermeil / 7,GH-MOI-00893,6300.00,6300.00,No (reverted)
9920608600312,48966735331576,ACTIVE,4.90 ct DEW Certified White Moissanite Ring – Wedding Jewellery in 18K Gold Plated Vermei 18K Gold Plated,18K Gold Plated Vermeil / 5,,6300.00,6300.00,No (reverted)
9920608600312,48966735364344,ACTIVE,4.90 ct DEW Certified White Moissanite Ring – Wedding Jewellery in 18K Gold Plated Vermei 18K Gold Plated,18K Gold Plated Vermeil / 6,,6300.00,6300.00,No (reverted)
9920608600312,48966735397112,ACTIVE,4.90 ct DEW Certified White Moissanite Ring – Wedding Jewellery in 18K Gold Plated Vermei 18K Gold Plated,18K Gold Plated Vermeil / 8,,6300.00,6300.00,No (reverted)
9920608600312,48966735429880,ACTIVE,4.90 ct DEW Certified White Moissanite Ring – Wedding Jewellery in 18K Gold Plated Vermei 18K Gold Plated,18K Gold Plated Vermeil / 9,,6300.00,6300.00,No (reverted)
9920608600312,48966735462648,ACTIVE,4.90 ct DEW Certified White Moissanite Ring – Wedding Jewellery in 18K Gold Plated Vermei 18K Gold Plated,18K Gold Plated Vermeil / 10,,6300.00,6300.00,No (reverted)
9920608633080,48966735495416,ACTIVE,6.15 ct DEW Certified White Moissanite Solitaire Ring – Fall Gift for Her in Silver 18K 18K Gold Plated,18K Gold Plated Vermeil / 7,GH-MOI-00892,8400.00,8400.00,No (reverted)
9920608633080,48966735528184,ACTIVE,6.15 ct DEW Certified White Moissanite Solitaire Ring – Fall Gift for Her in Silver 18K 18K Gold Plated,18K Gold Plated Vermeil / 5,,8400.00,8400.00,No (reverted)
9920608633080,48966735560952,ACTIVE,6.15 ct DEW Certified White Moissanite Solitaire Ring – Fall Gift for Her in Silver 18K 18K Gold Plated,18K Gold Plated Vermeil / 6,,8400.00,8400.00,No (reverted)
9920608633080,48966735593720,ACTIVE,6.15 ct DEW Certified White Moissanite Solitaire Ring – Fall Gift for Her in Silver 18K 18K Gold Plated,18K Gold Plated Vermeil / 8,,8400.00,8400.00,No (reverted)
9920608633080,48966735626488,ACTIVE,6.15 ct DEW Certified White Moissanite Solitaire Ring – Fall Gift for Her in Silver 18K 18K Gold Plated,18K Gold Plated Vermeil / 9,,8400.00,8400.00,No (reverted)
9920608633080,48966735659256,ACTIVE,6.15 ct DEW Certified White Moissanite Solitaire Ring – Fall Gift for Her in Silver 18K 18K Gold Plated,18K Gold Plated Vermeil / 10,,8400.00,8400.00,No (reverted)
9920608698616,48966736085240,ACTIVE,9.30 ct DEW Certified White Moissanite Ring in – Luxury Gift for Women 18K Gold Plated 18K Gold Plated,18K Gold Plated Vermeil / 7,GH-MOI-00891,7000.00,7000.00,No (reverted)
9920608698616,48966736118008,ACTIVE,9.30 ct DEW Certified White Moissanite Ring in – Luxury Gift for Women 18K Gold Plated 18K Gold Plated,18K Gold Plated Vermeil / 5,,7000.00,7000.00,No (reverted)
9920608698616,48966736150776,ACTIVE,9.30 ct DEW Certified White Moissanite Ring in – Luxury Gift for Women 18K Gold Plated 18K Gold Plated,18K Gold Plated Vermeil / 6,,7000.00,7000.00,No (reverted)
9920608698616,48966736183544,ACTIVE,9.30 ct DEW Certified White Moissanite Ring in – Luxury Gift for Women 18K Gold Plated 18K Gold Plated,18K Gold Plated Vermeil / 8,,7000.00,7000.00,No (reverted)
9920608698616,48966736216312,ACTIVE,9.30 ct DEW Certified White Moissanite Ring in – Luxury Gift for Women 18K Gold Plated 18K Gold Plated,18K Gold Plated Vermeil / 9,,7000.00,7000.00,No (reverted)
9920608698616,48966736249080,ACTIVE,9.30 ct DEW Certified White Moissanite Ring in – Luxury Gift for Women 18K Gold Plated 18K Gold Plated,18K Gold Plated Vermeil / 10,,7000.00,7000.00,No (reverted)
9920608764152,48966736675064,ACTIVE,1.00 ct DEW Certified Pink Moissanite Ring – Birthday Gift for Her in 18K Gold Plated V 18K Gold Plated,18K Gold Plated Vermeil / 7,GH-MOI-00890,3500.00,4199.99,Yes
9920608764152,48966736707832,ACTIVE,1.00 ct DEW Certified Pink Moissanite Ring – Birthday Gift for Her in 18K Gold Plated V 18K Gold Plated,18K Gold Plated Vermeil / 5,,3500.00,4199.99,Yes
9920608764152,48966736740600,ACTIVE,1.00 ct DEW Certified Pink Moissanite Ring – Birthday Gift for Her in 18K Gold Plated V 18K Gold Plated,18K Gold Plated Vermeil / 6,,3500.00,4199.99,Yes
9920608764152,48966736773368,ACTIVE,1.00 ct DEW Certified Pink Moissanite Ring – Birthday Gift for Her in 18K Gold Plated V 18K Gold Plated,18K Gold Plated Vermeil / 8,,3500.00,4199.99,Yes
9920608764152,48966736806136,ACTIVE,1.00 ct DEW Certified Pink Moissanite Ring – Birthday Gift for Her in 18K Gold Plated V 18K Gold Plated,18K Gold Plated Vermeil / 9,,3500.00,4199.99,Yes
9920608764152,48966736838904,ACTIVE,1.00 ct DEW Certified Pink Moissanite Ring – Birthday Gift for Her in 18K Gold Plated V 18K Gold Plated,18K Gold Plated Vermeil / 10,,3500.00,4199.99,Yes
9920608829688,48966737264888,ACTIVE,3.00 ct DEW Certified White Moissanite Solitaire Ring – Elegant Jewellery in 18K Gold Pla 18K Gold Plated,18K Gold Plated Vermeil / 7,GH-MOI-00889,3500.00,4199.99,Yes
9920608829688,48966737297656,ACTIVE,3.00 ct DEW Certified White Moissanite Solitaire Ring – Elegant Jewellery in 18K Gold Pla 18K Gold Plated,18K Gold Plated Vermeil / 5,,3500.00,4199.99,Yes
9920608829688,48966737330424,ACTIVE,3.00 ct DEW Certified White Moissanite Solitaire Ring – Elegant Jewellery in 18K Gold Pla 18K Gold Plated,18K Gold Plated Vermeil / 6,,3500.00,4199.99,Yes
9920608829688,48966737363192,ACTIVE,3.00 ct DEW Certified White Moissanite Solitaire Ring – Elegant Jewellery in 18K Gold Pla 18K Gold Plated,18K Gold Plated Vermeil / 8,,3500.00,4199.99,Yes
9920608829688,48966737395960,ACTIVE,3.00 ct DEW Certified White Moissanite Solitaire Ring – Elegant Jewellery in 18K Gold Pla 18K Gold Plated,18K Gold Plated Vermeil / 9,,3500.00,4199.99,Yes
9920608829688,48966737428728,ACTIVE,3.00 ct DEW Certified White Moissanite Solitaire Ring – Elegant Jewellery in 18K Gold Pla 18K Gold Plated,18K Gold Plated Vermeil / 10,,3500.00,4199.99,Yes
9920608862456,48966737854712,ACTIVE,3.50 ct DEW Certified White Moissanite Ring in – Christmas Gift for Her 18K Gold Plated,18K Gold Plated Vermeil / 7,GH-MOI-00888,4900.00,5899.99,Yes
9920608862456,48966737887480,ACTIVE,3.50 ct DEW Certified White Moissanite Ring in – Christmas Gift for Her 18K Gold Plated,18K Gold Plated Vermeil / 5,,4900.00,5899.99,Yes
9920608862456,48966737920248,ACTIVE,3.50 ct DEW Certified White Moissanite Ring in – Christmas Gift for Her 18K Gold Plated,18K Gold Plated Vermeil / 6,,4900.00,5899.99,Yes
9920608862456,48966737953016,ACTIVE,3.50 ct DEW Certified White Moissanite Ring in – Christmas Gift for Her 18K Gold Plated,18K Gold Plated Vermeil / 8,,4900.00,5899.99,Yes
9920608862456,48966737985784,ACTIVE,3.50 ct DEW Certified White Moissanite Ring in – Christmas Gift for Her 18K Gold Plated,18K Gold Plated Vermeil / 9,,4900.00,5899.99,Yes
9920608862456,48966738018552,ACTIVE,3.50 ct DEW Certified White Moissanite Ring in – Christmas Gift for Her 18K Gold Plated,18K Gold Plated Vermeil / 10,,4900.00,5899.99,Yes
9920608927992,48966738051320,ACTIVE,4.50 ct DEW Princess Cut Certified White Moissanite Ring – Wedding Gift in 18K Gold Pla 18K Gold Plated,18K Gold Plated Vermeil / 7,GH-MOI-00887,6300.00,6300.00,No (reverted)
9920608927992,48966738084088,ACTIVE,4.50 ct DEW Princess Cut Certified White Moissanite Ring – Wedding Gift in 18K Gold Pla 18K Gold Plated,18K Gold Plated Vermeil / 5,,6300.00,6300.00,No (reverted)
9920608927992,48966738116856,ACTIVE,4.50 ct DEW Princess Cut Certified White Moissanite Ring – Wedding Gift in 18K Gold Pla 18K Gold Plated,18K Gold Plated Vermeil / 6,,6300.00,6300.00,No (reverted)
9920608927992,48966738149624,ACTIVE,4.50 ct DEW Princess Cut Certified White Moissanite Ring – Wedding Gift in 18K Gold Pla 18K Gold Plated,18K Gold Plated Vermeil / 8,,6300.00,6300.00,No (reverted)
9920608927992,48966738182392,ACTIVE,4.50 ct DEW Princess Cut Certified White Moissanite Ring – Wedding Gift in 18K Gold Pla 18K Gold Plated,18K Gold Plated Vermeil / 9,,6300.00,6300.00,No (reverted)
9920608927992,48966738215160,ACTIVE,4.50 ct DEW Princess Cut Certified White Moissanite Ring – Wedding Gift in 18K Gold Pla 18K Gold Plated,18K Gold Plated Vermeil / 10,,6300.00,6300.00,No (reverted)
9920608993528,48966738641144,ACTIVE,5.50 ct DEW Certified Moissanite Solitaire Ring in – Gift for Wife Jewellery 18K Gold Pla 18K Gold Plated,18K Gold Plated Vermeil / 7,GH-MOI-00886,7700.00,7700.00,No (reverted)
9920608993528,48966738673912,ACTIVE,5.50 ct DEW Certified Moissanite Solitaire Ring in – Gift for Wife Jewellery 18K Gold Pla 18K Gold Plated,18K Gold Plated Vermeil / 5,,7700.00,7700.00,No (reverted)
9920608993528,48966738706680,ACTIVE,5.50 ct DEW Certified Moissanite Solitaire Ring in – Gift for Wife Jewellery 18K Gold Pla 18K Gold Plated,18K Gold Plated Vermeil / 6,,7700.00,7700.00,No (reverted)
9920608993528,48966738739448,ACTIVE,5.50 ct DEW Certified Moissanite Solitaire Ring in – Gift for Wife Jewellery 18K Gold Pla 18K Gold Plated,18K Gold Plated Vermeil / 8,,7700.00,7700.00,No (reverted)
9920608993528,48966738772216,ACTIVE,5.50 ct DEW Certified Moissanite Solitaire Ring in – Gift for Wife Jewellery 18K Gold Pla 18K Gold Plated,18K Gold Plated Vermeil / 9,,7700.00,7700.00,No (reverted)
9920608993528,48966738804984,ACTIVE,5.50 ct DEW Certified Moissanite Solitaire Ring in – Gift for Wife Jewellery 18K Gold Pla 18K Gold Plated,18K Gold Plated Vermeil / 10,,7700.00,7700.00,No (reverted)
9920609026296,48966738837752,ACTIVE,4.35 ct DEW Certified White Moissanite Ring in – Anniversary Gift for Wife 18K Gold Pla 18K Gold Plated,18K Gold Plated Vermeil / 7,GH-MOI-00885,5600.00,6799.99,Yes
9920609026296,48966738870520,ACTIVE,4.35 ct DEW Certified White Moissanite Ring in – Anniversary Gift for Wife 18K Gold Pla 18K Gold Plated,18K Gold Plated Vermeil / 5,,5600.00,6799.99,Yes
9920609026296,48966738903288,ACTIVE,4.35 ct DEW Certified White Moissanite Ring in – Anniversary Gift for Wife 18K Gold Pla 18K Gold Plated,18K Gold Plated Vermeil / 6,,5600.00,6799.99,Yes
9920609026296,48966738936056,ACTIVE,4.35 ct DEW Certified White Moissanite Ring in – Anniversary Gift for Wife 18K Gold Pla 18K Gold Plated,18K Gold Plated Vermeil / 8,,5600.00,6799.99,Yes
9920609026296,48966738968824,ACTIVE,4.35 ct DEW Certified White Moissanite Ring in – Anniversary Gift for Wife 18K Gold Pla 18K Gold Plated,18K Gold Plated Vermeil / 9,,5600.00,6799.99,Yes
9920609026296,48966739001592,ACTIVE,4.35 ct DEW Certified White Moissanite Ring in – Anniversary Gift for Wife 18K Gold Pla 18K Gold Plated,18K Gold Plated Vermeil / 10,,5600.00,6799.99,Yes
9920609091832,48966739427576,ACTIVE,9.00 ct DEW Certified White Moissanite Solitaire Ring – Anniversary Gift for Wife 18K G 18K Gold Plated,18K Gold Plated Vermeil / 7,GH-MOI-00884,2800.00,4199.99,Yes (raised to 4199.99 minimum)
9920609091832,48966739460344,ACTIVE,9.00 ct DEW Certified White Moissanite Solitaire Ring – Anniversary Gift for Wife 18K G 18K Gold Plated,18K Gold Plated Vermeil / 5,,2800.00,4199.99,Yes (raised to 4199.99 minimum)
9920609091832,48966739493112,ACTIVE,9.00 ct DEW Certified White Moissanite Solitaire Ring – Anniversary Gift for Wife 18K G 18K Gold Plated,18K Gold Plated Vermeil / 6,,2800.00,4199.99,Yes (raised to 4199.99 minimum)
9920609091832,48966739525880,ACTIVE,9.00 ct DEW Certified White Moissanite Solitaire Ring – Anniversary Gift for Wife 18K G 18K Gold Plated,18K Gold Plated Vermeil / 8,,2800.00,4199.99,Yes (raised to 4199.99 minimum)
9920609091832,48966739558648,ACTIVE,9.00 ct DEW Certified White Moissanite Solitaire Ring – Anniversary Gift for Wife 18K G 18K Gold Plated,18K Gold Plated Vermeil / 9,,2800.00,4199.99,Yes (raised to 4199.99 minimum)
9920609091832,48966739591416,ACTIVE,9.00 ct DEW Certified White Moissanite Solitaire Ring – Anniversary Gift for Wife 18K G 18K Gold Plated,18K Gold Plated Vermeil / 10,,2800.00,4199.99,Yes (raised to 4199.99 minimum)
9920609124600,48966739624184,ACTIVE,6.00 ct DEW White Moissanite Ring – Thoughtful Labor Day Gift for Her 18K Gold Plated V 18K Gold Plated,18K Gold Plated Vermeil / 7,GH-MOI-00883,2800.00,4199.99,Yes (raised to 4199.99 minimum)
9920609124600,48966739656952,ACTIVE,6.00 ct DEW White Moissanite Ring – Thoughtful Labor Day Gift for Her 18K Gold Plated V 18K Gold Plated,18K Gold Plated Vermeil / 5,,2800.00,4199.99,Yes (raised to 4199.99 minimum)
9920609124600,48966739689720,ACTIVE,6.00 ct DEW White Moissanite Ring – Thoughtful Labor Day Gift for Her 18K Gold Plated V 18K Gold Plated,18K Gold Plated Vermeil / 6,,2800.00,4199.99,Yes (raised to 4199.99 minimum)
9920609124600,48966739722488,ACTIVE,6.00 ct DEW White Moissanite Ring – Thoughtful Labor Day Gift for Her 18K Gold Plated V 18K Gold Plated,18K Gold Plated Vermeil / 8,,2800.00,4199.99,Yes (raised to 4199.99 minimum)
9920609124600,48966739755256,ACTIVE,6.00 ct DEW White Moissanite Ring – Thoughtful Labor Day Gift for Her 18K Gold Plated V 18K Gold Plated,18K Gold Plated Vermeil / 9,,2800.00,4199.99,Yes (raised to 4199.99 minimum)
9920609124600,48966739788024,ACTIVE,6.00 ct DEW White Moissanite Ring – Thoughtful Labor Day Gift for Her 18K Gold Plated V 18K Gold Plated,18K Gold Plated Vermeil / 10,,2800.00,4199.99,Yes (raised to 4199.99 minimum)
9920609222904,48966740246776,ACTIVE,7.50 ct DEW White Moissanite Ring in – Elegant Jewellery for Mom's Gift 18K Gold Plated V 18K Gold Plated,18K Gold Plated Vermeil / 7,GH-MOI-00882,5600.00,6799.99,Yes
9920609222904,48966740279544,ACTIVE,7.50 ct DEW White Moissanite Ring in – Elegant Jewellery for Mom's Gift 18K Gold Plated V 18K Gold Plated,18K Gold Plated Vermeil / 5,,5600.00,6799.99,Yes
9920609222904,48966740312312,ACTIVE,7.50 ct DEW White Moissanite Ring in – Elegant Jewellery for Mom's Gift 18K Gold Plated V 18K Gold Plated,18K Gold Plated Vermeil / 6,,5600.00,6799.99,Yes
9920609222904,48966740345080,ACTIVE,7.50 ct DEW White Moissanite Ring in – Elegant Jewellery for Mom's Gift 18K Gold Plated V 18K Gold Plated,18K Gold Plated Vermeil / 8,,5600.00,6799.99,Yes
9920609222904,48966740377848,ACTIVE,7.50 ct DEW White Moissanite Ring in – Elegant Jewellery for Mom's Gift 18K Gold Plated V 18K Gold Plated,18K Gold Plated Vermeil / 9,,5600.00,6799.99,Yes
9920609222904,48966740410616,ACTIVE,7.50 ct DEW White Moissanite Ring in – Elegant Jewellery for Mom's Gift 18K Gold Plated V 18K Gold Plated,18K Gold Plated Vermeil / 10,,5600.00,6799.99,Yes
9920609288440,48966740476152,ACTIVE,7.40 ct DEW Certified White Moissanite Solitaire Ring – Fall Wedding Gift for Her 18K G 18K Gold Plated,18K Gold Plated Vermeil / 7,GH-MOI-00881,5600.00,6799.99,Yes
9920609288440,48966740508920,ACTIVE,7.40 ct DEW Certified White Moissanite Solitaire Ring – Fall Wedding Gift for Her 18K G 18K Gold Plated,18K Gold Plated Vermeil / 5,,5600.00,6799.99,Yes
9920609288440,48966740541688,ACTIVE,7.40 ct DEW Certified White Moissanite Solitaire Ring – Fall Wedding Gift for Her 18K G 18K Gold Plated,18K Gold Plated Vermeil / 6,,5600.00,6799.99,Yes
9920609288440,48966740574456,ACTIVE,7.40 ct DEW Certified White Moissanite Solitaire Ring – Fall Wedding Gift for Her 18K G 18K Gold Plated,18K Gold Plated Vermeil / 8,,5600.00,6799.99,Yes
9920609288440,48966740607224,ACTIVE,7.40 ct DEW Certified White Moissanite Solitaire Ring – Fall Wedding Gift for Her 18K G 18K Gold Plated,18K Gold Plated Vermeil / 9,,5600.00,6799.99,Yes
9920609288440,48966740639992,ACTIVE,7.40 ct DEW Certified White Moissanite Solitaire Ring – Fall Wedding Gift for Her 18K G 18K Gold Plated,18K Gold Plated Vermeil / 10,,5600.00,6799.99,Yes
9920609386744,48966741098744,ACTIVE,10.00 ct DEW Certified White Moissanite Solitaire Ring – Classic Engagement Ring 18K Go 18K Gold Plated,18K Gold Plated Vermeil / 7,GH-MOI-00880,9100.00,9100.00,No (reverted)
9920609386744,48966741131512,ACTIVE,10.00 ct DEW Certified White Moissanite Solitaire Ring – Classic Engagement Ring 18K Go 18K Gold Plated,18K Gold Plated Vermeil / 5,,9100.00,9100.00,No (reverted)
9920609386744,48966741164280,ACTIVE,10.00 ct DEW Certified White Moissanite Solitaire Ring – Classic Engagement Ring 18K Go 18K Gold Plated,18K Gold Plated Vermeil / 6,,9100.00,9100.00,No (reverted)
9920609386744,48966741197048,ACTIVE,10.00 ct DEW Certified White Moissanite Solitaire Ring – Classic Engagement Ring 18K Go 18K Gold Plated,18K Gold Plated Vermeil / 8,,9100.00,9100.00,No (reverted)
9920609386744,48966741229816,ACTIVE,10.00 ct DEW Certified White Moissanite Solitaire Ring – Classic Engagement Ring 18K Go 18K Gold Plated,18K Gold Plated Vermeil / 9,,9100.00,9100.00,No (reverted)
9920609386744,48966741262584,ACTIVE,10.00 ct DEW Certified White Moissanite Solitaire Ring – Classic Engagement Ring 18K Go 18K Gold Plated,18K Gold Plated Vermeil / 10,,9100.00,9100.00,No (reverted)
9920609452280,48966741360888,ACTIVE,6.00 ct DEW Certified White Moissanite Ring in – Labor Day Jewellery Gift 18K Gold Plated,18K Gold Plated Vermeil / 7,GH-MOI-00879,4900.00,5899.99,Yes
9920609452280,48966741393656,ACTIVE,6.00 ct DEW Certified White Moissanite Ring in – Labor Day Jewellery Gift 18K Gold Plated,18K Gold Plated Vermeil / 5,,4900.00,5899.99,Yes
9920609452280,48966741426424,ACTIVE,6.00 ct DEW Certified White Moissanite Ring in – Labor Day Jewellery Gift 18K Gold Plated,18K Gold Plated Vermeil / 6,,4900.00,5899.99,Yes
9920609452280,48966741459192,ACTIVE,6.00 ct DEW Certified White Moissanite Ring in – Labor Day Jewellery Gift 18K Gold Plated,18K Gold Plated Vermeil / 8,,4900.00,5899.99,Yes
9920609452280,48966741491960,ACTIVE,6.00 ct DEW Certified White Moissanite Ring in – Labor Day Jewellery Gift 18K Gold Plated,18K Gold Plated Vermeil / 9,,4900.00,5899.99,Yes
9920609452280,48966741524728,ACTIVE,6.00 ct DEW Certified White Moissanite Ring in – Labor Day Jewellery Gift 18K Gold Plated,18K Gold Plated Vermeil / 10,,4900.00,5899.99,Yes
9920609550584,48966741950712,ACTIVE,18.85 ct DEW Certified White Moissanite Solitaire Ring – Glamorous Bridal Jewellery 18K G 18K Gold Plated,18K Gold Plated Vermeil / 7,GH-MOI-00878,11900.00,11900.00,No (reverted)
9920609550584,48966741983480,ACTIVE,18.85 ct DEW Certified White Moissanite Solitaire Ring – Glamorous Bridal Jewellery 18K G 18K Gold Plated,18K Gold Plated Vermeil / 5,,11900.00,11900.00,No (reverted)
9920609550584,48966742016248,ACTIVE,18.85 ct DEW Certified White Moissanite Solitaire Ring – Glamorous Bridal Jewellery 18K G 18K Gold Plated,18K Gold Plated Vermeil / 6,,11900.00,11900.00,No (reverted)
9920609550584,48966742049016,ACTIVE,18.85 ct DEW Certified White Moissanite Solitaire Ring – Glamorous Bridal Jewellery 18K G 18K Gold Plated,18K Gold Plated Vermeil / 8,,11900.00,11900.00,No (reverted)
9920609550584,48966742081784,ACTIVE,18.85 ct DEW Certified White Moissanite Solitaire Ring – Glamorous Bridal Jewellery 18K G 18K Gold Plated,18K Gold Plated Vermeil / 9,,11900.00,11900.00,No (reverted)
9920609550584,48966742114552,ACTIVE,18.85 ct DEW Certified White Moissanite Solitaire Ring – Glamorous Bridal Jewellery 18K G 18K Gold Plated,18K Gold Plated Vermeil / 10,,11900.00,11900.00,No (reverted)
9920609583352,48966742180088,ACTIVE,5.20 ct DEW Oval White Moissanite Solitaire Ring – Timeless Gift for Anniversary 18K Go 18K Gold Plated,18K Gold Plated Vermeil / 7,GH-MOI-00877,5600.00,6799.99,Yes
9920609583352,48966742212856,ACTIVE,5.20 ct DEW Oval White Moissanite Solitaire Ring – Timeless Gift for Anniversary 18K Go 18K Gold Plated,18K Gold Plated Vermeil / 5,,5600.00,6799.99,Yes
9920609583352,48966742245624,ACTIVE,5.20 ct DEW Oval White Moissanite Solitaire Ring – Timeless Gift for Anniversary 18K Go 18K Gold Plated,18K Gold Plated Vermeil / 6,,5600.00,6799.99,Yes
9920609583352,48966742278392,ACTIVE,5.20 ct DEW Oval White Moissanite Solitaire Ring – Timeless Gift for Anniversary 18K Go 18K Gold Plated,18K Gold Plated Vermeil / 8,,5600.00,6799.99,Yes
9920609583352,48966742311160,ACTIVE,5.20 ct DEW Oval White Moissanite Solitaire Ring – Timeless Gift for Anniversary 18K Go 18K Gold Plated,18K Gold Plated Vermeil / 9,,5600.00,6799.99,Yes
9920609583352,48966742343928,ACTIVE,5.20 ct DEW Oval White Moissanite Solitaire Ring – Timeless Gift for Anniversary 18K Go 18K Gold Plated,18K Gold Plated Vermeil / 10,,5600.00,6799.99,Yes
9920609681656,48966743785720,ACTIVE,9.75 ct DEW Certified White Moissanite Solitaire Ring – Romantic Gift for Spouse 18K Go 18K Gold Plated,18K Gold Plated Vermeil / 7,GH-MOI-00876,8400.00,8400.00,No (reverted)
9920609681656,48966743818488,ACTIVE,9.75 ct DEW Certified White Moissanite Solitaire Ring – Romantic Gift for Spouse 18K Go 18K Gold Plated,18K Gold Plated Vermeil / 5,,8400.00,8400.00,No (reverted)
9920609681656,48966743851256,ACTIVE,9.75 ct DEW Certified White Moissanite Solitaire Ring – Romantic Gift for Spouse 18K Go 18K Gold Plated,18K Gold Plated Vermeil / 6,,8400.00,8400.00,No (reverted)
9920609681656,48966743884024,ACTIVE,9.75 ct DEW Certified White Moissanite Solitaire Ring – Romantic Gift for Spouse 18K Go 18K Gold Plated,18K Gold Plated Vermeil / 8,,8400.00,8400.00,No (reverted)
9920609681656,48966743916792,ACTIVE,9.75 ct DEW Certified White Moissanite Solitaire Ring – Romantic Gift for Spouse 18K Go 18K Gold Plated,18K Gold Plated Vermeil / 9,,8400.00,8400.00,No (reverted)
9920609681656,48966743949560,ACTIVE,9.75 ct DEW Certified White Moissanite Solitaire Ring – Romantic Gift for Spouse 18K Go 18K Gold Plated,18K Gold Plated Vermeil / 10,,8400.00,8400.00,No (reverted)
9920609747192,48966747717880,ACTIVE,7.25 ct DEW Certified White Moissanite Men's Ring – Stylish Gift for Him this Fall 18K 18K Gold Plated,18K Gold Plated Vermeil / 7,GH-MOI-00875,5600.00,6799.99,Yes
9920609747192,48966747750648,ACTIVE,7.25 ct DEW Certified White Moissanite Men's Ring – Stylish Gift for Him this Fall 18K 18K Gold Plated,18K Gold Plated Vermeil / 5,,5600.00,6799.99,Yes
9920609747192,48966747783416,ACTIVE,7.25 ct DEW Certified White Moissanite Men's Ring – Stylish Gift for Him this Fall 18K 18K Gold Plated,18K Gold Plated Vermeil / 6,,5600.00,6799.99,Yes
9920609747192,48966747816184,ACTIVE,7.25 ct DEW Certified White Moissanite Men's Ring – Stylish Gift for Him this Fall 18K 18K Gold Plated,18K Gold Plated Vermeil / 8,,5600.00,6799.99,Yes
9920609747192,48966747848952,ACTIVE,7.25 ct DEW Certified White Moissanite Men's Ring – Stylish Gift for Him this Fall 18K 18K Gold Plated,18K Gold Plated Vermeil / 9,,5600.00,6799.99,Yes
9920609747192,48966747881720,ACTIVE,7.25 ct DEW Certified White Moissanite Men's Ring – Stylish Gift for Him this Fall 18K 18K Gold Plated,18K Gold Plated Vermeil / 10,,5600.00,6799.99,Yes
9920609779960,48966747914488,ACTIVE,38.00 ct DEW Certified White Moissanite Solitaire Ring – Statement Piece for Wedding 18 18K Gold Plated,18K Gold Plated Vermeil / 7,GH-MOI-00874,31500.00,31500.00,No (reverted)
9920609779960,48966747947256,ACTIVE,38.00 ct DEW Certified White Moissanite Solitaire Ring – Statement Piece for Wedding 18 18K Gold Plated,18K Gold Plated Vermeil / 5,,31500.00,31500.00,No (reverted)
9920609779960,48966747980024,ACTIVE,38.00 ct DEW Certified White Moissanite Solitaire Ring – Statement Piece for Wedding 18 18K Gold Plated,18K Gold Plated Vermeil / 6,,31500.00,31500.00,No (reverted)
9920609779960,48966748012792,ACTIVE,38.00 ct DEW Certified White Moissanite Solitaire Ring – Statement Piece for Wedding 18 18K Gold Plated,18K Gold Plated Vermeil / 8,,31500.00,31500.00,No (reverted)
9920609779960,48966748045560,ACTIVE,38.00 ct DEW Certified White Moissanite Solitaire Ring – Statement Piece for Wedding 18 18K Gold Plated,18K Gold Plated Vermeil / 9,,31500.00,31500.00,No (reverted)
9920609779960,48966748078328,ACTIVE,38.00 ct DEW Certified White Moissanite Solitaire Ring – Statement Piece for Wedding 18 18K Gold Plated,18K Gold Plated Vermeil / 10,,31500.00,31500.00,No (reverted)
9920609845496,48966749487352,ACTIVE,2.00 ct DEW Oval White Moissanite Solitaire Ring – Elegant Jewellery for Her Birthday 18K 18K Gold Plated,18K Gold Plated Vermeil / 7,GH-MOI-00873,4200.00,5099.99,Yes
9920609845496,48966749520120,ACTIVE,2.00 ct DEW Oval White Moissanite Solitaire Ring – Elegant Jewellery for Her Birthday 18K 18K Gold Plated,18K Gold Plated Vermeil / 5,,4200.00,5099.99,Yes
9920609845496,48966749552888,ACTIVE,2.00 ct DEW Oval White Moissanite Solitaire Ring – Elegant Jewellery for Her Birthday 18K 18K Gold Plated,18K Gold Plated Vermeil / 6,,4200.00,5099.99,Yes
9920609845496,48966749585656,ACTIVE,2.00 ct DEW Oval White Moissanite Solitaire Ring – Elegant Jewellery for Her Birthday 18K 18K Gold Plated,18K Gold Plated Vermeil / 8,,4200.00,5099.99,Yes
9920609845496,48966749618424,ACTIVE,2.00 ct DEW Oval White Moissanite Solitaire Ring – Elegant Jewellery for Her Birthday 18K 18K Gold Plated,18K Gold Plated Vermeil / 9,,4200.00,5099.99,Yes
9920609845496,48966749651192,ACTIVE,2.00 ct DEW Oval White Moissanite Solitaire Ring – Elegant Jewellery for Her Birthday 18K 18K Gold Plated,18K Gold Plated Vermeil / 10,,4200.00,5099.99,Yes
9920609878264,48966749683960,ACTIVE,11.50 ct DEW Certified White Moissanite Solitaire Ring – Luxury Jewellery for Fall 18K Go 18K Gold Plated,18K Gold Plated Vermeil / 7,GH-MOI-00872,9100.00,9100.00,No (reverted)
9920609878264,48966749716728,ACTIVE,11.50 ct DEW Certified White Moissanite Solitaire Ring – Luxury Jewellery for Fall 18K Go 18K Gold Plated,18K Gold Plated Vermeil / 5,,9100.00,9100.00,No (reverted)
9920609878264,48966749749496,ACTIVE,11.50 ct DEW Certified White Moissanite Solitaire Ring – Luxury Jewellery for Fall 18K Go 18K Gold Plated,18K Gold Plated Vermeil / 6,,9100.00,9100.00,No (reverted)
9920609878264,48966749782264,ACTIVE,11.50 ct DEW Certified White Moissanite Solitaire Ring – Luxury Jewellery for Fall 18K Go 18K Gold Plated,18K Gold Plated Vermeil / 8,,9100.00,9100.00,No (reverted)
9920609878264,48966749815032,ACTIVE,11.50 ct DEW Certified White Moissanite Solitaire Ring – Luxury Jewellery for Fall 18K Go 18K Gold Plated,18K Gold Plated Vermeil / 9,,9100.00,9100.00,No (reverted)
9920609878264,48966749847800,ACTIVE,11.50 ct DEW Certified White Moissanite Solitaire Ring – Luxury Jewellery for Fall 18K Go 18K Gold Plated,18K Gold Plated Vermeil / 10,,9100.00,9100.00,No (reverted)
9920609911032,48966749880568,ACTIVE,7.50 ct DEW Certified Blue Moissanite Solitaire Ring in – Gift for Sister 18K Gold Plat 18K Gold Plated,18K Gold Plated Vermeil / 7,GH-MOI-00871,4900.00,5899.99,Yes
9920609911032,48966749913336,ACTIVE,7.50 ct DEW Certified Blue Moissanite Solitaire Ring in – Gift for Sister 18K Gold Plat 18K Gold Plated,18K Gold Plated Vermeil / 5,,4900.00,5899.99,Yes
9920609911032,48966749946104,ACTIVE,7.50 ct DEW Certified Blue Moissanite Solitaire Ring in – Gift for Sister 18K Gold Plat 18K Gold Plated,18K Gold Plated Vermeil / 6,,4900.00,5899.99,Yes
9920609911032,48966749978872,ACTIVE,7.50 ct DEW Certified Blue Moissanite Solitaire Ring in – Gift for Sister 18K Gold Plat 18K Gold Plated,18K Gold Plated Vermeil / 8,,4900.00,5899.99,Yes
9920609911032,48966750011640,ACTIVE,7.50 ct DEW Certified Blue Moissanite Solitaire Ring in – Gift for Sister 18K Gold Plat 18K Gold Plated,18K Gold Plated Vermeil / 9,,4900.00,5899.99,Yes
9920609911032,48966750044408,ACTIVE,7.50 ct DEW Certified Blue Moissanite Solitaire Ring in – Gift for Sister 18K Gold Plat 18K Gold Plated,18K Gold Plated Vermeil / 10,,4900.00,5899.99,Yes
9920609976568,48966750470392,ACTIVE,5.90 ct DEW Certified White Moissanite Solitaire Ring – Anniversary Gift for Women 18K 18K Gold Plated,18K Gold Plated Vermeil / 7,GH-MOI-00870,7000.00,7000.00,No (reverted)
9920609976568,48966750503160,ACTIVE,5.90 ct DEW Certified White Moissanite Solitaire Ring – Anniversary Gift for Women 18K 18K Gold Plated,18K Gold Plated Vermeil / 5,,7000.00,7000.00,No (reverted)
9920609976568,48966750535928,ACTIVE,5.90 ct DEW Certified White Moissanite Solitaire Ring – Anniversary Gift for Women 18K 18K Gold Plated,18K Gold Plated Vermeil / 6,,7000.00,7000.00,No (reverted)
9920609976568,48966750568696,ACTIVE,5.90 ct DEW Certified White Moissanite Solitaire Ring – Anniversary Gift for Women 18K 18K Gold Plated,18K Gold Plated Vermeil / 8,,7000.00,7000.00,No (reverted)
9920609976568,48966750601464,ACTIVE,5.90 ct DEW Certified White Moissanite Solitaire Ring – Anniversary Gift for Women 18K 18K Gold Plated,18K Gold Plated Vermeil / 9,,7000.00,7000.00,No (reverted)
9920609976568,48966750634232,ACTIVE,5.90 ct DEW Certified White Moissanite Solitaire Ring – Anniversary Gift for Women 18K 18K Gold Plated,18K Gold Plated Vermeil / 10,,7000.00,7000.00,No (reverted)
9920610009336,48966750667000,ACTIVE,7.50 ct DEW Certified White Moissanite Solitaire Ring in – Gift for Wife 18K Gold Plate 18K Gold Plated,18K Gold Plated Vermeil / 7,GH-MOI-00869,5600.00,6799.99,Yes
9920610009336,48966750699768,ACTIVE,7.50 ct DEW Certified White Moissanite Solitaire Ring in – Gift for Wife 18K Gold Plate 18K Gold Plated,18K Gold Plated Vermeil / 5,,5600.00,6799.99,Yes
9920610009336,48966750732536,ACTIVE,7.50 ct DEW Certified White Moissanite Solitaire Ring in – Gift for Wife 18K Gold Plate 18K Gold Plated,18K Gold Plated Vermeil / 6,,5600.00,6799.99,Yes
9920610009336,48966750765304,ACTIVE,7.50 ct DEW Certified White Moissanite Solitaire Ring in – Gift for Wife 18K Gold Plate 18K Gold Plated,18K Gold Plated Vermeil / 8,,5600.00,6799.99,Yes
9920610009336,48966750798072,ACTIVE,7.50 ct DEW Certified White Moissanite Solitaire Ring in – Gift for Wife 18K Gold Plate 18K Gold Plated,18K Gold Plated Vermeil / 9,,5600.00,6799.99,Yes
9920610009336,48966750830840,ACTIVE,7.50 ct DEW Certified White Moissanite Solitaire Ring in – Gift for Wife 18K Gold Plate 18K Gold Plated,18K Gold Plated Vermeil / 10,,5600.00,6799.99,Yes
9920610042104,48966751256824,ACTIVE,6.50 ct DEW Certified White Moissanite Solitaire Ring – Elegant Fall Gift for Her 18K G 18K Gold Plated,18K Gold Plated Vermeil / 7,GH-MOI-00868,7000.00,7000.00,No (reverted)
9920610042104,48966751289592,ACTIVE,6.50 ct DEW Certified White Moissanite Solitaire Ring – Elegant Fall Gift for Her 18K G 18K Gold Plated,18K Gold Plated Vermeil / 5,,7000.00,7000.00,No (reverted)
9920610042104,48966751322360,ACTIVE,6.50 ct DEW Certified White Moissanite Solitaire Ring – Elegant Fall Gift for Her 18K G 18K Gold Plated,18K Gold Plated Vermeil / 6,,7000.00,7000.00,No (reverted)
9920610042104,48966751355128,ACTIVE,6.50 ct DEW Certified White Moissanite Solitaire Ring – Elegant Fall Gift for Her 18K G 18K Gold Plated,18K Gold Plated Vermeil / 8,,7000.00,7000.00,No (reverted)
9920610042104,48966751387896,ACTIVE,6.50 ct DEW Certified White Moissanite Solitaire Ring – Elegant Fall Gift for Her 18K G 18K Gold Plated,18K Gold Plated Vermeil / 9,,7000.00,7000.00,No (reverted)
9920610042104,48966751420664,ACTIVE,6.50 ct DEW Certified White Moissanite Solitaire Ring – Elegant Fall Gift for Her 18K G 18K Gold Plated,18K Gold Plated Vermeil / 10,,7000.00,7000.00,No (reverted)
9920610140408,48966751486200,ACTIVE,Certified 1.00 ct DEW White Moissanite Ring with Sapphire Accents – Labor Day Gift 18K 18K Gold Plated,18K Gold Plated Vermeil / 7,GH-MOI-00867,4200.00,5099.99,Yes
9920610140408,48966751518968,ACTIVE,Certified 1.00 ct DEW White Moissanite Ring with Sapphire Accents – Labor Day Gift 18K 18K Gold Plated,18K Gold Plated Vermeil / 5,,4200.00,5099.99,Yes
9920610140408,48966751551736,ACTIVE,Certified 1.00 ct DEW White Moissanite Ring with Sapphire Accents – Labor Day Gift 18K 18K Gold Plated,18K Gold Plated Vermeil / 6,,4200.00,5099.99,Yes
9920610140408,48966751584504,ACTIVE,Certified 1.00 ct DEW White Moissanite Ring with Sapphire Accents – Labor Day Gift 18K 18K Gold Plated,18K Gold Plated Vermeil / 8,,4200.00,5099.99,Yes
9920610140408,48966751617272,ACTIVE,Certified 1.00 ct DEW White Moissanite Ring with Sapphire Accents – Labor Day Gift 18K 18K Gold Plated,18K Gold Plated Vermeil / 9,,4200.00,5099.99,Yes
9920610140408,48966751650040,ACTIVE,Certified 1.00 ct DEW White Moissanite Ring with Sapphire Accents – Labor Day Gift 18K 18K Gold Plated,18K Gold Plated Vermeil / 10,,4200.00,5099.99,Yes
9920610205944,48966752076024,ACTIVE,4.48 ct DEW Emerald Cut White Moissanite Solitaire Ring in – Gift Idea 18K Gold Plated 18K Gold Plated,18K Gold Plated Vermeil / 7,GH-MOI-00866,7000.00,7000.00,No (reverted)
9920610205944,48966752108792,ACTIVE,4.48 ct DEW Emerald Cut White Moissanite Solitaire Ring in – Gift Idea 18K Gold Plated 18K Gold Plated,18K Gold Plated Vermeil / 5,,7000.00,7000.00,No (reverted)
9920610205944,48966752141560,ACTIVE,4.48 ct DEW Emerald Cut White Moissanite Solitaire Ring in – Gift Idea 18K Gold Plated 18K Gold Plated,18K Gold Plated Vermeil / 6,,7000.00,7000.00,No (reverted)
9920610205944,48966752174328,ACTIVE,4.48 ct DEW Emerald Cut White Moissanite Solitaire Ring in – Gift Idea 18K Gold Plated 18K Gold Plated,18K Gold Plated Vermeil / 8,,7000.00,7000.00,No (reverted)
9920610205944,48966752207096,ACTIVE,4.48 ct DEW Emerald Cut White Moissanite Solitaire Ring in – Gift Idea 18K Gold Plated 18K Gold Plated,18K Gold Plated Vermeil / 9,,7000.00,7000.00,No (reverted)
9920610205944,48966752239864,ACTIVE,4.48 ct DEW Emerald Cut White Moissanite Solitaire Ring in – Gift Idea 18K Gold Plated 18K Gold Plated,18K Gold Plated Vermeil / 10,,7000.00,7000.00,No (reverted)
9920610271480,48966752665848,ACTIVE,6.30 ct DEW Heart Cut White Moissanite Solitaire Ring – Festive Gift 18K Gold Plated Ve 18K Gold Plated,18K Gold Plated Vermeil / 7,GH-MOI-00865,7700.00,7700.00,No (reverted)
9920610271480,48966752698616,ACTIVE,6.30 ct DEW Heart Cut White Moissanite Solitaire Ring – Festive Gift 18K Gold Plated Ve 18K Gold Plated,18K Gold Plated Vermeil / 5,,7700.00,7700.00,No (reverted)
9920610271480,48966752731384,ACTIVE,6.30 ct DEW Heart Cut White Moissanite Solitaire Ring – Festive Gift 18K Gold Plated Ve 18K Gold Plated,18K Gold Plated Vermeil / 6,,7700.00,7700.00,No (reverted)
9920610271480,48966752764152,ACTIVE,6.30 ct DEW Heart Cut White Moissanite Solitaire Ring – Festive Gift 18K Gold Plated Ve 18K Gold Plated,18K Gold Plated Vermeil / 8,,7700.00,7700.00,No (reverted)
9920610271480,48966752796920,ACTIVE,6.30 ct DEW Heart Cut White Moissanite Solitaire Ring – Festive Gift 18K Gold Plated Ve 18K Gold Plated,18K Gold Plated Vermeil / 9,,7700.00,7700.00,No (reverted)
9920610271480,48966752829688,ACTIVE,6.30 ct DEW Heart Cut White Moissanite Solitaire Ring – Festive Gift 18K Gold Plated Ve 18K Gold Plated,18K Gold Plated Vermeil / 10,,7700.00,7700.00,No (reverted)
9920610337016,48966753255672,ACTIVE,8.20 ct DEW Champagne Moissanite Solitaire Ring in – Gift for Husband 18K Gold Plated V 18K Gold Plated,18K Gold Plated Vermeil / 7,GH-MOI-00864,7000.00,7000.00,No (reverted)
9920610337016,48966753288440,ACTIVE,8.20 ct DEW Champagne Moissanite Solitaire Ring in – Gift for Husband 18K Gold Plated V 18K Gold Plated,18K Gold Plated Vermeil / 5,,7000.00,7000.00,No (reverted)
9920610337016,48966753321208,ACTIVE,8.20 ct DEW Champagne Moissanite Solitaire Ring in – Gift for Husband 18K Gold Plated V 18K Gold Plated,18K Gold Plated Vermeil / 6,,7000.00,7000.00,No (reverted)
9920610337016,48966753353976,ACTIVE,8.20 ct DEW Champagne Moissanite Solitaire Ring in – Gift for Husband 18K Gold Plated V 18K Gold Plated,18K Gold Plated Vermeil / 8,,7000.00,7000.00,No (reverted)
9920610337016,48966753386744,ACTIVE,8.20 ct DEW Champagne Moissanite Solitaire Ring in – Gift for Husband 18K Gold Plated V 18K Gold Plated,18K Gold Plated Vermeil / 9,,7000.00,7000.00,No (reverted)
9920610337016,48966753419512,ACTIVE,8.20 ct DEW Champagne Moissanite Solitaire Ring in – Gift for Husband 18K Gold Plated V 18K Gold Plated,18K Gold Plated Vermeil / 10,,7000.00,7000.00,No (reverted)
9920610369784,48966753452280,ACTIVE,5.32 ct DEW Round Cut White Moissanite Solitaire Ring – Birthday Gift 18K Gold Plated V 18K Gold Plated,18K Gold Plated Vermeil / 7,GH-MOI-00863,6300.00,6300.00,No (reverted)
9920610369784,48966753485048,ACTIVE,5.32 ct DEW Round Cut White Moissanite Solitaire Ring – Birthday Gift 18K Gold Plated V 18K Gold Plated,18K Gold Plated Vermeil / 5,,6300.00,6300.00,No (reverted)
9920610369784,48966753517816,ACTIVE,5.32 ct DEW Round Cut White Moissanite Solitaire Ring – Birthday Gift 18K Gold Plated V 18K Gold Plated,18K Gold Plated Vermeil / 6,,6300.00,6300.00,No (reverted)
9920610369784,48966753550584,ACTIVE,5.32 ct DEW Round Cut White Moissanite Solitaire Ring – Birthday Gift 18K Gold Plated V 18K Gold Plated,18K Gold Plated Vermeil / 8,,6300.00,6300.00,No (reverted)
9920610369784,48966753583352,ACTIVE,5.32 ct DEW Round Cut White Moissanite Solitaire Ring – Birthday Gift 18K Gold Plated V 18K Gold Plated,18K Gold Plated Vermeil / 9,,6300.00,6300.00,No (reverted)
9920610369784,48966753616120,ACTIVE,5.32 ct DEW Round Cut White Moissanite Solitaire Ring – Birthday Gift 18K Gold Plated V 18K Gold Plated,18K Gold Plated Vermeil / 10,,6300.00,6300.00,No (reverted)
9920610402552,48966754042104,ACTIVE,4.80 ct DEW Certified White Moissanite Solitaire Ring in – Gift for Him 18K Gold Plated,18K Gold Plated Vermeil / 7,GH-MOI-00862,6300.00,6300.00,No (reverted)
9920610402552,48966754074872,ACTIVE,4.80 ct DEW Certified White Moissanite Solitaire Ring in – Gift for Him 18K Gold Plated,18K Gold Plated Vermeil / 5,,6300.00,6300.00,No (reverted)
9920610402552,48966754107640,ACTIVE,4.80 ct DEW Certified White Moissanite Solitaire Ring in – Gift for Him 18K Gold Plated,18K Gold Plated Vermeil / 6,,6300.00,6300.00,No (reverted)
9920610402552,48966754140408,ACTIVE,4.80 ct DEW Certified White Moissanite Solitaire Ring in – Gift for Him 18K Gold Plated,18K Gold Plated Vermeil / 8,,6300.00,6300.00,No (reverted)
9920610402552,48966754173176,ACTIVE,4.80 ct DEW Certified White Moissanite Solitaire Ring in – Gift for Him 18K Gold Plated,18K Gold Plated Vermeil / 9,,6300.00,6300.00,No (reverted)
9920610402552,48966754205944,ACTIVE,4.80 ct DEW Certified White Moissanite Solitaire Ring in – Gift for Him 18K Gold Plated,18K Gold Plated Vermeil / 10,,6300.00,6300.00,No (reverted)
9920610468088,48966754238712,ACTIVE,9.25 ct DEW White Moissanite Men's Solitaire Ring – Christmas Gift 18K Gold Plated Verm 18K Gold Plated,18K Gold Plated Vermeil / 7,GH-MOI-00861,8400.00,8400.00,No (reverted)
9920610468088,48966754271480,ACTIVE,9.25 ct DEW White Moissanite Men's Solitaire Ring – Christmas Gift 18K Gold Plated Verm 18K Gold Plated,18K Gold Plated Vermeil / 5,,8400.00,8400.00,No (reverted)
9920610468088,48966754304248,ACTIVE,9.25 ct DEW White Moissanite Men's Solitaire Ring – Christmas Gift 18K Gold Plated Verm 18K Gold Plated,18K Gold Plated Vermeil / 6,,8400.00,8400.00,No (reverted)
9920610468088,48966754337016,ACTIVE,9.25 ct DEW White Moissanite Men's Solitaire Ring – Christmas Gift 18K Gold Plated Verm 18K Gold Plated,18K Gold Plated Vermeil / 8,,8400.00,8400.00,No (reverted)
9920610468088,48966754369784,ACTIVE,9.25 ct DEW White Moissanite Men's Solitaire Ring – Christmas Gift 18K Gold Plated Verm 18K Gold Plated,18K Gold Plated Vermeil / 9,,8400.00,8400.00,No (reverted)
9920610468088,48966754402552,ACTIVE,9.25 ct DEW White Moissanite Men's Solitaire Ring – Christmas Gift 18K Gold Plated Verm 18K Gold Plated,18K Gold Plated Vermeil / 10,,8400.00,8400.00,No (reverted)
9920610500856,48966754435320,ACTIVE,4.70 ct DEW Princess Cut White Moissanite Solitaire Ring – Gift for Her 18K Gold Plated,18K Gold Plated Vermeil / 7,GH-MOI-00860,6300.00,6300.00,No (reverted)
9920610500856,48966754468088,ACTIVE,4.70 ct DEW Princess Cut White Moissanite Solitaire Ring – Gift for Her 18K Gold Plated,18K Gold Plated Vermeil / 5,,6300.00,6300.00,No (reverted)
9920610500856,48966754500856,ACTIVE,4.70 ct DEW Princess Cut White Moissanite Solitaire Ring – Gift for Her 18K Gold Plated,18K Gold Plated Vermeil / 6,,6300.00,6300.00,No (reverted)
9920610500856,48966754533624,ACTIVE,4.70 ct DEW Princess Cut White Moissanite Solitaire Ring – Gift for Her 18K Gold Plated,18K Gold Plated Vermeil / 8,,6300.00,6300.00,No (reverted)
9920610500856,48966754566392,ACTIVE,4.70 ct DEW Princess Cut White Moissanite Solitaire Ring – Gift for Her 18K Gold Plated,18K Gold Plated Vermeil / 9,,6300.00,6300.00,No (reverted)
9920610500856,48966754599160,ACTIVE,4.70 ct DEW Princess Cut White Moissanite Solitaire Ring – Gift for Her 18K Gold Plated,18K Gold Plated Vermeil / 10,,6300.00,6300.00,No (reverted)
9920610599160,48966755057912,ACTIVE,5.45 ct DEW Blue Round Moissanite Solitaire Ring in – New Year Surprise 18K Gold Plated,18K Gold Plated Vermeil / 7,GH-MOI-00859,5600.00,6799.99,Yes
9920610599160,48966755090680,ACTIVE,5.45 ct DEW Blue Round Moissanite Solitaire Ring in – New Year Surprise 18K Gold Plated,18K Gold Plated Vermeil / 5,,5600.00,6799.99,Yes
9920610599160,48966755123448,ACTIVE,5.45 ct DEW Blue Round Moissanite Solitaire Ring in – New Year Surprise 18K Gold Plated,18K Gold Plated Vermeil / 6,,5600.00,6799.99,Yes
9920610599160,48966755156216,ACTIVE,5.45 ct DEW Blue Round Moissanite Solitaire Ring in – New Year Surprise 18K Gold Plated,18K Gold Plated Vermeil / 8,,5600.00,6799.99,Yes
9920610599160,48966755188984,ACTIVE,5.45 ct DEW Blue Round Moissanite Solitaire Ring in – New Year Surprise 18K Gold Plated,18K Gold Plated Vermeil / 9,,5600.00,6799.99,Yes
9920610599160,48966755221752,ACTIVE,5.45 ct DEW Blue Round Moissanite Solitaire Ring in – New Year Surprise 18K Gold Plated,18K Gold Plated Vermeil / 10,,5600.00,6799.99,Yes
9920610664696,48966755647736,ACTIVE,2.00 ct DEW Marquise Cut White Moissanite Solitaire Ring in – Gift Pick 18K Gold Plated,18K Gold Plated Vermeil / 7,GH-MOI-00858,4200.00,5099.99,Yes
9920610664696,48966755680504,ACTIVE,2.00 ct DEW Marquise Cut White Moissanite Solitaire Ring in – Gift Pick 18K Gold Plated,18K Gold Plated Vermeil / 5,,4200.00,5099.99,Yes
9920610664696,48966755713272,ACTIVE,2.00 ct DEW Marquise Cut White Moissanite Solitaire Ring in – Gift Pick 18K Gold Plated,18K Gold Plated Vermeil / 6,,4200.00,5099.99,Yes
9920610664696,48966755746040,ACTIVE,2.00 ct DEW Marquise Cut White Moissanite Solitaire Ring in – Gift Pick 18K Gold Plated,18K Gold Plated Vermeil / 8,,4200.00,5099.99,Yes
9920610664696,48966755778808,ACTIVE,2.00 ct DEW Marquise Cut White Moissanite Solitaire Ring in – Gift Pick 18K Gold Plated,18K Gold Plated Vermeil / 9,,4200.00,5099.99,Yes
9920610664696,48966755811576,ACTIVE,2.00 ct DEW Marquise Cut White Moissanite Solitaire Ring in – Gift Pick 18K Gold Plated,18K Gold Plated Vermeil / 10,,4200.00,5099.99,Yes
9920610730232,48966756237560,ACTIVE,6.50 ct DEW Certified White Moissanite Solitaire Ring in – Festive Gift 18K Gold Plated,18K Gold Plated Vermeil / 7,GH-MOI-00857,7000.00,7000.00,No (reverted)
9920610730232,48966756270328,ACTIVE,6.50 ct DEW Certified White Moissanite Solitaire Ring in – Festive Gift 18K Gold Plated,18K Gold Plated Vermeil / 5,,7000.00,7000.00,No (reverted)
9920610730232,48966756303096,ACTIVE,6.50 ct DEW Certified White Moissanite Solitaire Ring in – Festive Gift 18K Gold Plated,18K Gold Plated Vermeil / 6,,7000.00,7000.00,No (reverted)
9920610730232,48966756335864,ACTIVE,6.50 ct DEW Certified White Moissanite Solitaire Ring in – Festive Gift 18K Gold Plated,18K Gold Plated Vermeil / 8,,7000.00,7000.00,No (reverted)
9920610730232,48966756368632,ACTIVE,6.50 ct DEW Certified White Moissanite Solitaire Ring in – Festive Gift 18K Gold Plated,18K Gold Plated Vermeil / 9,,7000.00,7000.00,No (reverted)
9920610730232,48966756401400,ACTIVE,6.50 ct DEW Certified White Moissanite Solitaire Ring in – Festive Gift 18K Gold Plated,18K Gold Plated Vermeil / 10,,7000.00,7000.00,No (reverted)
9920610763000,48966756434168,ACTIVE,2.85 ct DEW Certified White Moissanite Solitaire Ring in – Gift for Wife 18K Gold Plate 18K Gold Plated,18K Gold Plated Vermeil / 7,GH-MOI-00856,4200.00,5099.99,Yes
9920610763000,48966756466936,ACTIVE,2.85 ct DEW Certified White Moissanite Solitaire Ring in – Gift for Wife 18K Gold Plate 18K Gold Plated,18K Gold Plated Vermeil / 5,,4200.00,5099.99,Yes
9920610763000,48966756499704,ACTIVE,2.85 ct DEW Certified White Moissanite Solitaire Ring in – Gift for Wife 18K Gold Plate 18K Gold Plated,18K Gold Plated Vermeil / 6,,4200.00,5099.99,Yes
9920610763000,48966756532472,ACTIVE,2.85 ct DEW Certified White Moissanite Solitaire Ring in – Gift for Wife 18K Gold Plate 18K Gold Plated,18K Gold Plated Vermeil / 8,,4200.00,5099.99,Yes
9920610763000,48966756565240,ACTIVE,2.85 ct DEW Certified White Moissanite Solitaire Ring in – Gift for Wife 18K Gold Plate 18K Gold Plated,18K Gold Plated Vermeil / 9,,4200.00,5099.99,Yes
9920610763000,48966756598008,ACTIVE,2.85 ct DEW Certified White Moissanite Solitaire Ring in – Gift for Wife 18K Gold Plate 18K Gold Plated,18K Gold Plated Vermeil / 10,,4200.00,5099.99,Yes
9920610795768,48966757023992,ACTIVE,7.25 ct DEW Heart Cut White Moissanite Solitaire Ring in – Romantic Gift 18K Gold Plate 18K Gold Plated,18K Gold Plated Vermeil / 7,GH-MOI-00855,8400.00,8400.00,No (reverted)
9920610795768,48966757056760,ACTIVE,7.25 ct DEW Heart Cut White Moissanite Solitaire Ring in – Romantic Gift 18K Gold Plate 18K Gold Plated,18K Gold Plated Vermeil / 5,,8400.00,8400.00,No (reverted)
9920610795768,48966757089528,ACTIVE,7.25 ct DEW Heart Cut White Moissanite Solitaire Ring in – Romantic Gift 18K Gold Plate 18K Gold Plated,18K Gold Plated Vermeil / 6,,8400.00,8400.00,No (reverted)
9920610795768,48966757122296,ACTIVE,7.25 ct DEW Heart Cut White Moissanite Solitaire Ring in – Romantic Gift 18K Gold Plate 18K Gold Plated,18K Gold Plated Vermeil / 8,,8400.00,8400.00,No (reverted)
9920610795768,48966757155064,ACTIVE,7.25 ct DEW Heart Cut White Moissanite Solitaire Ring in – Romantic Gift 18K Gold Plate 18K Gold Plated,18K Gold Plated Vermeil / 9,,8400.00,8400.00,No (reverted)
9920610795768,48966757187832,ACTIVE,7.25 ct DEW Heart Cut White Moissanite Solitaire Ring in – Romantic Gift 18K Gold Plate 18K Gold Plated,18K Gold Plated Vermeil / 10,,8400.00,8400.00,No (reverted)
9920610861304,48966757253368,ACTIVE,10 ct DEW Certified Blue Round Moissanite Solitaire Ring – Xmas Surprise 18K Gold Plate 18K Gold Plated,18K Gold Plated Vermeil / 7,GH-MOI-00854,7000.00,7000.00,No (reverted)
9920610861304,48966757286136,ACTIVE,10 ct DEW Certified Blue Round Moissanite Solitaire Ring – Xmas Surprise 18K Gold Plate 18K Gold Plated,18K Gold Plated Vermeil / 5,,7000.00,7000.00,No (reverted)
9920610861304,48966757318904,ACTIVE,10 ct DEW Certified Blue Round Moissanite Solitaire Ring – Xmas Surprise 18K Gold Plate 18K Gold Plated,18K Gold Plated Vermeil / 6,,7000.00,7000.00,No (reverted)
9920610861304,48966757351672,ACTIVE,10 ct DEW Certified Blue Round Moissanite Solitaire Ring – Xmas Surprise 18K Gold Plate 18K Gold Plated,18K Gold Plated Vermeil / 8,,7000.00,7000.00,No (reverted)
9920610861304,48966757384440,ACTIVE,10 ct DEW Certified Blue Round Moissanite Solitaire Ring – Xmas Surprise 18K Gold Plate 18K Gold Plated,18K Gold Plated Vermeil / 9,,7000.00,7000.00,No (reverted)
9920610861304,48966757417208,ACTIVE,10 ct DEW Certified Blue Round Moissanite Solitaire Ring – Xmas Surprise 18K Gold Plate 18K Gold Plated,18K Gold Plated Vermeil / 10,,7000.00,7000.00,No (reverted)
9920610926840,48966757449976,ACTIVE,4.50 ct DEW Certified White Moissanite Solitaire Ring – Anniversary Gift 18K Gold Plate 18K Gold Plated,18K Gold Plated Vermeil / 7,GH-MOI-00853,5600.00,6799.99,Yes
9920610926840,48966757482744,ACTIVE,4.50 ct DEW Certified White Moissanite Solitaire Ring – Anniversary Gift 18K Gold Plate 18K Gold Plated,18K Gold Plated Vermeil / 5,,5600.00,6799.99,Yes
9920610926840,48966757515512,ACTIVE,4.50 ct DEW Certified White Moissanite Solitaire Ring – Anniversary Gift 18K Gold Plate 18K Gold Plated,18K Gold Plated Vermeil / 6,,5600.00,6799.99,Yes
9920610926840,48966757548280,ACTIVE,4.50 ct DEW Certified White Moissanite Solitaire Ring – Anniversary Gift 18K Gold Plate 18K Gold Plated,18K Gold Plated Vermeil / 8,,5600.00,6799.99,Yes
9920610926840,48966757581048,ACTIVE,4.50 ct DEW Certified White Moissanite Solitaire Ring – Anniversary Gift 18K Gold Plate 18K Gold Plated,18K Gold Plated Vermeil / 9,,5600.00,6799.99,Yes
9920610926840,48966757613816,ACTIVE,4.50 ct DEW Certified White Moissanite Solitaire Ring – Anniversary Gift 18K Gold Plate 18K Gold Plated,18K Gold Plated Vermeil / 10,,5600.00,6799.99,Yes
9920610992376,48966758039800,ACTIVE,25.50 ct DEW Certified White Moissanite Solitaire Ring in – Gift for Dad 18K Gold Plate 18K Gold Plated,18K Gold Plated Vermeil / 7,GH-MOI-00852,18900.00,18900.00,No (reverted)
9920610992376,48966758072568,ACTIVE,25.50 ct DEW Certified White Moissanite Solitaire Ring in – Gift for Dad 18K Gold Plate 18K Gold Plated,18K Gold Plated Vermeil / 5,,18900.00,18900.00,No (reverted)
9920610992376,48966758105336,ACTIVE,25.50 ct DEW Certified White Moissanite Solitaire Ring in – Gift for Dad 18K Gold Plate 18K Gold Plated,18K Gold Plated Vermeil / 6,,18900.00,18900.00,No (reverted)
9920610992376,48966758138104,ACTIVE,25.50 ct DEW Certified White Moissanite Solitaire Ring in – Gift for Dad 18K Gold Plate 18K Gold Plated,18K Gold Plated Vermeil / 8,,18900.00,18900.00,No (reverted)
9920610992376,48966758170872,ACTIVE,25.50 ct DEW Certified White Moissanite Solitaire Ring in – Gift for Dad 18K Gold Plate 18K Gold Plated,18K Gold Plated Vermeil / 9,,18900.00,18900.00,No (reverted)
9920610992376,48966758203640,ACTIVE,25.50 ct DEW Certified White Moissanite Solitaire Ring in – Gift for Dad 18K Gold Plate 18K Gold Plated,18K Gold Plated Vermeil / 10,,18900.00,18900.00,No (reverted)
9920611057912,48966758269176,ACTIVE,20.50 ct DEW Certified White Moissanite Solitaire Ring – New Year Gift 18K Gold Plated 18K Gold Plated,18K Gold Plated Vermeil / 7,GH-MOI-00851,18200.00,18200.00,No (reverted)
9920611057912,48966758301944,ACTIVE,20.50 ct DEW Certified White Moissanite Solitaire Ring – New Year Gift 18K Gold Plated 18K Gold Plated,18K Gold Plated Vermeil / 5,,18200.00,18200.00,No (reverted)
9920611057912,48966758334712,ACTIVE,20.50 ct DEW Certified White Moissanite Solitaire Ring – New Year Gift 18K Gold Plated 18K Gold Plated,18K Gold Plated Vermeil / 6,,18200.00,18200.00,No (reverted)
9920611057912,48966758367480,ACTIVE,20.50 ct DEW Certified White Moissanite Solitaire Ring – New Year Gift 18K Gold Plated 18K Gold Plated,18K Gold Plated Vermeil / 8,,18200.00,18200.00,No (reverted)
9920611057912,48966758400248,ACTIVE,20.50 ct DEW Certified White Moissanite Solitaire Ring – New Year Gift 18K Gold Plated 18K Gold Plated,18K Gold Plated Vermeil / 9,,18200.00,18200.00,No (reverted)
9920611057912,48966758433016,ACTIVE,20.50 ct DEW Certified White Moissanite Solitaire Ring – New Year Gift 18K Gold Plated 18K Gold Plated,18K Gold Plated Vermeil / 10,,18200.00,18200.00,No (reverted)
9920611090680,48966758465784,ACTIVE,"Emerald Cut White Moissanite Ring – 18K Gold Vermeil, 4.24 ct GRA Certified",18K Gold Plated Vermeil / 7,GH-MOI-00850,7000.00,7000.00,No (reverted)
9920611090680,48966758498552,ACTIVE,"Emerald Cut White Moissanite Ring – 18K Gold Vermeil, 4.24 ct GRA Certified",18K Gold Plated Vermeil / 5,,7000.00,7000.00,No (reverted)
9920611090680,48966758531320,ACTIVE,"Emerald Cut White Moissanite Ring – 18K Gold Vermeil, 4.24 ct GRA Certified",18K Gold Plated Vermeil / 6,,7000.00,7000.00,No (reverted)
9920611090680,48966758564088,ACTIVE,"Emerald Cut White Moissanite Ring – 18K Gold Vermeil, 4.24 ct GRA Certified",18K Gold Plated Vermeil / 8,,7000.00,7000.00,No (reverted)
9920611090680,48966758596856,ACTIVE,"Emerald Cut White Moissanite Ring – 18K Gold Vermeil, 4.24 ct GRA Certified",18K Gold Plated Vermeil / 9,,7000.00,7000.00,No (reverted)
9920611090680,48966758629624,ACTIVE,"Emerald Cut White Moissanite Ring – 18K Gold Vermeil, 4.24 ct GRA Certified",18K Gold Plated Vermeil / 10,,7000.00,7000.00,No (reverted)
9920611156216,48966759055608,ACTIVE,"Portuguese Cut Moissanite Solitaire Ring – 18K Gold Vermeil, 3.25 ct GRA Certified",18K Gold Plated Vermeil / 7,GH-MOI-00849,10500.00,10500.00,No (reverted)
9920611156216,48966759088376,ACTIVE,"Portuguese Cut Moissanite Solitaire Ring – 18K Gold Vermeil, 3.25 ct GRA Certified",18K Gold Plated Vermeil / 5,,10500.00,10500.00,No (reverted)
9920611156216,48966759121144,ACTIVE,"Portuguese Cut Moissanite Solitaire Ring – 18K Gold Vermeil, 3.25 ct GRA Certified",18K Gold Plated Vermeil / 6,,10500.00,10500.00,No (reverted)
9920611156216,48966759153912,ACTIVE,"Portuguese Cut Moissanite Solitaire Ring – 18K Gold Vermeil, 3.25 ct GRA Certified",18K Gold Plated Vermeil / 8,,10500.00,10500.00,No (reverted)
9920611156216,48966759186680,ACTIVE,"Portuguese Cut Moissanite Solitaire Ring – 18K Gold Vermeil, 3.25 ct GRA Certified",18K Gold Plated Vermeil / 9,,10500.00,10500.00,No (reverted)
9920611156216,48966759219448,ACTIVE,"Portuguese Cut Moissanite Solitaire Ring – 18K Gold Vermeil, 3.25 ct GRA Certified",18K Gold Plated Vermeil / 10,,10500.00,10500.00,No (reverted)
9920611188984,48966759252216,ACTIVE,"Round Cut Moissanite Solitaire Ring – 18K Gold Vermeil, 5.05 ct GRA Certified",18K Gold Plated Vermeil / 7,GH-MOI-00848,5600.00,6799.99,Yes
9920611188984,48966759284984,ACTIVE,"Round Cut Moissanite Solitaire Ring – 18K Gold Vermeil, 5.05 ct GRA Certified",18K Gold Plated Vermeil / 5,,5600.00,6799.99,Yes
9920611188984,48966759317752,ACTIVE,"Round Cut Moissanite Solitaire Ring – 18K Gold Vermeil, 5.05 ct GRA Certified",18K Gold Plated Vermeil / 6,,5600.00,6799.99,Yes
9920611188984,48966759350520,ACTIVE,"Round Cut Moissanite Solitaire Ring – 18K Gold Vermeil, 5.05 ct GRA Certified",18K Gold Plated Vermeil / 8,,5600.00,6799.99,Yes
9920611188984,48966759383288,ACTIVE,"Round Cut Moissanite Solitaire Ring – 18K Gold Vermeil, 5.05 ct GRA Certified",18K Gold Plated Vermeil / 9,,5600.00,6799.99,Yes
9920611188984,48966759416056,ACTIVE,"Round Cut Moissanite Solitaire Ring – 18K Gold Vermeil, 5.05 ct GRA Certified",18K Gold Plated Vermeil / 10,,5600.00,6799.99,Yes
9920611221752,48966759448824,ACTIVE,"Round Cut Moissanite Solitaire Ring – 18K Gold Vermeil, 3.35 ct GRA Certified",18K Gold Plated Vermeil / 7,GH-MOI-00847,4900.00,5899.99,Yes
9920611221752,48966759481592,ACTIVE,"Round Cut Moissanite Solitaire Ring – 18K Gold Vermeil, 3.35 ct GRA Certified",18K Gold Plated Vermeil / 5,,4900.00,5899.99,Yes
9920611221752,48966759514360,ACTIVE,"Round Cut Moissanite Solitaire Ring – 18K Gold Vermeil, 3.35 ct GRA Certified",18K Gold Plated Vermeil / 6,,4900.00,5899.99,Yes
9920611221752,48966759547128,ACTIVE,"Round Cut Moissanite Solitaire Ring – 18K Gold Vermeil, 3.35 ct GRA Certified",18K Gold Plated Vermeil / 8,,4900.00,5899.99,Yes
9920611221752,48966759579896,ACTIVE,"Round Cut Moissanite Solitaire Ring – 18K Gold Vermeil, 3.35 ct GRA Certified",18K Gold Plated Vermeil / 9,,4900.00,5899.99,Yes
9920611221752,48966759612664,ACTIVE,"Round Cut Moissanite Solitaire Ring – 18K Gold Vermeil, 3.35 ct GRA Certified",18K Gold Plated Vermeil / 10,,4900.00,5899.99,Yes
9920611287288,48966760038648,ACTIVE,"Round Cut White Moissanite Solitaire Ring – 18K Gold Vermeil, 4.12 ct GRA Certified",18K Gold Plated Vermeil / 7,GH-MOI-00846,5600.00,6799.99,Yes
9920611287288,48966760071416,ACTIVE,"Round Cut White Moissanite Solitaire Ring – 18K Gold Vermeil, 4.12 ct GRA Certified",18K Gold Plated Vermeil / 5,,5600.00,6799.99,Yes
9920611287288,48966760104184,ACTIVE,"Round Cut White Moissanite Solitaire Ring – 18K Gold Vermeil, 4.12 ct GRA Certified",18K Gold Plated Vermeil / 6,,5600.00,6799.99,Yes
9920611287288,48966760136952,ACTIVE,"Round Cut White Moissanite Solitaire Ring – 18K Gold Vermeil, 4.12 ct GRA Certified",18K Gold Plated Vermeil / 8,,5600.00,6799.99,Yes
9920611287288,48966760169720,ACTIVE,"Round Cut White Moissanite Solitaire Ring – 18K Gold Vermeil, 4.12 ct GRA Certified",18K Gold Plated Vermeil / 9,,5600.00,6799.99,Yes
9920611287288,48966760202488,ACTIVE,"Round Cut White Moissanite Solitaire Ring – 18K Gold Vermeil, 4.12 ct GRA Certified",18K Gold Plated Vermeil / 10,,5600.00,6799.99,Yes
9920611320056,48966760235256,ACTIVE,Off-White Moissanite Ring in 18K Gold Vermeil – 2.80 ct GRA Certified,18K Gold Plated Vermeil / 7,GH-MOI-00845,5600.00,6799.99,Yes
9920611320056,48966760268024,ACTIVE,Off-White Moissanite Ring in 18K Gold Vermeil – 2.80 ct GRA Certified,18K Gold Plated Vermeil / 5,,5600.00,6799.99,Yes
9920611320056,48966760300792,ACTIVE,Off-White Moissanite Ring in 18K Gold Vermeil – 2.80 ct GRA Certified,18K Gold Plated Vermeil / 6,,5600.00,6799.99,Yes
9920611320056,48966760333560,ACTIVE,Off-White Moissanite Ring in 18K Gold Vermeil – 2.80 ct GRA Certified,18K Gold Plated Vermeil / 8,,5600.00,6799.99,Yes
9920611320056,48966760366328,ACTIVE,Off-White Moissanite Ring in 18K Gold Vermeil – 2.80 ct GRA Certified,18K Gold Plated Vermeil / 9,,5600.00,6799.99,Yes
9920611320056,48966760399096,ACTIVE,Off-White Moissanite Ring in 18K Gold Vermeil – 2.80 ct GRA Certified,18K Gold Plated Vermeil / 10,,5600.00,6799.99,Yes
9920611385592,48966760595704,ACTIVE,Asscher Cut Moissanite Engagement Ring in 18K Gold Vermeil – 2.70 ct GRA Certified,18K Gold Plated Vermeil / 7,GH-MOI-00844,3500.00,4199.99,Yes
9920611385592,48966760628472,ACTIVE,Asscher Cut Moissanite Engagement Ring in 18K Gold Vermeil – 2.70 ct GRA Certified,18K Gold Plated Vermeil / 5,,3500.00,4199.99,Yes
9920611385592,48966760661240,ACTIVE,Asscher Cut Moissanite Engagement Ring in 18K Gold Vermeil – 2.70 ct GRA Certified,18K Gold Plated Vermeil / 6,,3500.00,4199.99,Yes
9920611385592,48966760694008,ACTIVE,Asscher Cut Moissanite Engagement Ring in 18K Gold Vermeil – 2.70 ct GRA Certified,18K Gold Plated Vermeil / 8,,3500.00,4199.99,Yes
9920611385592,48966760726776,ACTIVE,Asscher Cut Moissanite Engagement Ring in 18K Gold Vermeil – 2.70 ct GRA Certified,18K Gold Plated Vermeil / 9,,3500.00,4199.99,Yes
9920611385592,48966760759544,ACTIVE,Asscher Cut Moissanite Engagement Ring in 18K Gold Vermeil – 2.70 ct GRA Certified,18K Gold Plated Vermeil / 10,,3500.00,4199.99,Yes
9920611451128,48966761185528,ACTIVE,Blue Asscher Cut Moissanite Ring in 18K Gold Vermeil – 8.10 ct GRA Certified,18K Gold Plated Vermeil / 7,GH-MOI-00843,4200.00,5099.99,Yes
9920611451128,48966761218296,ACTIVE,Blue Asscher Cut Moissanite Ring in 18K Gold Vermeil – 8.10 ct GRA Certified,18K Gold Plated Vermeil / 5,,4200.00,5099.99,Yes
9920611451128,48966761251064,ACTIVE,Blue Asscher Cut Moissanite Ring in 18K Gold Vermeil – 8.10 ct GRA Certified,18K Gold Plated Vermeil / 6,,4200.00,5099.99,Yes
9920611451128,48966761283832,ACTIVE,Blue Asscher Cut Moissanite Ring in 18K Gold Vermeil – 8.10 ct GRA Certified,18K Gold Plated Vermeil / 8,,4200.00,5099.99,Yes
9920611451128,48966761316600,ACTIVE,Blue Asscher Cut Moissanite Ring in 18K Gold Vermeil – 8.10 ct GRA Certified,18K Gold Plated Vermeil / 9,,4200.00,5099.99,Yes
9920611451128,48966761349368,ACTIVE,Blue Asscher Cut Moissanite Ring in 18K Gold Vermeil – 8.10 ct GRA Certified,18K Gold Plated Vermeil / 10,,4200.00,5099.99,Yes
9920611516664,48966761414904,ACTIVE,Blue Cushion Cut Moissanite Ring in 18K Gold Vermeil – 8.50 ct GRA Certified,18K Gold Plated Vermeil / 7,GH-MOI-00842,4900.00,5899.99,Yes
9920611516664,48966761447672,ACTIVE,Blue Cushion Cut Moissanite Ring in 18K Gold Vermeil – 8.50 ct GRA Certified,18K Gold Plated Vermeil / 5,,4900.00,5899.99,Yes
9920611516664,48966761480440,ACTIVE,Blue Cushion Cut Moissanite Ring in 18K Gold Vermeil – 8.50 ct GRA Certified,18K Gold Plated Vermeil / 6,,4900.00,5899.99,Yes
9920611516664,48966761513208,ACTIVE,Blue Cushion Cut Moissanite Ring in 18K Gold Vermeil – 8.50 ct GRA Certified,18K Gold Plated Vermeil / 8,,4900.00,5899.99,Yes
9920611516664,48966761545976,ACTIVE,Blue Cushion Cut Moissanite Ring in 18K Gold Vermeil – 8.50 ct GRA Certified,18K Gold Plated Vermeil / 9,,4900.00,5899.99,Yes
9920611516664,48966761578744,ACTIVE,Blue Cushion Cut Moissanite Ring in 18K Gold Vermeil – 8.50 ct GRA Certified,18K Gold Plated Vermeil / 10,,4900.00,5899.99,Yes
9920611582200,48966762004728,ACTIVE,Champagne Moissanite Solitaire Ring in 18K Gold Vermeil – 5.60 ct GRA Certified,18K Gold Plated Vermeil / 7,GH-MOI-00841,6300.00,6300.00,No (reverted)
9920611582200,48966762037496,ACTIVE,Champagne Moissanite Solitaire Ring in 18K Gold Vermeil – 5.60 ct GRA Certified,18K Gold Plated Vermeil / 5,,6300.00,6300.00,No (reverted)
9920611582200,48966762070264,ACTIVE,Champagne Moissanite Solitaire Ring in 18K Gold Vermeil – 5.60 ct GRA Certified,18K Gold Plated Vermeil / 6,,6300.00,6300.00,No (reverted)
9920611582200,48966762103032,ACTIVE,Champagne Moissanite Solitaire Ring in 18K Gold Vermeil – 5.60 ct GRA Certified,18K Gold Plated Vermeil / 8,,6300.00,6300.00,No (reverted)
9920611582200,48966762135800,ACTIVE,Champagne Moissanite Solitaire Ring in 18K Gold Vermeil – 5.60 ct GRA Certified,18K Gold Plated Vermeil / 9,,6300.00,6300.00,No (reverted)
9920611582200,48966762168568,ACTIVE,Champagne Moissanite Solitaire Ring in 18K Gold Vermeil – 5.60 ct GRA Certified,18K Gold Plated Vermeil / 10,,6300.00,6300.00,No (reverted)
9920611647736,48966762234104,ACTIVE,2.60 ct DEW Pink Moissanite Ring Designer Gift for Women Anniversary 18K Gold Plated Ve 18K Gold Plated,18K Gold Plated Vermeil / 7,GH-MOI-00840,11900.00,11900.00,No (reverted)
9920611647736,48966762266872,ACTIVE,2.60 ct DEW Pink Moissanite Ring Designer Gift for Women Anniversary 18K Gold Plated Ve 18K Gold Plated,18K Gold Plated Vermeil / 5,,11900.00,11900.00,No (reverted)
9920611647736,48966762299640,ACTIVE,2.60 ct DEW Pink Moissanite Ring Designer Gift for Women Anniversary 18K Gold Plated Ve 18K Gold Plated,18K Gold Plated Vermeil / 6,,11900.00,11900.00,No (reverted)
9920611647736,48966762332408,ACTIVE,2.60 ct DEW Pink Moissanite Ring Designer Gift for Women Anniversary 18K Gold Plated Ve 18K Gold Plated,18K Gold Plated Vermeil / 8,,11900.00,11900.00,No (reverted)
9920611647736,48966762365176,ACTIVE,2.60 ct DEW Pink Moissanite Ring Designer Gift for Women Anniversary 18K Gold Plated Ve 18K Gold Plated,18K Gold Plated Vermeil / 9,,11900.00,11900.00,No (reverted)
9920611647736,48966762397944,ACTIVE,2.60 ct DEW Pink Moissanite Ring Designer Gift for Women Anniversary 18K Gold Plated Ve 18K Gold Plated,18K Gold Plated Vermeil / 10,,11900.00,11900.00,No (reverted)
9920611713272,48966762856696,ACTIVE,6.50 ct DEW Champagne Moissanite Ring Prong Set Gift for Birthday 18K Gold Plated Verme 18K Gold Plated,18K Gold Plated Vermeil / 7,GH-MOI-00839,4900.00,5899.99,Yes
9920611713272,48966762889464,ACTIVE,6.50 ct DEW Champagne Moissanite Ring Prong Set Gift for Birthday 18K Gold Plated Verme 18K Gold Plated,18K Gold Plated Vermeil / 5,,4900.00,5899.99,Yes
9920611713272,48966762922232,ACTIVE,6.50 ct DEW Champagne Moissanite Ring Prong Set Gift for Birthday 18K Gold Plated Verme 18K Gold Plated,18K Gold Plated Vermeil / 6,,4900.00,5899.99,Yes
9920611713272,48966762955000,ACTIVE,6.50 ct DEW Champagne Moissanite Ring Prong Set Gift for Birthday 18K Gold Plated Verme 18K Gold Plated,18K Gold Plated Vermeil / 8,,4900.00,5899.99,Yes
9920611713272,48966762987768,ACTIVE,6.50 ct DEW Champagne Moissanite Ring Prong Set Gift for Birthday 18K Gold Plated Verme 18K Gold Plated,18K Gold Plated Vermeil / 9,,4900.00,5899.99,Yes
9920611713272,48966763020536,ACTIVE,6.50 ct DEW Champagne Moissanite Ring Prong Set Gift for Birthday 18K Gold Plated Verme 18K Gold Plated,18K Gold Plated Vermeil / 10,,4900.00,5899.99,Yes
9920611811576,48966763086072,ACTIVE,5.60 ct DEW Off White Moissanite Solitaire Ring Gift for Her Engagement 18K Gold Plated,18K Gold Plated Vermeil / 7,GH-MOI-00838,7000.00,7000.00,No (reverted)
9920611811576,48966763118840,ACTIVE,5.60 ct DEW Off White Moissanite Solitaire Ring Gift for Her Engagement 18K Gold Plated,18K Gold Plated Vermeil / 5,,7000.00,7000.00,No (reverted)
9920611811576,48966763151608,ACTIVE,5.60 ct DEW Off White Moissanite Solitaire Ring Gift for Her Engagement 18K Gold Plated,18K Gold Plated Vermeil / 6,,7000.00,7000.00,No (reverted)
9920611811576,48966763184376,ACTIVE,5.60 ct DEW Off White Moissanite Solitaire Ring Gift for Her Engagement 18K Gold Plated,18K Gold Plated Vermeil / 8,,7000.00,7000.00,No (reverted)
9920611811576,48966763217144,ACTIVE,5.60 ct DEW Off White Moissanite Solitaire Ring Gift for Her Engagement 18K Gold Plated,18K Gold Plated Vermeil / 9,,7000.00,7000.00,No (reverted)
9920611811576,48966763249912,ACTIVE,5.60 ct DEW Off White Moissanite Solitaire Ring Gift for Her Engagement 18K Gold Plated,18K Gold Plated Vermeil / 10,,7000.00,7000.00,No (reverted)
9920611844344,48966763282680,ACTIVE,15.40 ct DEW Round Blue Moissanite Ring Festival Gift for Wife or Mom 18K Gold Plated V 18K Gold Plated,18K Gold Plated Vermeil / 7,GH-MOI-00837,9100.00,9100.00,No (reverted)
9920611844344,48966763315448,ACTIVE,15.40 ct DEW Round Blue Moissanite Ring Festival Gift for Wife or Mom 18K Gold Plated V 18K Gold Plated,18K Gold Plated Vermeil / 5,,9100.00,9100.00,No (reverted)
9920611844344,48966763348216,ACTIVE,15.40 ct DEW Round Blue Moissanite Ring Festival Gift for Wife or Mom 18K Gold Plated V 18K Gold Plated,18K Gold Plated Vermeil / 6,,9100.00,9100.00,No (reverted)
9920611844344,48966763380984,ACTIVE,15.40 ct DEW Round Blue Moissanite Ring Festival Gift for Wife or Mom 18K Gold Plated V 18K Gold Plated,18K Gold Plated Vermeil / 8,,9100.00,9100.00,No (reverted)
9920611844344,48966763413752,ACTIVE,15.40 ct DEW Round Blue Moissanite Ring Festival Gift for Wife or Mom 18K Gold Plated V 18K Gold Plated,18K Gold Plated Vermeil / 9,,9100.00,9100.00,No (reverted)
9920611844344,48966763446520,ACTIVE,15.40 ct DEW Round Blue Moissanite Ring Festival Gift for Wife or Mom 18K Gold Plated V 18K Gold Plated,18K Gold Plated Vermeil / 10,,9100.00,9100.00,No (reverted)
9920611942648,48966763905272,ACTIVE,2.75 ct DEW Blue Moissanite Round Ring Engagement Gift Sparkling Shine 18K Gold Plated 18K Gold Plated,18K Gold Plated Vermeil / 7,GH-MOI-00836,4200.00,5099.99,Yes
9920611942648,48966763938040,ACTIVE,2.75 ct DEW Blue Moissanite Round Ring Engagement Gift Sparkling Shine 18K Gold Plated 18K Gold Plated,18K Gold Plated Vermeil / 5,,4200.00,5099.99,Yes
9920611942648,48966763970808,ACTIVE,2.75 ct DEW Blue Moissanite Round Ring Engagement Gift Sparkling Shine 18K Gold Plated 18K Gold Plated,18K Gold Plated Vermeil / 6,,4200.00,5099.99,Yes
9920611942648,48966764003576,ACTIVE,2.75 ct DEW Blue Moissanite Round Ring Engagement Gift Sparkling Shine 18K Gold Plated 18K Gold Plated,18K Gold Plated Vermeil / 8,,4200.00,5099.99,Yes
9920611942648,48966764036344,ACTIVE,2.75 ct DEW Blue Moissanite Round Ring Engagement Gift Sparkling Shine 18K Gold Plated 18K Gold Plated,18K Gold Plated Vermeil / 9,,4200.00,5099.99,Yes
9920611942648,48966764069112,ACTIVE,2.75 ct DEW Blue Moissanite Round Ring Engagement Gift Sparkling Shine 18K Gold Plated 18K Gold Plated,18K Gold Plated Vermeil / 10,,4200.00,5099.99,Yes
9920611975416,48966766493944,ACTIVE,40.00 ct DEW Blue Moissanite Men’s Ring Huge Gift for 4th of July Event 18K Gold Plated,18K Gold Plated Vermeil / 7,GH-MOI-00835,25200.00,25200.00,No (reverted)
9920611975416,48966766526712,ACTIVE,40.00 ct DEW Blue Moissanite Men’s Ring Huge Gift for 4th of July Event 18K Gold Plated,18K Gold Plated Vermeil / 5,,25200.00,25200.00,No (reverted)
9920611975416,48966766559480,ACTIVE,40.00 ct DEW Blue Moissanite Men’s Ring Huge Gift for 4th of July Event 18K Gold Plated,18K Gold Plated Vermeil / 6,,25200.00,25200.00,No (reverted)
9920611975416,48966766592248,ACTIVE,40.00 ct DEW Blue Moissanite Men’s Ring Huge Gift for 4th of July Event 18K Gold Plated,18K Gold Plated Vermeil / 8,,25200.00,25200.00,No (reverted)
9920611975416,48966766625016,ACTIVE,40.00 ct DEW Blue Moissanite Men’s Ring Huge Gift for 4th of July Event 18K Gold Plated,18K Gold Plated Vermeil / 9,,25200.00,25200.00,No (reverted)
9920611975416,48966766657784,ACTIVE,40.00 ct DEW Blue Moissanite Men’s Ring Huge Gift for 4th of July Event 18K Gold Plated,18K Gold Plated Vermeil / 10,,25200.00,25200.00,No (reverted)
9920612008184,48966766690552,ACTIVE,4.00 ct DEW Heart Cut White Moissanite Ring Romantic Gift for Her 18K Gold Plated Verme 18K Gold Plated,18K Gold Plated Vermeil / 7,GH-MOI-00834,7000.00,7000.00,No (reverted)
9920612008184,48966766723320,ACTIVE,4.00 ct DEW Heart Cut White Moissanite Ring Romantic Gift for Her 18K Gold Plated Verme 18K Gold Plated,18K Gold Plated Vermeil / 5,,7000.00,7000.00,No (reverted)
9920612008184,48966766756088,ACTIVE,4.00 ct DEW Heart Cut White Moissanite Ring Romantic Gift for Her 18K Gold Plated Verme 18K Gold Plated,18K Gold Plated Vermeil / 6,,7000.00,7000.00,No (reverted)
9920612008184,48966766788856,ACTIVE,4.00 ct DEW Heart Cut White Moissanite Ring Romantic Gift for Her 18K Gold Plated Verme 18K Gold Plated,18K Gold Plated Vermeil / 8,,7000.00,7000.00,No (reverted)
9920612008184,48966766821624,ACTIVE,4.00 ct DEW Heart Cut White Moissanite Ring Romantic Gift for Her 18K Gold Plated Verme 18K Gold Plated,18K Gold Plated Vermeil / 9,,7000.00,7000.00,No (reverted)
9920612008184,48966766854392,ACTIVE,4.00 ct DEW Heart Cut White Moissanite Ring Romantic Gift for Her 18K Gold Plated Verme 18K Gold Plated,18K Gold Plated Vermeil / 10,,7000.00,7000.00,No (reverted)
9920612073720,48966767345912,ACTIVE,9.70 ct DEW Off White Moissanite Ring Sparkle Gift for Her Birthday 18K Gold Plated Ver 18K Gold Plated,18K Gold Plated Vermeil / 7,GH-MOI-00833,7000.00,7000.00,No (reverted)
9920612073720,48966767378680,ACTIVE,9.70 ct DEW Off White Moissanite Ring Sparkle Gift for Her Birthday 18K Gold Plated Ver 18K Gold Plated,18K Gold Plated Vermeil / 5,,7000.00,7000.00,No (reverted)
9920612073720,48966767411448,ACTIVE,9.70 ct DEW Off White Moissanite Ring Sparkle Gift for Her Birthday 18K Gold Plated Ver 18K Gold Plated,18K Gold Plated Vermeil / 6,,7000.00,7000.00,No (reverted)
9920612073720,48966767444216,ACTIVE,9.70 ct DEW Off White Moissanite Ring Sparkle Gift for Her Birthday 18K Gold Plated Ver 18K Gold Plated,18K Gold Plated Vermeil / 8,,7000.00,7000.00,No (reverted)
9920612073720,48966767476984,ACTIVE,9.70 ct DEW Off White Moissanite Ring Sparkle Gift for Her Birthday 18K Gold Plated Ver 18K Gold Plated,18K Gold Plated Vermeil / 9,,7000.00,7000.00,No (reverted)
9920612073720,48966767509752,ACTIVE,9.70 ct DEW Off White Moissanite Ring Sparkle Gift for Her Birthday 18K Gold Plated Ver 18K Gold Plated,18K Gold Plated Vermeil / 10,,7000.00,7000.00,No (reverted)
9920612139256,48966767575288,ACTIVE,10.50 ct DEW Off White Moissanite Men’s Ring Gift for Groom or Husband 18K Gold Plated 18K Gold Plated,18K Gold Plated Vermeil / 7,GH-MOI-00832,10500.00,10500.00,No (reverted)
9920612139256,48966767608056,ACTIVE,10.50 ct DEW Off White Moissanite Men’s Ring Gift for Groom or Husband 18K Gold Plated 18K Gold Plated,18K Gold Plated Vermeil / 5,,10500.00,10500.00,No (reverted)
9920612139256,48966767640824,ACTIVE,10.50 ct DEW Off White Moissanite Men’s Ring Gift for Groom or Husband 18K Gold Plated 18K Gold Plated,18K Gold Plated Vermeil / 6,,10500.00,10500.00,No (reverted)
9920612139256,48966767673592,ACTIVE,10.50 ct DEW Off White Moissanite Men’s Ring Gift for Groom or Husband 18K Gold Plated 18K Gold Plated,18K Gold Plated Vermeil / 8,,10500.00,10500.00,No (reverted)
9920612139256,48966767706360,ACTIVE,10.50 ct DEW Off White Moissanite Men’s Ring Gift for Groom or Husband 18K Gold Plated 18K Gold Plated,18K Gold Plated Vermeil / 9,,10500.00,10500.00,No (reverted)
9920612139256,48966767739128,ACTIVE,10.50 ct DEW Off White Moissanite Men’s Ring Gift for Groom or Husband 18K Gold Plated 18K Gold Plated,18K Gold Plated Vermeil / 10,,10500.00,10500.00,No (reverted)
9920612172024,48966767804664,ACTIVE,16.10 ct DEW Blue Moissanite Solitaire Ring Elegant Festival Gift for Her 18K Gold Plat 18K Gold Plated,18K Gold Plated Vermeil / 7,GH-MOI-00831,11200.00,11200.00,No (reverted)
9920612172024,48966767837432,ACTIVE,16.10 ct DEW Blue Moissanite Solitaire Ring Elegant Festival Gift for Her 18K Gold Plat 18K Gold Plated,18K Gold Plated Vermeil / 5,,11200.00,11200.00,No (reverted)
9920612172024,48966767870200,ACTIVE,16.10 ct DEW Blue Moissanite Solitaire Ring Elegant Festival Gift for Her 18K Gold Plat 18K Gold Plated,18K Gold Plated Vermeil / 6,,11200.00,11200.00,No (reverted)
9920612172024,48966767902968,ACTIVE,16.10 ct DEW Blue Moissanite Solitaire Ring Elegant Festival Gift for Her 18K Gold Plat 18K Gold Plated,18K Gold Plated Vermeil / 8,,11200.00,11200.00,No (reverted)
9920612172024,48966767935736,ACTIVE,16.10 ct DEW Blue Moissanite Solitaire Ring Elegant Festival Gift for Her 18K Gold Plat 18K Gold Plated,18K Gold Plated Vermeil / 9,,11200.00,11200.00,No (reverted)
9920612172024,48966767968504,ACTIVE,16.10 ct DEW Blue Moissanite Solitaire Ring Elegant Festival Gift for Her 18K Gold Plat 18K Gold Plated,18K Gold Plated Vermeil / 10,,11200.00,11200.00,No (reverted)
9920612237560,48966768460024,ACTIVE,5.15 ct DEW Champagne Moissanite Men’s Ring Anniversary Gift for Him 18K Gold Plated Ve 18K Gold Plated,18K Gold Plated Vermeil / 7,GH-MOI-00830,5600.00,6799.99,Yes
9920612237560,48966768492792,ACTIVE,5.15 ct DEW Champagne Moissanite Men’s Ring Anniversary Gift for Him 18K Gold Plated Ve 18K Gold Plated,18K Gold Plated Vermeil / 5,,5600.00,6799.99,Yes
9920612237560,48966768525560,ACTIVE,5.15 ct DEW Champagne Moissanite Men’s Ring Anniversary Gift for Him 18K Gold Plated Ve 18K Gold Plated,18K Gold Plated Vermeil / 6,,5600.00,6799.99,Yes
9920612237560,48966768558328,ACTIVE,5.15 ct DEW Champagne Moissanite Men’s Ring Anniversary Gift for Him 18K Gold Plated Ve 18K Gold Plated,18K Gold Plated Vermeil / 8,,5600.00,6799.99,Yes
9920612237560,48966768591096,ACTIVE,5.15 ct DEW Champagne Moissanite Men’s Ring Anniversary Gift for Him 18K Gold Plated Ve 18K Gold Plated,18K Gold Plated Vermeil / 9,,5600.00,6799.99,Yes
9920612237560,48966768623864,ACTIVE,5.15 ct DEW Champagne Moissanite Men’s Ring Anniversary Gift for Him 18K Gold Plated Ve 18K Gold Plated,18K Gold Plated Vermeil / 10,,5600.00,6799.99,Yes
9920612270328,48966768656632,ACTIVE,11.75 ct DEW Round Blue Moissanite Ring Grand Statement Gift for Her 18K Gold Plated Ve 18K Gold Plated,18K Gold Plated Vermeil / 7,GH-MOI-00829,8400.00,8400.00,No (reverted)
9920612270328,48966768689400,ACTIVE,11.75 ct DEW Round Blue Moissanite Ring Grand Statement Gift for Her 18K Gold Plated Ve 18K Gold Plated,18K Gold Plated Vermeil / 5,,8400.00,8400.00,No (reverted)
9920612270328,48966768722168,ACTIVE,11.75 ct DEW Round Blue Moissanite Ring Grand Statement Gift for Her 18K Gold Plated Ve 18K Gold Plated,18K Gold Plated Vermeil / 6,,8400.00,8400.00,No (reverted)
9920612270328,48966768754936,ACTIVE,11.75 ct DEW Round Blue Moissanite Ring Grand Statement Gift for Her 18K Gold Plated Ve 18K Gold Plated,18K Gold Plated Vermeil / 8,,8400.00,8400.00,No (reverted)
9920612270328,48966768787704,ACTIVE,11.75 ct DEW Round Blue Moissanite Ring Grand Statement Gift for Her 18K Gold Plated Ve 18K Gold Plated,18K Gold Plated Vermeil / 9,,8400.00,8400.00,No (reverted)
9920612270328,48966768820472,ACTIVE,11.75 ct DEW Round Blue Moissanite Ring Grand Statement Gift for Her 18K Gold Plated Ve 18K Gold Plated,18K Gold Plated Vermeil / 10,,8400.00,8400.00,No (reverted)
9920612368632,48966769279224,ACTIVE,5.60 ct DEW Blue Moissanite Solitaire Ring Sparkling Gift for Anniversary 18K Gold Plat 18K Gold Plated,18K Gold Plated Vermeil / 7,GH-MOI-00828,5600.00,6799.99,Yes
9920612368632,48966769311992,ACTIVE,5.60 ct DEW Blue Moissanite Solitaire Ring Sparkling Gift for Anniversary 18K Gold Plat 18K Gold Plated,18K Gold Plated Vermeil / 5,,5600.00,6799.99,Yes
9920612368632,48966769344760,ACTIVE,5.60 ct DEW Blue Moissanite Solitaire Ring Sparkling Gift for Anniversary 18K Gold Plat 18K Gold Plated,18K Gold Plated Vermeil / 6,,5600.00,6799.99,Yes
9920612368632,48966769377528,ACTIVE,5.60 ct DEW Blue Moissanite Solitaire Ring Sparkling Gift for Anniversary 18K Gold Plat 18K Gold Plated,18K Gold Plated Vermeil / 8,,5600.00,6799.99,Yes
9920612368632,48966769410296,ACTIVE,5.60 ct DEW Blue Moissanite Solitaire Ring Sparkling Gift for Anniversary 18K Gold Plat 18K Gold Plated,18K Gold Plated Vermeil / 9,,5600.00,6799.99,Yes
9920612368632,48966769443064,ACTIVE,5.60 ct DEW Blue Moissanite Solitaire Ring Sparkling Gift for Anniversary 18K Gold Plat 18K Gold Plated,18K Gold Plated Vermeil / 10,,5600.00,6799.99,Yes
9920612401400,48966769508600,ACTIVE,3.08 ct DEW Emerald Cut Moissanite Ring Gift for Her Wedding or Birthday 18K Gold Plate 18K Gold Plated,18K Gold Plated Vermeil / 7,GH-MOI-00827,4200.00,5099.99,Yes
9920612401400,48966769541368,ACTIVE,3.08 ct DEW Emerald Cut Moissanite Ring Gift for Her Wedding or Birthday 18K Gold Plate 18K Gold Plated,18K Gold Plated Vermeil / 5,,4200.00,5099.99,Yes
9920612401400,48966769574136,ACTIVE,3.08 ct DEW Emerald Cut Moissanite Ring Gift for Her Wedding or Birthday 18K Gold Plate 18K Gold Plated,18K Gold Plated Vermeil / 6,,4200.00,5099.99,Yes
9920612401400,48966769606904,ACTIVE,3.08 ct DEW Emerald Cut Moissanite Ring Gift for Her Wedding or Birthday 18K Gold Plate 18K Gold Plated,18K Gold Plated Vermeil / 8,,4200.00,5099.99,Yes
9920612401400,48966769639672,ACTIVE,3.08 ct DEW Emerald Cut Moissanite Ring Gift for Her Wedding or Birthday 18K Gold Plate 18K Gold Plated,18K Gold Plated Vermeil / 9,,4200.00,5099.99,Yes
9920612401400,48966769672440,ACTIVE,3.08 ct DEW Emerald Cut Moissanite Ring Gift for Her Wedding or Birthday 18K Gold Plate 18K Gold Plated,18K Gold Plated Vermeil / 10,,4200.00,5099.99,Yes
9920612466936,48966771081464,ACTIVE,21.70 ct DEW Champagne Moissanite Ring Festive Gift for Her Statement Look 18K Gold Pla 18K Gold Plated,18K Gold Plated Vermeil / 7,GH-MOI-00826,20300.00,20300.00,No (reverted)
9920612466936,48966771114232,ACTIVE,21.70 ct DEW Champagne Moissanite Ring Festive Gift for Her Statement Look 18K Gold Pla 18K Gold Plated,18K Gold Plated Vermeil / 5,,20300.00,20300.00,No (reverted)
9920612466936,48966771147000,ACTIVE,21.70 ct DEW Champagne Moissanite Ring Festive Gift for Her Statement Look 18K Gold Pla 18K Gold Plated,18K Gold Plated Vermeil / 6,,20300.00,20300.00,No (reverted)
9920612466936,48966771179768,ACTIVE,21.70 ct DEW Champagne Moissanite Ring Festive Gift for Her Statement Look 18K Gold Pla 18K Gold Plated,18K Gold Plated Vermeil / 8,,20300.00,20300.00,No (reverted)
9920612466936,48966771212536,ACTIVE,21.70 ct DEW Champagne Moissanite Ring Festive Gift for Her Statement Look 18K Gold Pla 18K Gold Plated,18K Gold Plated Vermeil / 9,,20300.00,20300.00,No (reverted)
9920612466936,48966771245304,ACTIVE,21.70 ct DEW Champagne Moissanite Ring Festive Gift for Her Statement Look 18K Gold Pla 18K Gold Plated,18K Gold Plated Vermeil / 10,,20300.00,20300.00,No (reverted)
9920612532472,48966771671288,ACTIVE,24.80 ct DEW Emerald Cut Blue Moissanite Ring Grand Gift for Anniversary 18K Gold Plate 18K Gold Plated,18K Gold Plated Vermeil / 7,GH-MOI-00825,17500.00,17500.00,No (reverted)
9920612532472,48966771704056,ACTIVE,24.80 ct DEW Emerald Cut Blue Moissanite Ring Grand Gift for Anniversary 18K Gold Plate 18K Gold Plated,18K Gold Plated Vermeil / 5,,17500.00,17500.00,No (reverted)
9920612532472,48966771736824,ACTIVE,24.80 ct DEW Emerald Cut Blue Moissanite Ring Grand Gift for Anniversary 18K Gold Plate 18K Gold Plated,18K Gold Plated Vermeil / 6,,17500.00,17500.00,No (reverted)
9920612532472,48966771769592,ACTIVE,24.80 ct DEW Emerald Cut Blue Moissanite Ring Grand Gift for Anniversary 18K Gold Plate 18K Gold Plated,18K Gold Plated Vermeil / 8,,17500.00,17500.00,No (reverted)
9920612532472,48966771802360,ACTIVE,24.80 ct DEW Emerald Cut Blue Moissanite Ring Grand Gift for Anniversary 18K Gold Plate 18K Gold Plated,18K Gold Plated Vermeil / 9,,17500.00,17500.00,No (reverted)
9920612532472,48966771835128,ACTIVE,24.80 ct DEW Emerald Cut Blue Moissanite Ring Grand Gift for Anniversary 18K Gold Plate 18K Gold Plated,18K Gold Plated Vermeil / 10,,17500.00,17500.00,No (reverted)
9920612598008,48966772261112,ACTIVE,4.40 ct DEW Blue Moissanite Ring July Birthday Gift for Her Sparkling Look 18K Gold Pla 18K Gold Plated,18K Gold Plated Vermeil / 7,GH-MOI-00824,4900.00,5899.99,Yes
9920612598008,48966772293880,ACTIVE,4.40 ct DEW Blue Moissanite Ring July Birthday Gift for Her Sparkling Look 18K Gold Pla 18K Gold Plated,18K Gold Plated Vermeil / 5,,4900.00,5899.99,Yes
9920612598008,48966772326648,ACTIVE,4.40 ct DEW Blue Moissanite Ring July Birthday Gift for Her Sparkling Look 18K Gold Pla 18K Gold Plated,18K Gold Plated Vermeil / 6,,4900.00,5899.99,Yes
9920612598008,48966772359416,ACTIVE,4.40 ct DEW Blue Moissanite Ring July Birthday Gift for Her Sparkling Look 18K Gold Pla 18K Gold Plated,18K Gold Plated Vermeil / 8,,4900.00,5899.99,Yes
9920612598008,48966772392184,ACTIVE,4.40 ct DEW Blue Moissanite Ring July Birthday Gift for Her Sparkling Look 18K Gold Pla 18K Gold Plated,18K Gold Plated Vermeil / 9,,4900.00,5899.99,Yes
9920612598008,48966772424952,ACTIVE,4.40 ct DEW Blue Moissanite Ring July Birthday Gift for Her Sparkling Look 18K Gold Pla 18K Gold Plated,18K Gold Plated Vermeil / 10,,4900.00,5899.99,Yes
9920612630776,48966772457720,ACTIVE,6.10 ct DEW Solitaire Moissanite Ring Engagement Gift Sparkle for Women 18K Gold Plated,18K Gold Plated Vermeil / 7,GH-MOI-00823,5600.00,6799.99,Yes
9920612630776,48966772490488,ACTIVE,6.10 ct DEW Solitaire Moissanite Ring Engagement Gift Sparkle for Women 18K Gold Plated,18K Gold Plated Vermeil / 5,,5600.00,6799.99,Yes
9920612630776,48966772523256,ACTIVE,6.10 ct DEW Solitaire Moissanite Ring Engagement Gift Sparkle for Women 18K Gold Plated,18K Gold Plated Vermeil / 6,,5600.00,6799.99,Yes
9920612630776,48966772556024,ACTIVE,6.10 ct DEW Solitaire Moissanite Ring Engagement Gift Sparkle for Women 18K Gold Plated,18K Gold Plated Vermeil / 8,,5600.00,6799.99,Yes
9920612630776,48966772588792,ACTIVE,6.10 ct DEW Solitaire Moissanite Ring Engagement Gift Sparkle for Women 18K Gold Plated,18K Gold Plated Vermeil / 9,,5600.00,6799.99,Yes
9920612630776,48966772621560,ACTIVE,6.10 ct DEW Solitaire Moissanite Ring Engagement Gift Sparkle for Women 18K Gold Plated,18K Gold Plated Vermeil / 10,,5600.00,6799.99,Yes
9920612696312,48966773047544,ACTIVE,11.55 ct DEW Blue Moissanite Ring Eye-Catching Gift for Wife or Sister 18K Gold Plated 18K Gold Plated,18K Gold Plated Vermeil / 7,GH-MOI-00822,7700.00,7700.00,No (reverted)
9920612696312,48966773080312,ACTIVE,11.55 ct DEW Blue Moissanite Ring Eye-Catching Gift for Wife or Sister 18K Gold Plated 18K Gold Plated,18K Gold Plated Vermeil / 5,,7700.00,7700.00,No (reverted)
9920612696312,48966773113080,ACTIVE,11.55 ct DEW Blue Moissanite Ring Eye-Catching Gift for Wife or Sister 18K Gold Plated 18K Gold Plated,18K Gold Plated Vermeil / 6,,7700.00,7700.00,No (reverted)
9920612696312,48966773145848,ACTIVE,11.55 ct DEW Blue Moissanite Ring Eye-Catching Gift for Wife or Sister 18K Gold Plated 18K Gold Plated,18K Gold Plated Vermeil / 8,,7700.00,7700.00,No (reverted)
9920612696312,48966773178616,ACTIVE,11.55 ct DEW Blue Moissanite Ring Eye-Catching Gift for Wife or Sister 18K Gold Plated 18K Gold Plated,18K Gold Plated Vermeil / 9,,7700.00,7700.00,No (reverted)
9920612696312,48966773211384,ACTIVE,11.55 ct DEW Blue Moissanite Ring Eye-Catching Gift for Wife or Sister 18K Gold Plated 18K Gold Plated,18K Gold Plated Vermeil / 10,,7700.00,7700.00,No (reverted)
9920612794616,48966774030584,ACTIVE,27.30 ct DEW Unique Moissanite Ring in Big & Bold Gift for Special Day 18K Gold Plated 18K Gold Plated,18K Gold Plated Vermeil / 7,GH-MOI-00821,25200.00,25200.00,No (reverted)
9920612794616,48966774063352,ACTIVE,27.30 ct DEW Unique Moissanite Ring in Big & Bold Gift for Special Day 18K Gold Plated 18K Gold Plated,18K Gold Plated Vermeil / 5,,25200.00,25200.00,No (reverted)
9920612794616,48966774096120,ACTIVE,27.30 ct DEW Unique Moissanite Ring in Big & Bold Gift for Special Day 18K Gold Plated 18K Gold Plated,18K Gold Plated Vermeil / 6,,25200.00,25200.00,No (reverted)
9920612794616,48966774128888,ACTIVE,27.30 ct DEW Unique Moissanite Ring in Big & Bold Gift for Special Day 18K Gold Plated 18K Gold Plated,18K Gold Plated Vermeil / 8,,25200.00,25200.00,No (reverted)
9920612794616,48966774161656,ACTIVE,27.30 ct DEW Unique Moissanite Ring in Big & Bold Gift for Special Day 18K Gold Plated 18K Gold Plated,18K Gold Plated Vermeil / 9,,25200.00,25200.00,No (reverted)
9920612794616,48966774194424,ACTIVE,27.30 ct DEW Unique Moissanite Ring in Big & Bold Gift for Special Day 18K Gold Plated 18K Gold Plated,18K Gold Plated Vermeil / 10,,25200.00,25200.00,No (reverted)
9920612860152,48966774620408,ACTIVE,25.70 ct DEW Bold Moissanite Statement Ring Rare Luxury Gift for Her 18K Gold Plated Ve 18K Gold Plated,18K Gold Plated Vermeil / 7,GH-MOI-00820,30800.00,30800.00,No (reverted)
9920612860152,48966774653176,ACTIVE,25.70 ct DEW Bold Moissanite Statement Ring Rare Luxury Gift for Her 18K Gold Plated Ve 18K Gold Plated,18K Gold Plated Vermeil / 5,,30800.00,30800.00,No (reverted)
9920612860152,48966774685944,ACTIVE,25.70 ct DEW Bold Moissanite Statement Ring Rare Luxury Gift for Her 18K Gold Plated Ve 18K Gold Plated,18K Gold Plated Vermeil / 6,,30800.00,30800.00,No (reverted)
9920612860152,48966774718712,ACTIVE,25.70 ct DEW Bold Moissanite Statement Ring Rare Luxury Gift for Her 18K Gold Plated Ve 18K Gold Plated,18K Gold Plated Vermeil / 8,,30800.00,30800.00,No (reverted)
9920612860152,48966774751480,ACTIVE,25.70 ct DEW Bold Moissanite Statement Ring Rare Luxury Gift for Her 18K Gold Plated Ve 18K Gold Plated,18K Gold Plated Vermeil / 9,,30800.00,30800.00,No (reverted)
9920612860152,48966774784248,ACTIVE,25.70 ct DEW Bold Moissanite Statement Ring Rare Luxury Gift for Her 18K Gold Plated Ve 18K Gold Plated,18K Gold Plated Vermeil / 10,,30800.00,30800.00,No (reverted)
9920612925688,48966775210232,ACTIVE,2.60 ct DEW Moissanite Ring in Great Shine Birthday Gift for Women 18K Gold Plated Verm 18K Gold Plated,18K Gold Plated Vermeil / 7,GH-MOI-00819,4200.00,5099.99,Yes
9920612925688,48966775243000,ACTIVE,2.60 ct DEW Moissanite Ring in Great Shine Birthday Gift for Women 18K Gold Plated Verm 18K Gold Plated,18K Gold Plated Vermeil / 5,,4200.00,5099.99,Yes
9920612925688,48966775275768,ACTIVE,2.60 ct DEW Moissanite Ring in Great Shine Birthday Gift for Women 18K Gold Plated Verm 18K Gold Plated,18K Gold Plated Vermeil / 6,,4200.00,5099.99,Yes
9920612925688,48966775308536,ACTIVE,2.60 ct DEW Moissanite Ring in Great Shine Birthday Gift for Women 18K Gold Plated Verm 18K Gold Plated,18K Gold Plated Vermeil / 8,,4200.00,5099.99,Yes
9920612925688,48966775341304,ACTIVE,2.60 ct DEW Moissanite Ring in Great Shine Birthday Gift for Women 18K Gold Plated Verm 18K Gold Plated,18K Gold Plated Vermeil / 9,,4200.00,5099.99,Yes
9920612925688,48966775374072,ACTIVE,2.60 ct DEW Moissanite Ring in Great Shine Birthday Gift for Women 18K Gold Plated Verm 18K Gold Plated,18K Gold Plated Vermeil / 10,,4200.00,5099.99,Yes
9920612991224,48966775800056,ACTIVE,7.30 ct DEW Emerald Cut Moissanite Ring Bridal Anniversary Gift for Her 18K Gold Plated,18K Gold Plated Vermeil / 7,GH-MOI-00818,7000.00,7000.00,No (reverted)
9920612991224,48966775832824,ACTIVE,7.30 ct DEW Emerald Cut Moissanite Ring Bridal Anniversary Gift for Her 18K Gold Plated,18K Gold Plated Vermeil / 5,,7000.00,7000.00,No (reverted)
9920612991224,48966775865592,ACTIVE,7.30 ct DEW Emerald Cut Moissanite Ring Bridal Anniversary Gift for Her 18K Gold Plated,18K Gold Plated Vermeil / 6,,7000.00,7000.00,No (reverted)
9920612991224,48966775898360,ACTIVE,7.30 ct DEW Emerald Cut Moissanite Ring Bridal Anniversary Gift for Her 18K Gold Plated,18K Gold Plated Vermeil / 8,,7000.00,7000.00,No (reverted)
9920612991224,48966775931128,ACTIVE,7.30 ct DEW Emerald Cut Moissanite Ring Bridal Anniversary Gift for Her 18K Gold Plated,18K Gold Plated Vermeil / 9,,7000.00,7000.00,No (reverted)
9920612991224,48966775963896,ACTIVE,7.30 ct DEW Emerald Cut Moissanite Ring Bridal Anniversary Gift for Her 18K Gold Plated,18K Gold Plated Vermeil / 10,,7000.00,7000.00,No (reverted)
9920613056760,48966776389880,ACTIVE,1 ct DEW Moissanite Solitaire Ring Minimalist Gift for Girlfriend Birthday 18K Gold Pla 18K Gold Plated,18K Gold Plated Vermeil / 7,GH-MOI-00817,3500.00,4199.99,Yes
9920613056760,48966776422648,ACTIVE,1 ct DEW Moissanite Solitaire Ring Minimalist Gift for Girlfriend Birthday 18K Gold Pla 18K Gold Plated,18K Gold Plated Vermeil / 5,,3500.00,4199.99,Yes
9920613056760,48966776455416,ACTIVE,1 ct DEW Moissanite Solitaire Ring Minimalist Gift for Girlfriend Birthday 18K Gold Pla 18K Gold Plated,18K Gold Plated Vermeil / 6,,3500.00,4199.99,Yes
9920613056760,48966776488184,ACTIVE,1 ct DEW Moissanite Solitaire Ring Minimalist Gift for Girlfriend Birthday 18K Gold Pla 18K Gold Plated,18K Gold Plated Vermeil / 8,,3500.00,4199.99,Yes
9920613056760,48966776520952,ACTIVE,1 ct DEW Moissanite Solitaire Ring Minimalist Gift for Girlfriend Birthday 18K Gold Pla 18K Gold Plated,18K Gold Plated Vermeil / 9,,3500.00,4199.99,Yes
9920613056760,48966776553720,ACTIVE,1 ct DEW Moissanite Solitaire Ring Minimalist Gift for Girlfriend Birthday 18K Gold Pla 18K Gold Plated,18K Gold Plated Vermeil / 10,,3500.00,4199.99,Yes
9920613122296,48966776619256,ACTIVE,5.20 ct DEW Asscher Cut Moissanite Ring Wedding Gift for Wife Anniversary 18K Gold Plat 18K Gold Plated,18K Gold Plated Vermeil / 7,GH-MOI-00816,6300.00,6300.00,No (reverted)
9920613122296,48966776652024,ACTIVE,5.20 ct DEW Asscher Cut Moissanite Ring Wedding Gift for Wife Anniversary 18K Gold Plat 18K Gold Plated,18K Gold Plated Vermeil / 5,,6300.00,6300.00,No (reverted)
9920613122296,48966776684792,ACTIVE,5.20 ct DEW Asscher Cut Moissanite Ring Wedding Gift for Wife Anniversary 18K Gold Plat 18K Gold Plated,18K Gold Plated Vermeil / 6,,6300.00,6300.00,No (reverted)
9920613122296,48966776717560,ACTIVE,5.20 ct DEW Asscher Cut Moissanite Ring Wedding Gift for Wife Anniversary 18K Gold Plat 18K Gold Plated,18K Gold Plated Vermeil / 8,,6300.00,6300.00,No (reverted)
9920613122296,48966776750328,ACTIVE,5.20 ct DEW Asscher Cut Moissanite Ring Wedding Gift for Wife Anniversary 18K Gold Plat 18K Gold Plated,18K Gold Plated Vermeil / 9,,6300.00,6300.00,No (reverted)
9920613122296,48966776783096,ACTIVE,5.20 ct DEW Asscher Cut Moissanite Ring Wedding Gift for Wife Anniversary 18K Gold Plat 18K Gold Plated,18K Gold Plated Vermeil / 10,,6300.00,6300.00,No (reverted)
9920613187832,48966778224888,ACTIVE,4.60 ct DEW Statement Moissanite Ring Party Wear Jewellery Gift for Her 18K Gold Plated V 18K Gold Plated,18K Gold Plated Vermeil / 7,GH-MOI-00815,4900.00,5899.99,Yes
9920613187832,48966778257656,ACTIVE,4.60 ct DEW Statement Moissanite Ring Party Wear Jewellery Gift for Her 18K Gold Plated V 18K Gold Plated,18K Gold Plated Vermeil / 5,,4900.00,5899.99,Yes
9920613187832,48966778290424,ACTIVE,4.60 ct DEW Statement Moissanite Ring Party Wear Jewellery Gift for Her 18K Gold Plated V 18K Gold Plated,18K Gold Plated Vermeil / 6,,4900.00,5899.99,Yes
9920613187832,48966778323192,ACTIVE,4.60 ct DEW Statement Moissanite Ring Party Wear Jewellery Gift for Her 18K Gold Plated V 18K Gold Plated,18K Gold Plated Vermeil / 8,,4900.00,5899.99,Yes
9920613187832,48966778355960,ACTIVE,4.60 ct DEW Statement Moissanite Ring Party Wear Jewellery Gift for Her 18K Gold Plated V 18K Gold Plated,18K Gold Plated Vermeil / 9,,4900.00,5899.99,Yes
9920613187832,48966778388728,ACTIVE,4.60 ct DEW Statement Moissanite Ring Party Wear Jewellery Gift for Her 18K Gold Plated V 18K Gold Plated,18K Gold Plated Vermeil / 10,,4900.00,5899.99,Yes
9920613220600,48966778421496,ACTIVE,6.50 ct DEW Pink Moissanite Solitaire Ring Luxury Gift for Women Birthday 18K Gold Plat 18K Gold Plated,18K Gold Plated Vermeil / 7,GH-MOI-00814,24500.00,24500.00,No (reverted)
9920613220600,48966778454264,ACTIVE,6.50 ct DEW Pink Moissanite Solitaire Ring Luxury Gift for Women Birthday 18K Gold Plat 18K Gold Plated,18K Gold Plated Vermeil / 5,,24500.00,24500.00,No (reverted)
9920613220600,48966778487032,ACTIVE,6.50 ct DEW Pink Moissanite Solitaire Ring Luxury Gift for Women Birthday 18K Gold Plat 18K Gold Plated,18K Gold Plated Vermeil / 6,,24500.00,24500.00,No (reverted)
9920613220600,48966778519800,ACTIVE,6.50 ct DEW Pink Moissanite Solitaire Ring Luxury Gift for Women Birthday 18K Gold Plat 18K Gold Plated,18K Gold Plated Vermeil / 8,,24500.00,24500.00,No (reverted)
9920613220600,48966778552568,ACTIVE,6.50 ct DEW Pink Moissanite Solitaire Ring Luxury Gift for Women Birthday 18K Gold Plat 18K Gold Plated,18K Gold Plated Vermeil / 9,,24500.00,24500.00,No (reverted)
9920613220600,48966778585336,ACTIVE,6.50 ct DEW Pink Moissanite Solitaire Ring Luxury Gift for Women Birthday 18K Gold Plat 18K Gold Plated,18K Gold Plated Vermeil / 10,,24500.00,24500.00,No (reverted)
9920613318904,48966779535608,ACTIVE,3.60 ct DEW Solitaire Moissanite Ring Elegant Gift for Wife or Anniversary 18K Gold Pla 18K Gold Plated,18K Gold Plated Vermeil / 7,GH-MOI-00813,4900.00,5899.99,Yes
9920613318904,48966779568376,ACTIVE,3.60 ct DEW Solitaire Moissanite Ring Elegant Gift for Wife or Anniversary 18K Gold Pla 18K Gold Plated,18K Gold Plated Vermeil / 5,,4900.00,5899.99,Yes
9920613318904,48966779601144,ACTIVE,3.60 ct DEW Solitaire Moissanite Ring Elegant Gift for Wife or Anniversary 18K Gold Pla 18K Gold Plated,18K Gold Plated Vermeil / 6,,4900.00,5899.99,Yes
9920613318904,48966779633912,ACTIVE,3.60 ct DEW Solitaire Moissanite Ring Elegant Gift for Wife or Anniversary 18K Gold Pla 18K Gold Plated,18K Gold Plated Vermeil / 8,,4900.00,5899.99,Yes
9920613318904,48966779666680,ACTIVE,3.60 ct DEW Solitaire Moissanite Ring Elegant Gift for Wife or Anniversary 18K Gold Pla 18K Gold Plated,18K Gold Plated Vermeil / 9,,4900.00,5899.99,Yes
9920613318904,48966779699448,ACTIVE,3.60 ct DEW Solitaire Moissanite Ring Elegant Gift for Wife or Anniversary 18K Gold Pla 18K Gold Plated,18K Gold Plated Vermeil / 10,,4900.00,5899.99,Yes
9920613384440,48966779764984,ACTIVE,7.10 ct DEW Emerald Cut Moissanite Ring Wedding Gift for Her July Special 18K Gold Plat 18K Gold Plated,18K Gold Plated Vermeil / 7,GH-MOI-00812,7000.00,7000.00,No (reverted)
9920613384440,48966779797752,ACTIVE,7.10 ct DEW Emerald Cut Moissanite Ring Wedding Gift for Her July Special 18K Gold Plat 18K Gold Plated,18K Gold Plated Vermeil / 5,,7000.00,7000.00,No (reverted)
9920613384440,48966779830520,ACTIVE,7.10 ct DEW Emerald Cut Moissanite Ring Wedding Gift for Her July Special 18K Gold Plat 18K Gold Plated,18K Gold Plated Vermeil / 6,,7000.00,7000.00,No (reverted)
9920613384440,48966779863288,ACTIVE,7.10 ct DEW Emerald Cut Moissanite Ring Wedding Gift for Her July Special 18K Gold Plat 18K Gold Plated,18K Gold Plated Vermeil / 8,,7000.00,7000.00,No (reverted)
9920613384440,48966779896056,ACTIVE,7.10 ct DEW Emerald Cut Moissanite Ring Wedding Gift for Her July Special 18K Gold Plat 18K Gold Plated,18K Gold Plated Vermeil / 9,,7000.00,7000.00,No (reverted)
9920613384440,48966779928824,ACTIVE,7.10 ct DEW Emerald Cut Moissanite Ring Wedding Gift for Her July Special 18K Gold Plat 18K Gold Plated,18K Gold Plated Vermeil / 10,,7000.00,7000.00,No (reverted)
9920613581048,48966780453112,ACTIVE,9.50 ct DEW Moissanite Solitaire Ring Shine & Luster Gift for Her Birthday 18K Gold Pla 18K Gold Plated,18K Gold Plated Vermeil / 7,GH-MOI-00811,9100.00,9100.00,No (reverted)
9920613581048,48966780485880,ACTIVE,9.50 ct DEW Moissanite Solitaire Ring Shine & Luster Gift for Her Birthday 18K Gold Pla 18K Gold Plated,18K Gold Plated Vermeil / 5,,9100.00,9100.00,No (reverted)
9920613581048,48966780518648,ACTIVE,9.50 ct DEW Moissanite Solitaire Ring Shine & Luster Gift for Her Birthday 18K Gold Pla 18K Gold Plated,18K Gold Plated Vermeil / 6,,9100.00,9100.00,No (reverted)
9920613581048,48966780551416,ACTIVE,9.50 ct DEW Moissanite Solitaire Ring Shine & Luster Gift for Her Birthday 18K Gold Pla 18K Gold Plated,18K Gold Plated Vermeil / 8,,9100.00,9100.00,No (reverted)
9920613581048,48966780584184,ACTIVE,9.50 ct DEW Moissanite Solitaire Ring Shine & Luster Gift for Her Birthday 18K Gold Pla 18K Gold Plated,18K Gold Plated Vermeil / 9,,9100.00,9100.00,No (reverted)
9920613581048,48966780616952,ACTIVE,9.50 ct DEW Moissanite Solitaire Ring Shine & Luster Gift for Her Birthday 18K Gold Pla 18K Gold Plated,18K Gold Plated Vermeil / 10,,9100.00,9100.00,No (reverted)
9920613679352,48966781534456,ACTIVE,12.00 ct DEW Statement Moissanite Ring Anniversary Gift Elegant for Women 18K Gold Plat 18K Gold Plated,18K Gold Plated Vermeil / 7,GH-MOI-00810,12600.00,12600.00,No (reverted)
9920613679352,48966781567224,ACTIVE,12.00 ct DEW Statement Moissanite Ring Anniversary Gift Elegant for Women 18K Gold Plat 18K Gold Plated,18K Gold Plated Vermeil / 5,,12600.00,12600.00,No (reverted)
9920613679352,48966781599992,ACTIVE,12.00 ct DEW Statement Moissanite Ring Anniversary Gift Elegant for Women 18K Gold Plat 18K Gold Plated,18K Gold Plated Vermeil / 6,,12600.00,12600.00,No (reverted)
9920613679352,48966781632760,ACTIVE,12.00 ct DEW Statement Moissanite Ring Anniversary Gift Elegant for Women 18K Gold Plat 18K Gold Plated,18K Gold Plated Vermeil / 8,,12600.00,12600.00,No (reverted)
9920613679352,48966781665528,ACTIVE,12.00 ct DEW Statement Moissanite Ring Anniversary Gift Elegant for Women 18K Gold Plat 18K Gold Plated,18K Gold Plated Vermeil / 9,,12600.00,12600.00,No (reverted)
9920613679352,48966781698296,ACTIVE,12.00 ct DEW Statement Moissanite Ring Anniversary Gift Elegant for Women 18K Gold Plat 18K Gold Plated,18K Gold Plated Vermeil / 10,,12600.00,12600.00,No (reverted)
9920613777656,48966782681336,ACTIVE,3.50 ct DEW Round Moissanite Solitaire Ring Bridal Wedding Gift for Women 18K Gold Plat 18K Gold Plated,18K Gold Plated Vermeil / 7,GH-MOI-00809,4200.00,5099.99,Yes
9920613777656,48966782714104,ACTIVE,3.50 ct DEW Round Moissanite Solitaire Ring Bridal Wedding Gift for Women 18K Gold Plat 18K Gold Plated,18K Gold Plated Vermeil / 5,,4200.00,5099.99,Yes
9920613777656,48966782746872,ACTIVE,3.50 ct DEW Round Moissanite Solitaire Ring Bridal Wedding Gift for Women 18K Gold Plat 18K Gold Plated,18K Gold Plated Vermeil / 6,,4200.00,5099.99,Yes
9920613777656,48966782779640,ACTIVE,3.50 ct DEW Round Moissanite Solitaire Ring Bridal Wedding Gift for Women 18K Gold Plat 18K Gold Plated,18K Gold Plated Vermeil / 8,,4200.00,5099.99,Yes
9920613777656,48966782812408,ACTIVE,3.50 ct DEW Round Moissanite Solitaire Ring Bridal Wedding Gift for Women 18K Gold Plat 18K Gold Plated,18K Gold Plated Vermeil / 9,,4200.00,5099.99,Yes
9920613777656,48966782845176,ACTIVE,3.50 ct DEW Round Moissanite Solitaire Ring Bridal Wedding Gift for Women 18K Gold Plat 18K Gold Plated,18K Gold Plated Vermeil / 10,,4200.00,5099.99,Yes
9920613875960,48966783631608,ACTIVE,4.90 ct DEW Princess Cut Moissanite Ring Engagement Birthday Gift for Her 18K Gold Plat 18K Gold Plated,18K Gold Plated Vermeil / 7,GH-MOI-00808,5600.00,6799.99,Yes
9920613875960,48966783664376,ACTIVE,4.90 ct DEW Princess Cut Moissanite Ring Engagement Birthday Gift for Her 18K Gold Plat 18K Gold Plated,18K Gold Plated Vermeil / 5,,5600.00,6799.99,Yes
9920613875960,48966783697144,ACTIVE,4.90 ct DEW Princess Cut Moissanite Ring Engagement Birthday Gift for Her 18K Gold Plat 18K Gold Plated,18K Gold Plated Vermeil / 6,,5600.00,6799.99,Yes
9920613875960,48966783729912,ACTIVE,4.90 ct DEW Princess Cut Moissanite Ring Engagement Birthday Gift for Her 18K Gold Plat 18K Gold Plated,18K Gold Plated Vermeil / 8,,5600.00,6799.99,Yes
9920613875960,48966783762680,ACTIVE,4.90 ct DEW Princess Cut Moissanite Ring Engagement Birthday Gift for Her 18K Gold Plat 18K Gold Plated,18K Gold Plated Vermeil / 9,,5600.00,6799.99,Yes
9920613875960,48966783795448,ACTIVE,4.90 ct DEW Princess Cut Moissanite Ring Engagement Birthday Gift for Her 18K Gold Plat 18K Gold Plated,18K Gold Plated Vermeil / 10,,5600.00,6799.99,Yes
9920614007032,48966784614648,ACTIVE,5.85 ct DEW Cushion Cut Moissanite Ring Gift for Her Anniversary Sparkle 18K Gold Plate 18K Gold Plated,18K Gold Plated Vermeil / 7,GH-MOI-00807,7000.00,7000.00,No (reverted)
9920614007032,48966784647416,ACTIVE,5.85 ct DEW Cushion Cut Moissanite Ring Gift for Her Anniversary Sparkle 18K Gold Plate 18K Gold Plated,18K Gold Plated Vermeil / 5,,7000.00,7000.00,No (reverted)
9920614007032,48966784680184,ACTIVE,5.85 ct DEW Cushion Cut Moissanite Ring Gift for Her Anniversary Sparkle 18K Gold Plate 18K Gold Plated,18K Gold Plated Vermeil / 6,,7000.00,7000.00,No (reverted)
9920614007032,48966784712952,ACTIVE,5.85 ct DEW Cushion Cut Moissanite Ring Gift for Her Anniversary Sparkle 18K Gold Plate 18K Gold Plated,18K Gold Plated Vermeil / 8,,7000.00,7000.00,No (reverted)
9920614007032,48966784745720,ACTIVE,5.85 ct DEW Cushion Cut Moissanite Ring Gift for Her Anniversary Sparkle 18K Gold Plate 18K Gold Plated,18K Gold Plated Vermeil / 9,,7000.00,7000.00,No (reverted)
9920614007032,48966784778488,ACTIVE,5.85 ct DEW Cushion Cut Moissanite Ring Gift for Her Anniversary Sparkle 18K Gold Plate 18K Gold Plated,18K Gold Plated Vermeil / 10,,7000.00,7000.00,No (reverted)
9920614138104,48966785302776,ACTIVE,6.50 ct DEW Champagne Treated Moissanite Solitaire Ring Gift for Wife 18K Gold Plated V 18K Gold Plated,18K Gold Plated Vermeil / 7,GH-MOI-00806,5600.00,6799.99,Yes
9920614138104,48966785335544,ACTIVE,6.50 ct DEW Champagne Treated Moissanite Solitaire Ring Gift for Wife 18K Gold Plated V 18K Gold Plated,18K Gold Plated Vermeil / 5,,5600.00,6799.99,Yes
9920614138104,48966785368312,ACTIVE,6.50 ct DEW Champagne Treated Moissanite Solitaire Ring Gift for Wife 18K Gold Plated V 18K Gold Plated,18K Gold Plated Vermeil / 6,,5600.00,6799.99,Yes
9920614138104,48966785401080,ACTIVE,6.50 ct DEW Champagne Treated Moissanite Solitaire Ring Gift for Wife 18K Gold Plated V 18K Gold Plated,18K Gold Plated Vermeil / 8,,5600.00,6799.99,Yes
9920614138104,48966785433848,ACTIVE,6.50 ct DEW Champagne Treated Moissanite Solitaire Ring Gift for Wife 18K Gold Plated V 18K Gold Plated,18K Gold Plated Vermeil / 9,,5600.00,6799.99,Yes
9920614138104,48966785466616,ACTIVE,6.50 ct DEW Champagne Treated Moissanite Solitaire Ring Gift for Wife 18K Gold Plated V 18K Gold Plated,18K Gold Plated Vermeil / 10,,5600.00,6799.99,Yes
9920614269176,48966786908408,ACTIVE,7.50 ct DEW Off White Treated Moissanite Ring Wedding Gift for Women 18K Gold Plated Ve 18K Gold Plated,18K Gold Plated Vermeil / 7,GH-MOI-00805,7700.00,7700.00,No (reverted)
9920614269176,48966786941176,ACTIVE,7.50 ct DEW Off White Treated Moissanite Ring Wedding Gift for Women 18K Gold Plated Ve 18K Gold Plated,18K Gold Plated Vermeil / 5,,7700.00,7700.00,No (reverted)
9920614269176,48966786973944,ACTIVE,7.50 ct DEW Off White Treated Moissanite Ring Wedding Gift for Women 18K Gold Plated Ve 18K Gold Plated,18K Gold Plated Vermeil / 6,,7700.00,7700.00,No (reverted)
9920614269176,48966787006712,ACTIVE,7.50 ct DEW Off White Treated Moissanite Ring Wedding Gift for Women 18K Gold Plated Ve 18K Gold Plated,18K Gold Plated Vermeil / 8,,7700.00,7700.00,No (reverted)
9920614269176,48966787039480,ACTIVE,7.50 ct DEW Off White Treated Moissanite Ring Wedding Gift for Women 18K Gold Plated Ve 18K Gold Plated,18K Gold Plated Vermeil / 9,,7700.00,7700.00,No (reverted)
9920614269176,48966787072248,ACTIVE,7.50 ct DEW Off White Treated Moissanite Ring Wedding Gift for Women 18K Gold Plated Ve 18K Gold Plated,18K Gold Plated Vermeil / 10,,7700.00,7700.00,No (reverted)
9920614334712,48966788350200,ACTIVE,8.40 ct DEW Champagne Moissanite Ring in Prong Set Gift for Her Shine 18K Gold Plated V 18K Gold Plated,18K Gold Plated Vermeil / 7,GH-MOI-00804,7000.00,7000.00,No (reverted)
9920614334712,48966788382968,ACTIVE,8.40 ct DEW Champagne Moissanite Ring in Prong Set Gift for Her Shine 18K Gold Plated V 18K Gold Plated,18K Gold Plated Vermeil / 5,,7000.00,7000.00,No (reverted)
9920614334712,48966788415736,ACTIVE,8.40 ct DEW Champagne Moissanite Ring in Prong Set Gift for Her Shine 18K Gold Plated V 18K Gold Plated,18K Gold Plated Vermeil / 6,,7000.00,7000.00,No (reverted)
9920614334712,48966788448504,ACTIVE,8.40 ct DEW Champagne Moissanite Ring in Prong Set Gift for Her Shine 18K Gold Plated V 18K Gold Plated,18K Gold Plated Vermeil / 8,,7000.00,7000.00,No (reverted)
9920614334712,48966788481272,ACTIVE,8.40 ct DEW Champagne Moissanite Ring in Prong Set Gift for Her Shine 18K Gold Plated V 18K Gold Plated,18K Gold Plated Vermeil / 9,,7000.00,7000.00,No (reverted)
9920614334712,48966788514040,ACTIVE,8.40 ct DEW Champagne Moissanite Ring in Prong Set Gift for Her Shine 18K Gold Plated V 18K Gold Plated,18K Gold Plated Vermeil / 10,,7000.00,7000.00,No (reverted)
9920614498552,48966788972792,ACTIVE,5.70 ct DEW Emerald Cut Off White Moissanite Ring Birthday Gift Wife 18K Gold Plated Ve 18K Gold Plated,18K Gold Plated Vermeil / 7,GH-MOI-00803,6300.00,6300.00,No (reverted)
9920614498552,48966789005560,ACTIVE,5.70 ct DEW Emerald Cut Off White Moissanite Ring Birthday Gift Wife 18K Gold Plated Ve 18K Gold Plated,18K Gold Plated Vermeil / 5,,6300.00,6300.00,No (reverted)
9920614498552,48966789038328,ACTIVE,5.70 ct DEW Emerald Cut Off White Moissanite Ring Birthday Gift Wife 18K Gold Plated Ve 18K Gold Plated,18K Gold Plated Vermeil / 6,,6300.00,6300.00,No (reverted)
9920614498552,48966789071096,ACTIVE,5.70 ct DEW Emerald Cut Off White Moissanite Ring Birthday Gift Wife 18K Gold Plated Ve 18K Gold Plated,18K Gold Plated Vermeil / 8,,6300.00,6300.00,No (reverted)
9920614498552,48966789103864,ACTIVE,5.70 ct DEW Emerald Cut Off White Moissanite Ring Birthday Gift Wife 18K Gold Plated Ve 18K Gold Plated,18K Gold Plated Vermeil / 9,,6300.00,6300.00,No (reverted)
9920614498552,48966789136632,ACTIVE,5.70 ct DEW Emerald Cut Off White Moissanite Ring Birthday Gift Wife 18K Gold Plated Ve 18K Gold Plated,18K Gold Plated Vermeil / 10,,6300.00,6300.00,No (reverted)
9920614695160,48966791004408,ACTIVE,7.00 ct DEW Cushion Cut Blue Moissanite Ring Gift for Her Anniversary 18K Gold Plated V 18K Gold Plated,18K Gold Plated Vermeil / 7,GH-MOI-00802,5600.00,6799.99,Yes
9920614695160,48966791037176,ACTIVE,7.00 ct DEW Cushion Cut Blue Moissanite Ring Gift for Her Anniversary 18K Gold Plated V 18K Gold Plated,18K Gold Plated Vermeil / 5,,5600.00,6799.99,Yes
9920614695160,48966791069944,ACTIVE,7.00 ct DEW Cushion Cut Blue Moissanite Ring Gift for Her Anniversary 18K Gold Plated V 18K Gold Plated,18K Gold Plated Vermeil / 6,,5600.00,6799.99,Yes
9920614695160,48966791102712,ACTIVE,7.00 ct DEW Cushion Cut Blue Moissanite Ring Gift for Her Anniversary 18K Gold Plated V 18K Gold Plated,18K Gold Plated Vermeil / 8,,5600.00,6799.99,Yes
9920614695160,48966791135480,ACTIVE,7.00 ct DEW Cushion Cut Blue Moissanite Ring Gift for Her Anniversary 18K Gold Plated V 18K Gold Plated,18K Gold Plated Vermeil / 9,,5600.00,6799.99,Yes
9920614695160,48966791168248,ACTIVE,7.00 ct DEW Cushion Cut Blue Moissanite Ring Gift for Her Anniversary 18K Gold Plated V 18K Gold Plated,18K Gold Plated Vermeil / 10,,5600.00,6799.99,Yes
9920614891768,48966792806648,ACTIVE,15.30 ct DEW Asscher Cut Champagne Moissanite Ring Gift for Wedding 18K Gold Plated Ver 18K Gold Plated,18K Gold Plated Vermeil / 7,GH-MOI-00801,11200.00,11200.00,No (reverted)
9920614891768,48966792839416,ACTIVE,15.30 ct DEW Asscher Cut Champagne Moissanite Ring Gift for Wedding 18K Gold Plated Ver 18K Gold Plated,18K Gold Plated Vermeil / 5,,11200.00,11200.00,No (reverted)
9920614891768,48966792872184,ACTIVE,15.30 ct DEW Asscher Cut Champagne Moissanite Ring Gift for Wedding 18K Gold Plated Ver 18K Gold Plated,18K Gold Plated Vermeil / 6,,11200.00,11200.00,No (reverted)
9920614891768,48966792904952,ACTIVE,15.30 ct DEW Asscher Cut Champagne Moissanite Ring Gift for Wedding 18K Gold Plated Ver 18K Gold Plated,18K Gold Plated Vermeil / 8,,11200.00,11200.00,No (reverted)
9920614891768,48966792937720,ACTIVE,15.30 ct DEW Asscher Cut Champagne Moissanite Ring Gift for Wedding 18K Gold Plated Ver 18K Gold Plated,18K Gold Plated Vermeil / 9,,11200.00,11200.00,No (reverted)
9920614891768,48966792970488,ACTIVE,15.30 ct DEW Asscher Cut Champagne Moissanite Ring Gift for Wedding 18K Gold Plated Ver 18K Gold Plated,18K Gold Plated Vermeil / 10,,11200.00,11200.00,No (reverted)
9920615219448,48966796247288,ACTIVE,2.50 ct DEW Blue Treated Moissanite Solitaire Ring in Gift for Women 18K Gold Plated Ve 18K Gold Plated,18K Gold Plated Vermeil / 7,GH-MOI-00800,4200.00,5099.99,Yes
9920615219448,48966796280056,ACTIVE,2.50 ct DEW Blue Treated Moissanite Solitaire Ring in Gift for Women 18K Gold Plated Ve 18K Gold Plated,18K Gold Plated Vermeil / 5,,4200.00,5099.99,Yes
9920615219448,48966796312824,ACTIVE,2.50 ct DEW Blue Treated Moissanite Solitaire Ring in Gift for Women 18K Gold Plated Ve 18K Gold Plated,18K Gold Plated Vermeil / 6,,4200.00,5099.99,Yes
9920615219448,48966796345592,ACTIVE,2.50 ct DEW Blue Treated Moissanite Solitaire Ring in Gift for Women 18K Gold Plated Ve 18K Gold Plated,18K Gold Plated Vermeil / 8,,4200.00,5099.99,Yes
9920615219448,48966796378360,ACTIVE,2.50 ct DEW Blue Treated Moissanite Solitaire Ring in Gift for Women 18K Gold Plated Ve 18K Gold Plated,18K Gold Plated Vermeil / 9,,4200.00,5099.99,Yes
9920615219448,48966796411128,ACTIVE,2.50 ct DEW Blue Treated Moissanite Solitaire Ring in Gift for Women 18K Gold Plated Ve 18K Gold Plated,18K Gold Plated Vermeil / 10,,4200.00,5099.99,Yes
9920615317752,48966797164792,ACTIVE,17.20 ct DEW Blue Treated Moissanite Solitaire Ring Gift for Anniversary 18K Gold Plate 18K Gold Plated,18K Gold Plated Vermeil / 7,GH-MOI-00799,13300.00,13300.00,No (reverted)
9920615317752,48966797197560,ACTIVE,17.20 ct DEW Blue Treated Moissanite Solitaire Ring Gift for Anniversary 18K Gold Plate 18K Gold Plated,18K Gold Plated Vermeil / 5,,13300.00,13300.00,No (reverted)
9920615317752,48966797230328,ACTIVE,17.20 ct DEW Blue Treated Moissanite Solitaire Ring Gift for Anniversary 18K Gold Plate 18K Gold Plated,18K Gold Plated Vermeil / 6,,13300.00,13300.00,No (reverted)
9920615317752,48966797263096,ACTIVE,17.20 ct DEW Blue Treated Moissanite Solitaire Ring Gift for Anniversary 18K Gold Plate 18K Gold Plated,18K Gold Plated Vermeil / 8,,13300.00,13300.00,No (reverted)
9920615317752,48966797295864,ACTIVE,17.20 ct DEW Blue Treated Moissanite Solitaire Ring Gift for Anniversary 18K Gold Plate 18K Gold Plated,18K Gold Plated Vermeil / 9,,13300.00,13300.00,No (reverted)
9920615317752,48966797328632,ACTIVE,17.20 ct DEW Blue Treated Moissanite Solitaire Ring Gift for Anniversary 18K Gold Plate 18K Gold Plated,18K Gold Plated Vermeil / 10,,13300.00,13300.00,No (reverted)
9920615416056,48966797721848,ACTIVE,5.25 ct DEW Princess Cut Off White Moissanite Ring Gift for Her Shine 18K Gold Plated V 18K Gold Plated,18K Gold Plated Vermeil / 7,GH-MOI-00798,5600.00,6799.99,Yes
9920615416056,48966797754616,ACTIVE,5.25 ct DEW Princess Cut Off White Moissanite Ring Gift for Her Shine 18K Gold Plated V 18K Gold Plated,18K Gold Plated Vermeil / 5,,5600.00,6799.99,Yes
9920615416056,48966797787384,ACTIVE,5.25 ct DEW Princess Cut Off White Moissanite Ring Gift for Her Shine 18K Gold Plated V 18K Gold Plated,18K Gold Plated Vermeil / 6,,5600.00,6799.99,Yes
9920615416056,48966797820152,ACTIVE,5.25 ct DEW Princess Cut Off White Moissanite Ring Gift for Her Shine 18K Gold Plated V 18K Gold Plated,18K Gold Plated Vermeil / 8,,5600.00,6799.99,Yes
9920615416056,48966797852920,ACTIVE,5.25 ct DEW Princess Cut Off White Moissanite Ring Gift for Her Shine 18K Gold Plated V 18K Gold Plated,18K Gold Plated Vermeil / 9,,5600.00,6799.99,Yes
9920615416056,48966797885688,ACTIVE,5.25 ct DEW Princess Cut Off White Moissanite Ring Gift for Her Shine 18K Gold Plated V 18K Gold Plated,18K Gold Plated Vermeil / 10,,5600.00,6799.99,Yes
9920615612664,48966799327480,ACTIVE,12.50 ct DEW Cushion Cut Blue Moissanite Ring Birthday Gift for Wife 18K Gold Plated Ve 18K Gold Plated,18K Gold Plated Vermeil / 7,GH-MOI-00797,7700.00,7700.00,No (reverted)
9920615612664,48966799360248,ACTIVE,12.50 ct DEW Cushion Cut Blue Moissanite Ring Birthday Gift for Wife 18K Gold Plated Ve 18K Gold Plated,18K Gold Plated Vermeil / 5,,7700.00,7700.00,No (reverted)
9920615612664,48966799393016,ACTIVE,12.50 ct DEW Cushion Cut Blue Moissanite Ring Birthday Gift for Wife 18K Gold Plated Ve 18K Gold Plated,18K Gold Plated Vermeil / 6,,7700.00,7700.00,No (reverted)
9920615612664,48966799425784,ACTIVE,12.50 ct DEW Cushion Cut Blue Moissanite Ring Birthday Gift for Wife 18K Gold Plated Ve 18K Gold Plated,18K Gold Plated Vermeil / 8,,7700.00,7700.00,No (reverted)
9920615612664,48966799458552,ACTIVE,12.50 ct DEW Cushion Cut Blue Moissanite Ring Birthday Gift for Wife 18K Gold Plated Ve 18K Gold Plated,18K Gold Plated Vermeil / 9,,7700.00,7700.00,No (reverted)
9920615612664,48966799491320,ACTIVE,12.50 ct DEW Cushion Cut Blue Moissanite Ring Birthday Gift for Wife 18K Gold Plated Ve 18K Gold Plated,18K Gold Plated Vermeil / 10,,7700.00,7700.00,No (reverted)
9920615678200,48966800244984,ACTIVE,17.60 ct DEW Blue Emerald Cut Moissanite Ring Bold Statement Gift Ring 18K Gold Plated 18K Gold Plated,18K Gold Plated Vermeil / 7,GH-MOI-00796,11900.00,11900.00,No (reverted)
9920615678200,48966800277752,ACTIVE,17.60 ct DEW Blue Emerald Cut Moissanite Ring Bold Statement Gift Ring 18K Gold Plated 18K Gold Plated,18K Gold Plated Vermeil / 5,,11900.00,11900.00,No (reverted)
9920615678200,48966800310520,ACTIVE,17.60 ct DEW Blue Emerald Cut Moissanite Ring Bold Statement Gift Ring 18K Gold Plated 18K Gold Plated,18K Gold Plated Vermeil / 6,,11900.00,11900.00,No (reverted)
9920615678200,48966800343288,ACTIVE,17.60 ct DEW Blue Emerald Cut Moissanite Ring Bold Statement Gift Ring 18K Gold Plated 18K Gold Plated,18K Gold Plated Vermeil / 8,,11900.00,11900.00,No (reverted)
9920615678200,48966800376056,ACTIVE,17.60 ct DEW Blue Emerald Cut Moissanite Ring Bold Statement Gift Ring 18K Gold Plated 18K Gold Plated,18K Gold Plated Vermeil / 9,,11900.00,11900.00,No (reverted)
9920615678200,48966800408824,ACTIVE,17.60 ct DEW Blue Emerald Cut Moissanite Ring Bold Statement Gift Ring 18K Gold Plated 18K Gold Plated,18K Gold Plated Vermeil / 10,,11900.00,11900.00,No (reverted)
9920615842040,48966801621240,ACTIVE,3 ct DEW Round Treated Off White Moissanite Ring Gift for Her Wedding 18K Gold Plated V 18K Gold Plated,18K Gold Plated Vermeil / 7,GH-MOI-00795,4200.00,5099.99,Yes
9920615842040,48966801654008,ACTIVE,3 ct DEW Round Treated Off White Moissanite Ring Gift for Her Wedding 18K Gold Plated V 18K Gold Plated,18K Gold Plated Vermeil / 5,,4200.00,5099.99,Yes
9920615842040,48966801686776,ACTIVE,3 ct DEW Round Treated Off White Moissanite Ring Gift for Her Wedding 18K Gold Plated V 18K Gold Plated,18K Gold Plated Vermeil / 6,,4200.00,5099.99,Yes
9920615842040,48966801719544,ACTIVE,3 ct DEW Round Treated Off White Moissanite Ring Gift for Her Wedding 18K Gold Plated V 18K Gold Plated,18K Gold Plated Vermeil / 8,,4200.00,5099.99,Yes
9920615842040,48966801752312,ACTIVE,3 ct DEW Round Treated Off White Moissanite Ring Gift for Her Wedding 18K Gold Plated V 18K Gold Plated,18K Gold Plated Vermeil / 9,,4200.00,5099.99,Yes
9920615842040,48966801785080,ACTIVE,3 ct DEW Round Treated Off White Moissanite Ring Gift for Her Wedding 18K Gold Plated V 18K Gold Plated,18K Gold Plated Vermeil / 10,,4200.00,5099.99,Yes
9920615973112,48966802571512,ACTIVE,2.50 ct DEW Off White Moissanite Solitaire Ring in Birthday Gift Women 18K Gold Plated 18K Gold Plated,18K Gold Plated Vermeil / 7,GH-MOI-00794,4900.00,5899.99,Yes
9920615973112,48966802604280,ACTIVE,2.50 ct DEW Off White Moissanite Solitaire Ring in Birthday Gift Women 18K Gold Plated 18K Gold Plated,18K Gold Plated Vermeil / 5,,4900.00,5899.99,Yes
9920615973112,48966802637048,ACTIVE,2.50 ct DEW Off White Moissanite Solitaire Ring in Birthday Gift Women 18K Gold Plated 18K Gold Plated,18K Gold Plated Vermeil / 6,,4900.00,5899.99,Yes
9920615973112,48966802669816,ACTIVE,2.50 ct DEW Off White Moissanite Solitaire Ring in Birthday Gift Women 18K Gold Plated 18K Gold Plated,18K Gold Plated Vermeil / 8,,4900.00,5899.99,Yes
9920615973112,48966802702584,ACTIVE,2.50 ct DEW Off White Moissanite Solitaire Ring in Birthday Gift Women 18K Gold Plated 18K Gold Plated,18K Gold Plated Vermeil / 9,,4900.00,5899.99,Yes
9920615973112,48966802735352,ACTIVE,2.50 ct DEW Off White Moissanite Solitaire Ring in Birthday Gift Women 18K Gold Plated 18K Gold Plated,18K Gold Plated Vermeil / 10,,4900.00,5899.99,Yes
9920616071416,48966804013304,ACTIVE,3.30 ct DEW Round Cut White Moissanite Halo Ring in Gift for Engagement 18K Gold Plated,18K Gold Plated Vermeil / 7,GH-MOI-00793,4200.00,5099.99,Yes
9920616071416,48966804046072,ACTIVE,3.30 ct DEW Round Cut White Moissanite Halo Ring in Gift for Engagement 18K Gold Plated,18K Gold Plated Vermeil / 5,,4200.00,5099.99,Yes
9920616071416,48966804078840,ACTIVE,3.30 ct DEW Round Cut White Moissanite Halo Ring in Gift for Engagement 18K Gold Plated,18K Gold Plated Vermeil / 6,,4200.00,5099.99,Yes
9920616071416,48966804111608,ACTIVE,3.30 ct DEW Round Cut White Moissanite Halo Ring in Gift for Engagement 18K Gold Plated,18K Gold Plated Vermeil / 8,,4200.00,5099.99,Yes
9920616071416,48966804144376,ACTIVE,3.30 ct DEW Round Cut White Moissanite Halo Ring in Gift for Engagement 18K Gold Plated,18K Gold Plated Vermeil / 9,,4200.00,5099.99,Yes
9920616071416,48966804177144,ACTIVE,3.30 ct DEW Round Cut White Moissanite Halo Ring in Gift for Engagement 18K Gold Plated,18K Gold Plated Vermeil / 10,,4200.00,5099.99,Yes
9920616169720,48966804963576,ACTIVE,6.50 ct DEW Oval Cut Off White Moissanite Ring in Anniversary Gift Her 18K Gold Plated 18K Gold Plated,18K Gold Plated Vermeil / 7,GH-MOI-00792,7700.00,7700.00,No (reverted)
9920616169720,48966804996344,ACTIVE,6.50 ct DEW Oval Cut Off White Moissanite Ring in Anniversary Gift Her 18K Gold Plated 18K Gold Plated,18K Gold Plated Vermeil / 5,,7700.00,7700.00,No (reverted)
9920616169720,48966805029112,ACTIVE,6.50 ct DEW Oval Cut Off White Moissanite Ring in Anniversary Gift Her 18K Gold Plated 18K Gold Plated,18K Gold Plated Vermeil / 6,,7700.00,7700.00,No (reverted)
9920616169720,48966805061880,ACTIVE,6.50 ct DEW Oval Cut Off White Moissanite Ring in Anniversary Gift Her 18K Gold Plated 18K Gold Plated,18K Gold Plated Vermeil / 8,,7700.00,7700.00,No (reverted)
9920616169720,48966805094648,ACTIVE,6.50 ct DEW Oval Cut Off White Moissanite Ring in Anniversary Gift Her 18K Gold Plated 18K Gold Plated,18K Gold Plated Vermeil / 9,,7700.00,7700.00,No (reverted)
9920616169720,48966805127416,ACTIVE,6.50 ct DEW Oval Cut Off White Moissanite Ring in Anniversary Gift Her 18K Gold Plated 18K Gold Plated,18K Gold Plated Vermeil / 10,,7700.00,7700.00,No (reverted)
9920616300792,48966806274296,ACTIVE,7.10 ct DEW Radiant Cut Moissanite Solitaire Ring Engagement Gift Idea 18K Gold Plated 18K Gold Plated,18K Gold Plated Vermeil / 7,GH-MOI-00791,7700.00,7700.00,No (reverted)
9920616300792,48966806307064,ACTIVE,7.10 ct DEW Radiant Cut Moissanite Solitaire Ring Engagement Gift Idea 18K Gold Plated 18K Gold Plated,18K Gold Plated Vermeil / 5,,7700.00,7700.00,No (reverted)
9920616300792,48966806339832,ACTIVE,7.10 ct DEW Radiant Cut Moissanite Solitaire Ring Engagement Gift Idea 18K Gold Plated 18K Gold Plated,18K Gold Plated Vermeil / 6,,7700.00,7700.00,No (reverted)
9920616300792,48966806372600,ACTIVE,7.10 ct DEW Radiant Cut Moissanite Solitaire Ring Engagement Gift Idea 18K Gold Plated 18K Gold Plated,18K Gold Plated Vermeil / 8,,7700.00,7700.00,No (reverted)
9920616300792,48966806405368,ACTIVE,7.10 ct DEW Radiant Cut Moissanite Solitaire Ring Engagement Gift Idea 18K Gold Plated 18K Gold Plated,18K Gold Plated Vermeil / 9,,7700.00,7700.00,No (reverted)
9920616300792,48966806438136,ACTIVE,7.10 ct DEW Radiant Cut Moissanite Solitaire Ring Engagement Gift Idea 18K Gold Plated 18K Gold Plated,18K Gold Plated Vermeil / 10,,7700.00,7700.00,No (reverted)
9920616399096,48966806700280,ACTIVE,15.65 ct DEW Off White Moissanite Solitaire Ring Wedding Gift for Wife 18K Gold Plated 18K Gold Plated,18K Gold Plated Vermeil / 7,GH-MOI-00790,14700.00,14700.00,No (reverted)
9920616399096,48966806733048,ACTIVE,15.65 ct DEW Off White Moissanite Solitaire Ring Wedding Gift for Wife 18K Gold Plated 18K Gold Plated,18K Gold Plated Vermeil / 5,,14700.00,14700.00,No (reverted)
9920616399096,48966806765816,ACTIVE,15.65 ct DEW Off White Moissanite Solitaire Ring Wedding Gift for Wife 18K Gold Plated 18K Gold Plated,18K Gold Plated Vermeil / 6,,14700.00,14700.00,No (reverted)
9920616399096,48966806798584,ACTIVE,15.65 ct DEW Off White Moissanite Solitaire Ring Wedding Gift for Wife 18K Gold Plated 18K Gold Plated,18K Gold Plated Vermeil / 8,,14700.00,14700.00,No (reverted)
9920616399096,48966806831352,ACTIVE,15.65 ct DEW Off White Moissanite Solitaire Ring Wedding Gift for Wife 18K Gold Plated 18K Gold Plated,18K Gold Plated Vermeil / 9,,14700.00,14700.00,No (reverted)
9920616399096,48966806864120,ACTIVE,15.65 ct DEW Off White Moissanite Solitaire Ring Wedding Gift for Wife 18K Gold Plated 18K Gold Plated,18K Gold Plated Vermeil / 10,,14700.00,14700.00,No (reverted)
9920616530168,48966808338680,ACTIVE,9.40 ct DEW Treated Off White Moissanite Ring in Birthday Gift for Her 18K Gold Plated 18K Gold Plated,18K Gold Plated Vermeil / 7,GH-MOI-00789,9800.00,9800.00,No (reverted)
9920616530168,48966808371448,ACTIVE,9.40 ct DEW Treated Off White Moissanite Ring in Birthday Gift for Her 18K Gold Plated 18K Gold Plated,18K Gold Plated Vermeil / 5,,9800.00,9800.00,No (reverted)
9920616530168,48966808404216,ACTIVE,9.40 ct DEW Treated Off White Moissanite Ring in Birthday Gift for Her 18K Gold Plated 18K Gold Plated,18K Gold Plated Vermeil / 6,,9800.00,9800.00,No (reverted)
9920616530168,48966808436984,ACTIVE,9.40 ct DEW Treated Off White Moissanite Ring in Birthday Gift for Her 18K Gold Plated 18K Gold Plated,18K Gold Plated Vermeil / 8,,9800.00,9800.00,No (reverted)
9920616530168,48966808469752,ACTIVE,9.40 ct DEW Treated Off White Moissanite Ring in Birthday Gift for Her 18K Gold Plated 18K Gold Plated,18K Gold Plated Vermeil / 9,,9800.00,9800.00,No (reverted)
9920616530168,48966808502520,ACTIVE,9.40 ct DEW Treated Off White Moissanite Ring in Birthday Gift for Her 18K Gold Plated 18K Gold Plated,18K Gold Plated Vermeil / 10,,9800.00,9800.00,No (reverted)
9920616628472,48966809288952,ACTIVE,10 ct DEW Emerald Cut Off White Moissanite Ring Wedding Gift for Women 18K Gold Plated 18K Gold Plated,18K Gold Plated Vermeil / 7,GH-MOI-00788,10500.00,10500.00,No (reverted)
9920616628472,48966809321720,ACTIVE,10 ct DEW Emerald Cut Off White Moissanite Ring Wedding Gift for Women 18K Gold Plated 18K Gold Plated,18K Gold Plated Vermeil / 5,,10500.00,10500.00,No (reverted)
9920616628472,48966809354488,ACTIVE,10 ct DEW Emerald Cut Off White Moissanite Ring Wedding Gift for Women 18K Gold Plated 18K Gold Plated,18K Gold Plated Vermeil / 6,,10500.00,10500.00,No (reverted)
9920616628472,48966809387256,ACTIVE,10 ct DEW Emerald Cut Off White Moissanite Ring Wedding Gift for Women 18K Gold Plated 18K Gold Plated,18K Gold Plated Vermeil / 8,,10500.00,10500.00,No (reverted)
9920616628472,48966809420024,ACTIVE,10 ct DEW Emerald Cut Off White Moissanite Ring Wedding Gift for Women 18K Gold Plated 18K Gold Plated,18K Gold Plated Vermeil / 9,,10500.00,10500.00,No (reverted)
9920616628472,48966809452792,ACTIVE,10 ct DEW Emerald Cut Off White Moissanite Ring Wedding Gift for Women 18K Gold Plated 18K Gold Plated,18K Gold Plated Vermeil / 10,,10500.00,10500.00,No (reverted)
9920616759544,48966810632440,ACTIVE,16.90 ct DEW Emerald Cut Moissanite Solitaire Ring Anniversary Gift Her 18K Gold Plated,18K Gold Plated Vermeil / 7,GH-MOI-00787,13300.00,13300.00,No (reverted)
9920616759544,48966810665208,ACTIVE,16.90 ct DEW Emerald Cut Moissanite Solitaire Ring Anniversary Gift Her 18K Gold Plated,18K Gold Plated Vermeil / 5,,13300.00,13300.00,No (reverted)
9920616759544,48966810697976,ACTIVE,16.90 ct DEW Emerald Cut Moissanite Solitaire Ring Anniversary Gift Her 18K Gold Plated,18K Gold Plated Vermeil / 6,,13300.00,13300.00,No (reverted)
9920616759544,48966810730744,ACTIVE,16.90 ct DEW Emerald Cut Moissanite Solitaire Ring Anniversary Gift Her 18K Gold Plated,18K Gold Plated Vermeil / 8,,13300.00,13300.00,No (reverted)
9920616759544,48966810763512,ACTIVE,16.90 ct DEW Emerald Cut Moissanite Solitaire Ring Anniversary Gift Her 18K Gold Plated,18K Gold Plated Vermeil / 9,,13300.00,13300.00,No (reverted)
9920616759544,48966810796280,ACTIVE,16.90 ct DEW Emerald Cut Moissanite Solitaire Ring Anniversary Gift Her 18K Gold Plated,18K Gold Plated Vermeil / 10,,13300.00,13300.00,No (reverted)
9920616923384,48966811582712,ACTIVE,12.30 ct DEW Emerald Off White Moissanite Ring in – July Wedding Gift 18K Gold Plated V 18K Gold Plated,18K Gold Plated Vermeil / 7,GH-MOI-00786,11900.00,11900.00,No (reverted)
9920616923384,48966811615480,ACTIVE,12.30 ct DEW Emerald Off White Moissanite Ring in – July Wedding Gift 18K Gold Plated V 18K Gold Plated,18K Gold Plated Vermeil / 5,,11900.00,11900.00,No (reverted)
9920616923384,48966811648248,ACTIVE,12.30 ct DEW Emerald Off White Moissanite Ring in – July Wedding Gift 18K Gold Plated V 18K Gold Plated,18K Gold Plated Vermeil / 6,,11900.00,11900.00,No (reverted)
9920616923384,48966811681016,ACTIVE,12.30 ct DEW Emerald Off White Moissanite Ring in – July Wedding Gift 18K Gold Plated V 18K Gold Plated,18K Gold Plated Vermeil / 8,,11900.00,11900.00,No (reverted)
9920616923384,48966811713784,ACTIVE,12.30 ct DEW Emerald Off White Moissanite Ring in – July Wedding Gift 18K Gold Plated V 18K Gold Plated,18K Gold Plated Vermeil / 9,,11900.00,11900.00,No (reverted)
9920616923384,48966811746552,ACTIVE,12.30 ct DEW Emerald Off White Moissanite Ring in – July Wedding Gift 18K Gold Plated V 18K Gold Plated,18K Gold Plated Vermeil / 10,,11900.00,11900.00,No (reverted)
9920617054456,48966812926200,ACTIVE,3.50 ct DEW Cushion Cut Off White Moissanite Ring in – Gift for Wife 18K Gold Plated Ve 18K Gold Plated,18K Gold Plated Vermeil / 7,GH-MOI-00785,5600.00,6799.99,Yes
9920617054456,48966812958968,ACTIVE,3.50 ct DEW Cushion Cut Off White Moissanite Ring in – Gift for Wife 18K Gold Plated Ve 18K Gold Plated,18K Gold Plated Vermeil / 5,,5600.00,6799.99,Yes
9920617054456,48966812991736,ACTIVE,3.50 ct DEW Cushion Cut Off White Moissanite Ring in – Gift for Wife 18K Gold Plated Ve 18K Gold Plated,18K Gold Plated Vermeil / 6,,5600.00,6799.99,Yes
9920617054456,48966813024504,ACTIVE,3.50 ct DEW Cushion Cut Off White Moissanite Ring in – Gift for Wife 18K Gold Plated Ve 18K Gold Plated,18K Gold Plated Vermeil / 8,,5600.00,6799.99,Yes
9920617054456,48966813057272,ACTIVE,3.50 ct DEW Cushion Cut Off White Moissanite Ring in – Gift for Wife 18K Gold Plated Ve 18K Gold Plated,18K Gold Plated Vermeil / 9,,5600.00,6799.99,Yes
9920617054456,48966813090040,ACTIVE,3.50 ct DEW Cushion Cut Off White Moissanite Ring in – Gift for Wife 18K Gold Plated Ve 18K Gold Plated,18K Gold Plated Vermeil / 10,,5600.00,6799.99,Yes
9920617218296,48966813778168,ACTIVE,14.50 ct DEW Emerald Cut Off White Moissanite Ring – Bridal Jewellery 18K Gold Plated Ver 18K Gold Plated,18K Gold Plated Vermeil / 7,GH-MOI-00784,16100.00,16100.00,No (reverted)
9920617218296,48966813810936,ACTIVE,14.50 ct DEW Emerald Cut Off White Moissanite Ring – Bridal Jewellery 18K Gold Plated Ver 18K Gold Plated,18K Gold Plated Vermeil / 5,,16100.00,16100.00,No (reverted)
9920617218296,48966813843704,ACTIVE,14.50 ct DEW Emerald Cut Off White Moissanite Ring – Bridal Jewellery 18K Gold Plated Ver 18K Gold Plated,18K Gold Plated Vermeil / 6,,16100.00,16100.00,No (reverted)
9920617218296,48966813876472,ACTIVE,14.50 ct DEW Emerald Cut Off White Moissanite Ring – Bridal Jewellery 18K Gold Plated Ver 18K Gold Plated,18K Gold Plated Vermeil / 8,,16100.00,16100.00,No (reverted)
9920617218296,48966813909240,ACTIVE,14.50 ct DEW Emerald Cut Off White Moissanite Ring – Bridal Jewellery 18K Gold Plated Ver 18K Gold Plated,18K Gold Plated Vermeil / 9,,16100.00,16100.00,No (reverted)
9920617218296,48966813942008,ACTIVE,14.50 ct DEW Emerald Cut Off White Moissanite Ring – Bridal Jewellery 18K Gold Plated Ver 18K Gold Plated,18K Gold Plated Vermeil / 10,,16100.00,16100.00,No (reverted)
9920617283832,48966814367992,ACTIVE,27.20 ct DEW Pear Cut Blue Moissanite Ring in – Festival Showstopper 18K Gold Plated Ve 18K Gold Plated,18K Gold Plated Vermeil / 7,GH-MOI-00783,18200.00,18200.00,No (reverted)
9920617283832,48966814400760,ACTIVE,27.20 ct DEW Pear Cut Blue Moissanite Ring in – Festival Showstopper 18K Gold Plated Ve 18K Gold Plated,18K Gold Plated Vermeil / 5,,18200.00,18200.00,No (reverted)
9920617283832,48966814433528,ACTIVE,27.20 ct DEW Pear Cut Blue Moissanite Ring in – Festival Showstopper 18K Gold Plated Ve 18K Gold Plated,18K Gold Plated Vermeil / 6,,18200.00,18200.00,No (reverted)
9920617283832,48966814466296,ACTIVE,27.20 ct DEW Pear Cut Blue Moissanite Ring in – Festival Showstopper 18K Gold Plated Ve 18K Gold Plated,18K Gold Plated Vermeil / 8,,18200.00,18200.00,No (reverted)
9920617283832,48966814499064,ACTIVE,27.20 ct DEW Pear Cut Blue Moissanite Ring in – Festival Showstopper 18K Gold Plated Ve 18K Gold Plated,18K Gold Plated Vermeil / 9,,18200.00,18200.00,No (reverted)
9920617283832,48966814531832,ACTIVE,27.20 ct DEW Pear Cut Blue Moissanite Ring in – Festival Showstopper 18K Gold Plated Ve 18K Gold Plated,18K Gold Plated Vermeil / 10,,18200.00,18200.00,No (reverted)
9920617447672,48966815678712,ACTIVE,6.40 ct DEW Off White Moissanite Ring in – Elegant 4th of July Gift 18K Gold Plated Ver 18K Gold Plated,18K Gold Plated Vermeil / 7,GH-MOI-00782,6300.00,6300.00,No (reverted)
9920617447672,48966815711480,ACTIVE,6.40 ct DEW Off White Moissanite Ring in – Elegant 4th of July Gift 18K Gold Plated Ver 18K Gold Plated,18K Gold Plated Vermeil / 5,,6300.00,6300.00,No (reverted)
9920617447672,48966815744248,ACTIVE,6.40 ct DEW Off White Moissanite Ring in – Elegant 4th of July Gift 18K Gold Plated Ver 18K Gold Plated,18K Gold Plated Vermeil / 6,,6300.00,6300.00,No (reverted)
9920617447672,48966815777016,ACTIVE,6.40 ct DEW Off White Moissanite Ring in – Elegant 4th of July Gift 18K Gold Plated Ver 18K Gold Plated,18K Gold Plated Vermeil / 8,,6300.00,6300.00,No (reverted)
9920617447672,48966815809784,ACTIVE,6.40 ct DEW Off White Moissanite Ring in – Elegant 4th of July Gift 18K Gold Plated Ver 18K Gold Plated,18K Gold Plated Vermeil / 9,,6300.00,6300.00,No (reverted)
9920617447672,48966815842552,ACTIVE,6.40 ct DEW Off White Moissanite Ring in – Elegant 4th of July Gift 18K Gold Plated Ver 18K Gold Plated,18K Gold Plated Vermeil / 10,,6300.00,6300.00,No (reverted)
9920617578744,48966816891128,ACTIVE,3.80 ct DEW Off White Moissanite Solitaire Ring – Wedding Gift Idea 18K Gold Plated Ver 18K Gold Plated,18K Gold Plated Vermeil / 7,GH-MOI-00781,5600.00,6799.99,Yes
9920617578744,48966816923896,ACTIVE,3.80 ct DEW Off White Moissanite Solitaire Ring – Wedding Gift Idea 18K Gold Plated Ver 18K Gold Plated,18K Gold Plated Vermeil / 5,,5600.00,6799.99,Yes
9920617578744,48966816956664,ACTIVE,3.80 ct DEW Off White Moissanite Solitaire Ring – Wedding Gift Idea 18K Gold Plated Ver 18K Gold Plated,18K Gold Plated Vermeil / 6,,5600.00,6799.99,Yes
9920617578744,48966816989432,ACTIVE,3.80 ct DEW Off White Moissanite Solitaire Ring – Wedding Gift Idea 18K Gold Plated Ver 18K Gold Plated,18K Gold Plated Vermeil / 8,,5600.00,6799.99,Yes
9920617578744,48966817022200,ACTIVE,3.80 ct DEW Off White Moissanite Solitaire Ring – Wedding Gift Idea 18K Gold Plated Ver 18K Gold Plated,18K Gold Plated Vermeil / 9,,5600.00,6799.99,Yes
9920617578744,48966817054968,ACTIVE,3.80 ct DEW Off White Moissanite Solitaire Ring – Wedding Gift Idea 18K Gold Plated Ver 18K Gold Plated,18K Gold Plated Vermeil / 10,,5600.00,6799.99,Yes
9920617742584,48966818365688,ACTIVE,15.80 ct DEW Princess Cut Blue Moissanite Ring for Men in – Statement 18K Gold Plated V 18K Gold Plated,18K Gold Plated Vermeil / 7,GH-MOI-00780,10500.00,10500.00,No (reverted)
9920617742584,48966818398456,ACTIVE,15.80 ct DEW Princess Cut Blue Moissanite Ring for Men in – Statement 18K Gold Plated V 18K Gold Plated,18K Gold Plated Vermeil / 5,,10500.00,10500.00,No (reverted)
9920617742584,48966818431224,ACTIVE,15.80 ct DEW Princess Cut Blue Moissanite Ring for Men in – Statement 18K Gold Plated V 18K Gold Plated,18K Gold Plated Vermeil / 6,,10500.00,10500.00,No (reverted)
9920617742584,48966818463992,ACTIVE,15.80 ct DEW Princess Cut Blue Moissanite Ring for Men in – Statement 18K Gold Plated V 18K Gold Plated,18K Gold Plated Vermeil / 8,,10500.00,10500.00,No (reverted)
9920617742584,48966818496760,ACTIVE,15.80 ct DEW Princess Cut Blue Moissanite Ring for Men in – Statement 18K Gold Plated V 18K Gold Plated,18K Gold Plated Vermeil / 9,,10500.00,10500.00,No (reverted)
9920617742584,48966818529528,ACTIVE,15.80 ct DEW Princess Cut Blue Moissanite Ring for Men in – Statement 18K Gold Plated V 18K Gold Plated,18K Gold Plated Vermeil / 10,,10500.00,10500.00,No (reverted)
9920617840888,48966818988280,ACTIVE,4.15 ct DEW Certified Emerald Cut Off White Moissanite Ring – Festival Gift 18K Gold Plated,18K Gold Plated Vermeil / 7,GH-MOI-00779,4900.00,5899.99,Yes
9920617840888,48966819021048,ACTIVE,4.15 ct DEW Certified Emerald Cut Off White Moissanite Ring – Festival Gift 18K Gold Plated,18K Gold Plated Vermeil / 5,,4900.00,5899.99,Yes
9920617840888,48966819053816,ACTIVE,4.15 ct DEW Certified Emerald Cut Off White Moissanite Ring – Festival Gift 18K Gold Plated,18K Gold Plated Vermeil / 6,,4900.00,5899.99,Yes
9920617840888,48966819086584,ACTIVE,4.15 ct DEW Certified Emerald Cut Off White Moissanite Ring – Festival Gift 18K Gold Plated,18K Gold Plated Vermeil / 8,,4900.00,5899.99,Yes
9920617840888,48966819119352,ACTIVE,4.15 ct DEW Certified Emerald Cut Off White Moissanite Ring – Festival Gift 18K Gold Plated,18K Gold Plated Vermeil / 9,,4900.00,5899.99,Yes
9920617840888,48966819152120,ACTIVE,4.15 ct DEW Certified Emerald Cut Off White Moissanite Ring – Festival Gift 18K Gold Plated,18K Gold Plated Vermeil / 10,,4900.00,5899.99,Yes
9920618037496,48966820331768,ACTIVE,3.95 ct DEW Certified Radiant Cut Off White Moissanite Ring – Gift for Her 18K Gold Pla 18K Gold Plated,18K Gold Plated Vermeil / 7,GH-MOI-00778,3500.00,4199.99,Yes
9920618037496,48966820364536,ACTIVE,3.95 ct DEW Certified Radiant Cut Off White Moissanite Ring – Gift for Her 18K Gold Pla 18K Gold Plated,18K Gold Plated Vermeil / 5,,3500.00,4199.99,Yes
9920618037496,48966820397304,ACTIVE,3.95 ct DEW Certified Radiant Cut Off White Moissanite Ring – Gift for Her 18K Gold Pla 18K Gold Plated,18K Gold Plated Vermeil / 6,,3500.00,4199.99,Yes
9920618037496,48966820430072,ACTIVE,3.95 ct DEW Certified Radiant Cut Off White Moissanite Ring – Gift for Her 18K Gold Pla 18K Gold Plated,18K Gold Plated Vermeil / 8,,3500.00,4199.99,Yes
9920618037496,48966820462840,ACTIVE,3.95 ct DEW Certified Radiant Cut Off White Moissanite Ring – Gift for Her 18K Gold Pla 18K Gold Plated,18K Gold Plated Vermeil / 9,,3500.00,4199.99,Yes
9920618037496,48966820495608,ACTIVE,3.95 ct DEW Certified Radiant Cut Off White Moissanite Ring – Gift for Her 18K Gold Pla 18K Gold Plated,18K Gold Plated Vermeil / 10,,3500.00,4199.99,Yes
9920618135800,48966821937400,ACTIVE,2.70 ct DEW Certified Round Cut Off White Moissanite Ring – Summer Proposal 18K Gold Plated,18K Gold Plated Vermeil / 7,GH-MOI-00777,4200.00,5099.99,Yes
9920618135800,48966821970168,ACTIVE,2.70 ct DEW Certified Round Cut Off White Moissanite Ring – Summer Proposal 18K Gold Plated,18K Gold Plated Vermeil / 5,,4200.00,5099.99,Yes
9920618135800,48966822002936,ACTIVE,2.70 ct DEW Certified Round Cut Off White Moissanite Ring – Summer Proposal 18K Gold Plated,18K Gold Plated Vermeil / 6,,4200.00,5099.99,Yes
9920618135800,48966822035704,ACTIVE,2.70 ct DEW Certified Round Cut Off White Moissanite Ring – Summer Proposal 18K Gold Plated,18K Gold Plated Vermeil / 8,,4200.00,5099.99,Yes
9920618135800,48966822068472,ACTIVE,2.70 ct DEW Certified Round Cut Off White Moissanite Ring – Summer Proposal 18K Gold Plated,18K Gold Plated Vermeil / 9,,4200.00,5099.99,Yes
9920618135800,48966822101240,ACTIVE,2.70 ct DEW Certified Round Cut Off White Moissanite Ring – Summer Proposal 18K Gold Plated,18K Gold Plated Vermeil / 10,,4200.00,5099.99,Yes
9920618266872,48966823280888,ACTIVE,6.55 ct DEW Emerald Cut Off White Moissanite Ring – Bridal Special 18K Gold Plated Verm 18K Gold Plated,18K Gold Plated Vermeil / 7,GH-MOI-00776,7000.00,7000.00,No (reverted)
9920618266872,48966823313656,ACTIVE,6.55 ct DEW Emerald Cut Off White Moissanite Ring – Bridal Special 18K Gold Plated Verm 18K Gold Plated,18K Gold Plated Vermeil / 5,,7000.00,7000.00,No (reverted)
9920618266872,48966823346424,ACTIVE,6.55 ct DEW Emerald Cut Off White Moissanite Ring – Bridal Special 18K Gold Plated Verm 18K Gold Plated,18K Gold Plated Vermeil / 6,,7000.00,7000.00,No (reverted)
9920618266872,48966823379192,ACTIVE,6.55 ct DEW Emerald Cut Off White Moissanite Ring – Bridal Special 18K Gold Plated Verm 18K Gold Plated,18K Gold Plated Vermeil / 8,,7000.00,7000.00,No (reverted)
9920618266872,48966823411960,ACTIVE,6.55 ct DEW Emerald Cut Off White Moissanite Ring – Bridal Special 18K Gold Plated Verm 18K Gold Plated,18K Gold Plated Vermeil / 9,,7000.00,7000.00,No (reverted)
9920618266872,48966823444728,ACTIVE,6.55 ct DEW Emerald Cut Off White Moissanite Ring – Bridal Special 18K Gold Plated Verm 18K Gold Plated,18K Gold Plated Vermeil / 10,,7000.00,7000.00,No (reverted)
9920618365176,48966824231160,ACTIVE,5.40 ct DEW Champagne Solitaire Moissanite Ring in – 4th of July Gift 18K Gold Plated V 18K Gold Plated,18K Gold Plated Vermeil / 7,GH-MOI-00775,5600.00,6799.99,Yes
9920618365176,48966824263928,ACTIVE,5.40 ct DEW Champagne Solitaire Moissanite Ring in – 4th of July Gift 18K Gold Plated V 18K Gold Plated,18K Gold Plated Vermeil / 5,,5600.00,6799.99,Yes
9920618365176,48966824296696,ACTIVE,5.40 ct DEW Champagne Solitaire Moissanite Ring in – 4th of July Gift 18K Gold Plated V 18K Gold Plated,18K Gold Plated Vermeil / 6,,5600.00,6799.99,Yes
9920618365176,48966824329464,ACTIVE,5.40 ct DEW Champagne Solitaire Moissanite Ring in – 4th of July Gift 18K Gold Plated V 18K Gold Plated,18K Gold Plated Vermeil / 8,,5600.00,6799.99,Yes
9920618365176,48966824362232,ACTIVE,5.40 ct DEW Champagne Solitaire Moissanite Ring in – 4th of July Gift 18K Gold Plated V 18K Gold Plated,18K Gold Plated Vermeil / 9,,5600.00,6799.99,Yes
9920618365176,48966824395000,ACTIVE,5.40 ct DEW Champagne Solitaire Moissanite Ring in – 4th of July Gift 18K Gold Plated V 18K Gold Plated,18K Gold Plated Vermeil / 10,,5600.00,6799.99,Yes
9920618529016,48966825345272,ACTIVE,5.74 ct DEW Asscher Cut Off White Moissanite Ring in – Wedding Gift 18K Gold Plated Ver 18K Gold Plated,18K Gold Plated Vermeil / 7,GH-MOI-00774,5600.00,6799.99,Yes
9920618529016,48966825378040,ACTIVE,5.74 ct DEW Asscher Cut Off White Moissanite Ring in – Wedding Gift 18K Gold Plated Ver 18K Gold Plated,18K Gold Plated Vermeil / 5,,5600.00,6799.99,Yes
9920618529016,48966825410808,ACTIVE,5.74 ct DEW Asscher Cut Off White Moissanite Ring in – Wedding Gift 18K Gold Plated Ver 18K Gold Plated,18K Gold Plated Vermeil / 6,,5600.00,6799.99,Yes
9920618529016,48966825443576,ACTIVE,5.74 ct DEW Asscher Cut Off White Moissanite Ring in – Wedding Gift 18K Gold Plated Ver 18K Gold Plated,18K Gold Plated Vermeil / 8,,5600.00,6799.99,Yes
9920618529016,48966825476344,ACTIVE,5.74 ct DEW Asscher Cut Off White Moissanite Ring in – Wedding Gift 18K Gold Plated Ver 18K Gold Plated,18K Gold Plated Vermeil / 9,,5600.00,6799.99,Yes
9920618529016,48966825509112,ACTIVE,5.74 ct DEW Asscher Cut Off White Moissanite Ring in – Wedding Gift 18K Gold Plated Ver 18K Gold Plated,18K Gold Plated Vermeil / 10,,5600.00,6799.99,Yes
9920618692856,48966826721528,ACTIVE,3.90 ct DEW Radiant Cut Off White Moissanite Ring in – Summer Gift 18K Gold Plated Verm 18K Gold Plated,18K Gold Plated Vermeil / 7,GH-MOI-00773,5600.00,6799.99,Yes
9920618692856,48966826754296,ACTIVE,3.90 ct DEW Radiant Cut Off White Moissanite Ring in – Summer Gift 18K Gold Plated Verm 18K Gold Plated,18K Gold Plated Vermeil / 5,,5600.00,6799.99,Yes
9920618692856,48966826787064,ACTIVE,3.90 ct DEW Radiant Cut Off White Moissanite Ring in – Summer Gift 18K Gold Plated Verm 18K Gold Plated,18K Gold Plated Vermeil / 6,,5600.00,6799.99,Yes
9920618692856,48966826819832,ACTIVE,3.90 ct DEW Radiant Cut Off White Moissanite Ring in – Summer Gift 18K Gold Plated Verm 18K Gold Plated,18K Gold Plated Vermeil / 8,,5600.00,6799.99,Yes
9920618692856,48966826852600,ACTIVE,3.90 ct DEW Radiant Cut Off White Moissanite Ring in – Summer Gift 18K Gold Plated Verm 18K Gold Plated,18K Gold Plated Vermeil / 9,,5600.00,6799.99,Yes
9920618692856,48966826885368,ACTIVE,3.90 ct DEW Radiant Cut Off White Moissanite Ring in – Summer Gift 18K Gold Plated Verm 18K Gold Plated,18K Gold Plated Vermeil / 10,,5600.00,6799.99,Yes
9920618823928,48966828523768,ACTIVE,3.25 ct DEW Round Off White Moissanite Solitaire Ring in – Gift Pick 18K Gold Plated Ve 18K Gold Plated,18K Gold Plated Vermeil / 7,GH-MOI-00772,5600.00,6799.99,Yes
9920618823928,48966828556536,ACTIVE,3.25 ct DEW Round Off White Moissanite Solitaire Ring in – Gift Pick 18K Gold Plated Ve 18K Gold Plated,18K Gold Plated Vermeil / 5,,5600.00,6799.99,Yes
9920618823928,48966828589304,ACTIVE,3.25 ct DEW Round Off White Moissanite Solitaire Ring in – Gift Pick 18K Gold Plated Ve 18K Gold Plated,18K Gold Plated Vermeil / 6,,5600.00,6799.99,Yes
9920618823928,48966828622072,ACTIVE,3.25 ct DEW Round Off White Moissanite Solitaire Ring in – Gift Pick 18K Gold Plated Ve 18K Gold Plated,18K Gold Plated Vermeil / 8,,5600.00,6799.99,Yes
9920618823928,48966828654840,ACTIVE,3.25 ct DEW Round Off White Moissanite Solitaire Ring in – Gift Pick 18K Gold Plated Ve 18K Gold Plated,18K Gold Plated Vermeil / 9,,5600.00,6799.99,Yes
9920618823928,48966828687608,ACTIVE,3.25 ct DEW Round Off White Moissanite Solitaire Ring in – Gift Pick 18K Gold Plated Ve 18K Gold Plated,18K Gold Plated Vermeil / 10,,5600.00,6799.99,Yes
9920619086072,48966830620920,ACTIVE,5.80 ct DEW Blue Round Cut Moissanite Ring for Wedding or Anniversary 18K Gold Plated V 18K Gold Plated,18K Gold Plated Vermeil / 7,GH-MOI-00771,5600.00,6799.99,Yes
9920619086072,48966830653688,ACTIVE,5.80 ct DEW Blue Round Cut Moissanite Ring for Wedding or Anniversary 18K Gold Plated V 18K Gold Plated,18K Gold Plated Vermeil / 5,,5600.00,6799.99,Yes
9920619086072,48966830686456,ACTIVE,5.80 ct DEW Blue Round Cut Moissanite Ring for Wedding or Anniversary 18K Gold Plated V 18K Gold Plated,18K Gold Plated Vermeil / 6,,5600.00,6799.99,Yes
9920619086072,48966830719224,ACTIVE,5.80 ct DEW Blue Round Cut Moissanite Ring for Wedding or Anniversary 18K Gold Plated V 18K Gold Plated,18K Gold Plated Vermeil / 8,,5600.00,6799.99,Yes
9920619086072,48966830751992,ACTIVE,5.80 ct DEW Blue Round Cut Moissanite Ring for Wedding or Anniversary 18K Gold Plated V 18K Gold Plated,18K Gold Plated Vermeil / 9,,5600.00,6799.99,Yes
9920619086072,48966830784760,ACTIVE,5.80 ct DEW Blue Round Cut Moissanite Ring for Wedding or Anniversary 18K Gold Plated V 18K Gold Plated,18K Gold Plated Vermeil / 10,,5600.00,6799.99,Yes
9920619249912,48966832357624,ACTIVE,3.20 ct DEW Round Blue Moissanite Solitaire Ring in – Bridal Jewellery 18K Gold Plated Ve 18K Gold Plated,18K Gold Plated Vermeil / 7,GH-MOI-00770,5600.00,6799.99,Yes
9920619249912,48966832390392,ACTIVE,3.20 ct DEW Round Blue Moissanite Solitaire Ring in – Bridal Jewellery 18K Gold Plated Ve 18K Gold Plated,18K Gold Plated Vermeil / 5,,5600.00,6799.99,Yes
9920619249912,48966832423160,ACTIVE,3.20 ct DEW Round Blue Moissanite Solitaire Ring in – Bridal Jewellery 18K Gold Plated Ve 18K Gold Plated,18K Gold Plated Vermeil / 6,,5600.00,6799.99,Yes
9920619249912,48966832455928,ACTIVE,3.20 ct DEW Round Blue Moissanite Solitaire Ring in – Bridal Jewellery 18K Gold Plated Ve 18K Gold Plated,18K Gold Plated Vermeil / 8,,5600.00,6799.99,Yes
9920619249912,48966832488696,ACTIVE,3.20 ct DEW Round Blue Moissanite Solitaire Ring in – Bridal Jewellery 18K Gold Plated Ve 18K Gold Plated,18K Gold Plated Vermeil / 9,,5600.00,6799.99,Yes
9920619249912,48966832521464,ACTIVE,3.20 ct DEW Round Blue Moissanite Solitaire Ring in – Bridal Jewellery 18K Gold Plated Ve 18K Gold Plated,18K Gold Plated Vermeil / 10,,5600.00,6799.99,Yes
9920619512056,48966834946296,ACTIVE,8.60 ct DEW Champagne Moissanite Men's Ring in – July Anniversary Gift 18K Gold Plated 18K Gold Plated,18K Gold Plated Vermeil / 7,GH-MOI-00769,9100.00,9100.00,No (reverted)
9920619512056,48966834979064,ACTIVE,8.60 ct DEW Champagne Moissanite Men's Ring in – July Anniversary Gift 18K Gold Plated 18K Gold Plated,18K Gold Plated Vermeil / 5,,9100.00,9100.00,No (reverted)
9920619512056,48966835011832,ACTIVE,8.60 ct DEW Champagne Moissanite Men's Ring in – July Anniversary Gift 18K Gold Plated 18K Gold Plated,18K Gold Plated Vermeil / 6,,9100.00,9100.00,No (reverted)
9920619512056,48966835044600,ACTIVE,8.60 ct DEW Champagne Moissanite Men's Ring in – July Anniversary Gift 18K Gold Plated 18K Gold Plated,18K Gold Plated Vermeil / 8,,9100.00,9100.00,No (reverted)
9920619512056,48966835077368,ACTIVE,8.60 ct DEW Champagne Moissanite Men's Ring in – July Anniversary Gift 18K Gold Plated 18K Gold Plated,18K Gold Plated Vermeil / 9,,9100.00,9100.00,No (reverted)
9920619512056,48966835110136,ACTIVE,8.60 ct DEW Champagne Moissanite Men's Ring in – July Anniversary Gift 18K Gold Plated 18K Gold Plated,18K Gold Plated Vermeil / 10,,9100.00,9100.00,No (reverted)
9920619774200,48966836715768,ACTIVE,10.10 ct DEW Cushion Cut Blue Moissanite Solitaire Ring Wedding Gift 18K Gold Plated Ve 18K Gold Plated,18K Gold Plated Vermeil / 7,GH-MOI-00768,8400.00,8400.00,No (reverted)
9920619774200,48966836748536,ACTIVE,10.10 ct DEW Cushion Cut Blue Moissanite Solitaire Ring Wedding Gift 18K Gold Plated Ve 18K Gold Plated,18K Gold Plated Vermeil / 5,,8400.00,8400.00,No (reverted)
9920619774200,48966836781304,ACTIVE,10.10 ct DEW Cushion Cut Blue Moissanite Solitaire Ring Wedding Gift 18K Gold Plated Ve 18K Gold Plated,18K Gold Plated Vermeil / 6,,8400.00,8400.00,No (reverted)
9920619774200,48966836814072,ACTIVE,10.10 ct DEW Cushion Cut Blue Moissanite Solitaire Ring Wedding Gift 18K Gold Plated Ve 18K Gold Plated,18K Gold Plated Vermeil / 8,,8400.00,8400.00,No (reverted)
9920619774200,48966836846840,ACTIVE,10.10 ct DEW Cushion Cut Blue Moissanite Solitaire Ring Wedding Gift 18K Gold Plated Ve 18K Gold Plated,18K Gold Plated Vermeil / 9,,8400.00,8400.00,No (reverted)
9920619774200,48966836879608,ACTIVE,10.10 ct DEW Cushion Cut Blue Moissanite Solitaire Ring Wedding Gift 18K Gold Plated Ve 18K Gold Plated,18K Gold Plated Vermeil / 10,,8400.00,8400.00,No (reverted)
9920619938040,48966838092024,ACTIVE,5 ct DEW Princess Cut Off White Moissanite Ring Gift for 4th of July 18K Gold Plated Ve 18K Gold Plated,18K Gold Plated Vermeil / 7,GH-MOI-00767,4200.00,5099.99,Yes
9920619938040,48966838124792,ACTIVE,5 ct DEW Princess Cut Off White Moissanite Ring Gift for 4th of July 18K Gold Plated Ve 18K Gold Plated,18K Gold Plated Vermeil / 5,,4200.00,5099.99,Yes
9920619938040,48966838157560,ACTIVE,5 ct DEW Princess Cut Off White Moissanite Ring Gift for 4th of July 18K Gold Plated Ve 18K Gold Plated,18K Gold Plated Vermeil / 6,,4200.00,5099.99,Yes
9920619938040,48966838190328,ACTIVE,5 ct DEW Princess Cut Off White Moissanite Ring Gift for 4th of July 18K Gold Plated Ve 18K Gold Plated,18K Gold Plated Vermeil / 8,,4200.00,5099.99,Yes
9920619938040,48966838223096,ACTIVE,5 ct DEW Princess Cut Off White Moissanite Ring Gift for 4th of July 18K Gold Plated Ve 18K Gold Plated,18K Gold Plated Vermeil / 9,,4200.00,5099.99,Yes
9920619938040,48966838255864,ACTIVE,5 ct DEW Princess Cut Off White Moissanite Ring Gift for 4th of July 18K Gold Plated Ve 18K Gold Plated,18K Gold Plated Vermeil / 10,,4200.00,5099.99,Yes
9920620101880,48966839468280,ACTIVE,RARE 5.80 ct DEW Off White Treated Round Cut Moissanite Ring in Cert 18K Gold Plated Ve 18K Gold Plated,18K Gold Plated Vermeil / 7,GH-MOI-00766,7700.00,7700.00,No (reverted)
9920620101880,48966839501048,ACTIVE,RARE 5.80 ct DEW Off White Treated Round Cut Moissanite Ring in Cert 18K Gold Plated Ve 18K Gold Plated,18K Gold Plated Vermeil / 5,,7700.00,7700.00,No (reverted)
9920620101880,48966839533816,ACTIVE,RARE 5.80 ct DEW Off White Treated Round Cut Moissanite Ring in Cert 18K Gold Plated Ve 18K Gold Plated,18K Gold Plated Vermeil / 6,,7700.00,7700.00,No (reverted)
9920620101880,48966839566584,ACTIVE,RARE 5.80 ct DEW Off White Treated Round Cut Moissanite Ring in Cert 18K Gold Plated Ve 18K Gold Plated,18K Gold Plated Vermeil / 8,,7700.00,7700.00,No (reverted)
9920620101880,48966839599352,ACTIVE,RARE 5.80 ct DEW Off White Treated Round Cut Moissanite Ring in Cert 18K Gold Plated Ve 18K Gold Plated,18K Gold Plated Vermeil / 9,,7700.00,7700.00,No (reverted)
9920620101880,48966839632120,ACTIVE,RARE 5.80 ct DEW Off White Treated Round Cut Moissanite Ring in Cert 18K Gold Plated Ve 18K Gold Plated,18K Gold Plated Vermeil / 10,,7700.00,7700.00,No (reverted)
9920620265720,48966842122488,ACTIVE,2.65 ct DEW Off White Treated Moissanite Solitaire Ring in – Amazing Gem 18K Gold Plate 18K Gold Plated,18K Gold Plated Vermeil / 7,GH-MOI-00765,4200.00,5099.99,Yes
9920620265720,48966842155256,ACTIVE,2.65 ct DEW Off White Treated Moissanite Solitaire Ring in – Amazing Gem 18K Gold Plate 18K Gold Plated,18K Gold Plated Vermeil / 5,,4200.00,5099.99,Yes
9920620265720,48966842188024,ACTIVE,2.65 ct DEW Off White Treated Moissanite Solitaire Ring in – Amazing Gem 18K Gold Plate 18K Gold Plated,18K Gold Plated Vermeil / 6,,4200.00,5099.99,Yes
9920620265720,48966842220792,ACTIVE,2.65 ct DEW Off White Treated Moissanite Solitaire Ring in – Amazing Gem 18K Gold Plate 18K Gold Plated,18K Gold Plated Vermeil / 8,,4200.00,5099.99,Yes
9920620265720,48966842253560,ACTIVE,2.65 ct DEW Off White Treated Moissanite Solitaire Ring in – Amazing Gem 18K Gold Plate 18K Gold Plated,18K Gold Plated Vermeil / 9,,4200.00,5099.99,Yes
9920620265720,48966842286328,ACTIVE,2.65 ct DEW Off White Treated Moissanite Solitaire Ring in – Amazing Gem 18K Gold Plate 18K Gold Plated,18K Gold Plated Vermeil / 10,,4200.00,5099.99,Yes
9920620462328,48966843105528,ACTIVE,4.50 ct DEW Radiant Cut White Treated Moissanite Solitaire Ring in WOW 18K Gold Plated 18K Gold Plated,18K Gold Plated Vermeil / 7,GH-MOI-00764,7000.00,7000.00,No (reverted)
9920620462328,48966843138296,ACTIVE,4.50 ct DEW Radiant Cut White Treated Moissanite Solitaire Ring in WOW 18K Gold Plated 18K Gold Plated,18K Gold Plated Vermeil / 5,,7000.00,7000.00,No (reverted)
9920620462328,48966843171064,ACTIVE,4.50 ct DEW Radiant Cut White Treated Moissanite Solitaire Ring in WOW 18K Gold Plated 18K Gold Plated,18K Gold Plated Vermeil / 6,,7000.00,7000.00,No (reverted)
9920620462328,48966843203832,ACTIVE,4.50 ct DEW Radiant Cut White Treated Moissanite Solitaire Ring in WOW 18K Gold Plated 18K Gold Plated,18K Gold Plated Vermeil / 8,,7000.00,7000.00,No (reverted)
9920620462328,48966843236600,ACTIVE,4.50 ct DEW Radiant Cut White Treated Moissanite Solitaire Ring in WOW 18K Gold Plated 18K Gold Plated,18K Gold Plated Vermeil / 9,,7000.00,7000.00,No (reverted)
9920620462328,48966843269368,ACTIVE,4.50 ct DEW Radiant Cut White Treated Moissanite Solitaire Ring in WOW 18K Gold Plated 18K Gold Plated,18K Gold Plated Vermeil / 10,,7000.00,7000.00,No (reverted)
9920620593400,48966844154104,ACTIVE,3.70 ct DEW Round Cut Off White Treated Moissanite Ring in – Certified 18K Gold Plated 18K Gold Plated,18K Gold Plated Vermeil / 7,GH-MOI-00763,4200.00,5099.99,Yes
9920620593400,48966844186872,ACTIVE,3.70 ct DEW Round Cut Off White Treated Moissanite Ring in – Certified 18K Gold Plated 18K Gold Plated,18K Gold Plated Vermeil / 5,,4200.00,5099.99,Yes
9920620593400,48966844219640,ACTIVE,3.70 ct DEW Round Cut Off White Treated Moissanite Ring in – Certified 18K Gold Plated 18K Gold Plated,18K Gold Plated Vermeil / 6,,4200.00,5099.99,Yes
9920620593400,48966844252408,ACTIVE,3.70 ct DEW Round Cut Off White Treated Moissanite Ring in – Certified 18K Gold Plated 18K Gold Plated,18K Gold Plated Vermeil / 8,,4200.00,5099.99,Yes
9920620593400,48966844285176,ACTIVE,3.70 ct DEW Round Cut Off White Treated Moissanite Ring in – Certified 18K Gold Plated 18K Gold Plated,18K Gold Plated Vermeil / 9,,4200.00,5099.99,Yes
9920620593400,48966844317944,ACTIVE,3.70 ct DEW Round Cut Off White Treated Moissanite Ring in – Certified 18K Gold Plated 18K Gold Plated,18K Gold Plated Vermeil / 10,,4200.00,5099.99,Yes
9920620822776,48966846775544,ACTIVE,6.65 ct DEW Round Cut White Treated Moissanite Solitaire Ring Certified 18K Gold Plated,18K Gold Plated Vermeil / 7,GH-MOI-00762,5600.00,6799.99,Yes
9920620822776,48966846808312,ACTIVE,6.65 ct DEW Round Cut White Treated Moissanite Solitaire Ring Certified 18K Gold Plated,18K Gold Plated Vermeil / 5,,5600.00,6799.99,Yes
9920620822776,48966846841080,ACTIVE,6.65 ct DEW Round Cut White Treated Moissanite Solitaire Ring Certified 18K Gold Plated,18K Gold Plated Vermeil / 6,,5600.00,6799.99,Yes
9920620822776,48966846873848,ACTIVE,6.65 ct DEW Round Cut White Treated Moissanite Solitaire Ring Certified 18K Gold Plated,18K Gold Plated Vermeil / 8,,5600.00,6799.99,Yes
9920620822776,48966846906616,ACTIVE,6.65 ct DEW Round Cut White Treated Moissanite Solitaire Ring Certified 18K Gold Plated,18K Gold Plated Vermeil / 9,,5600.00,6799.99,Yes
9920620822776,48966846939384,ACTIVE,6.65 ct DEW Round Cut White Treated Moissanite Solitaire Ring Certified 18K Gold Plated,18K Gold Plated Vermeil / 10,,5600.00,6799.99,Yes
9920620888312,48966847987960,ACTIVE,5.00 ct DEW White Round Cut Treated Moissanite Ring in Certified Beauty 18K Gold Plated,18K Gold Plated Vermeil / 7,GH-MOI-00761,4900.00,5899.99,Yes
9920620888312,48966848020728,ACTIVE,5.00 ct DEW White Round Cut Treated Moissanite Ring in Certified Beauty 18K Gold Plated,18K Gold Plated Vermeil / 5,,4900.00,5899.99,Yes
9920620888312,48966848053496,ACTIVE,5.00 ct DEW White Round Cut Treated Moissanite Ring in Certified Beauty 18K Gold Plated,18K Gold Plated Vermeil / 6,,4900.00,5899.99,Yes
9920620888312,48966848086264,ACTIVE,5.00 ct DEW White Round Cut Treated Moissanite Ring in Certified Beauty 18K Gold Plated,18K Gold Plated Vermeil / 8,,4900.00,5899.99,Yes
9920620888312,48966848119032,ACTIVE,5.00 ct DEW White Round Cut Treated Moissanite Ring in Certified Beauty 18K Gold Plated,18K Gold Plated Vermeil / 9,,4900.00,5899.99,Yes
9920620888312,48966848151800,ACTIVE,5.00 ct DEW White Round Cut Treated Moissanite Ring in Certified Beauty 18K Gold Plated,18K Gold Plated Vermeil / 10,,4900.00,5899.99,Yes
9920621019384,48966849462520,ACTIVE,2.80 ct DEW Asscher Cut White Treated Moissanite Solitaire Ring in Cert 18K Gold Plated,18K Gold Plated Vermeil / 7,GH-MOI-00760,3500.00,4199.99,Yes
9920621019384,48966849495288,ACTIVE,2.80 ct DEW Asscher Cut White Treated Moissanite Solitaire Ring in Cert 18K Gold Plated,18K Gold Plated Vermeil / 5,,3500.00,4199.99,Yes
9920621019384,48966849528056,ACTIVE,2.80 ct DEW Asscher Cut White Treated Moissanite Solitaire Ring in Cert 18K Gold Plated,18K Gold Plated Vermeil / 6,,3500.00,4199.99,Yes
9920621019384,48966849560824,ACTIVE,2.80 ct DEW Asscher Cut White Treated Moissanite Solitaire Ring in Cert 18K Gold Plated,18K Gold Plated Vermeil / 8,,3500.00,4199.99,Yes
9920621019384,48966849593592,ACTIVE,2.80 ct DEW Asscher Cut White Treated Moissanite Solitaire Ring in Cert 18K Gold Plated,18K Gold Plated Vermeil / 9,,3500.00,4199.99,Yes
9920621019384,48966849626360,ACTIVE,2.80 ct DEW Asscher Cut White Treated Moissanite Solitaire Ring in Cert 18K Gold Plated,18K Gold Plated Vermeil / 10,,3500.00,4199.99,Yes
9920621150456,48966850347256,ACTIVE,8.50 ct DEW Round Cut Blue Treated Moissanite Solitaire Ring in WOW 18K Gold Plated Ver 18K Gold Plated,18K Gold Plated Vermeil / 7,GH-MOI-00759,6300.00,6300.00,No (reverted)
9920621150456,48966850380024,ACTIVE,8.50 ct DEW Round Cut Blue Treated Moissanite Solitaire Ring in WOW 18K Gold Plated Ver 18K Gold Plated,18K Gold Plated Vermeil / 5,,6300.00,6300.00,No (reverted)
9920621150456,48966850412792,ACTIVE,8.50 ct DEW Round Cut Blue Treated Moissanite Solitaire Ring in WOW 18K Gold Plated Ver 18K Gold Plated,18K Gold Plated Vermeil / 6,,6300.00,6300.00,No (reverted)
9920621150456,48966850445560,ACTIVE,8.50 ct DEW Round Cut Blue Treated Moissanite Solitaire Ring in WOW 18K Gold Plated Ver 18K Gold Plated,18K Gold Plated Vermeil / 8,,6300.00,6300.00,No (reverted)
9920621150456,48966850478328,ACTIVE,8.50 ct DEW Round Cut Blue Treated Moissanite Solitaire Ring in WOW 18K Gold Plated Ver 18K Gold Plated,18K Gold Plated Vermeil / 9,,6300.00,6300.00,No (reverted)
9920621150456,48966850511096,ACTIVE,8.50 ct DEW Round Cut Blue Treated Moissanite Solitaire Ring in WOW 18K Gold Plated Ver 18K Gold Plated,18K Gold Plated Vermeil / 10,,6300.00,6300.00,No (reverted)
9920621314296,48966851625208,ACTIVE,2.20 ct DEW Emerald Cut Blue Treated Moissanite Ring in – Certified Gem 18K Gold Plated,18K Gold Plated Vermeil / 7,GH-MOI-00758,4200.00,5099.99,Yes
9920621314296,48966851657976,ACTIVE,2.20 ct DEW Emerald Cut Blue Treated Moissanite Ring in – Certified Gem 18K Gold Plated,18K Gold Plated Vermeil / 5,,4200.00,5099.99,Yes
9920621314296,48966851690744,ACTIVE,2.20 ct DEW Emerald Cut Blue Treated Moissanite Ring in – Certified Gem 18K Gold Plated,18K Gold Plated Vermeil / 6,,4200.00,5099.99,Yes
9920621314296,48966851723512,ACTIVE,2.20 ct DEW Emerald Cut Blue Treated Moissanite Ring in – Certified Gem 18K Gold Plated,18K Gold Plated Vermeil / 8,,4200.00,5099.99,Yes
9920621314296,48966851756280,ACTIVE,2.20 ct DEW Emerald Cut Blue Treated Moissanite Ring in – Certified Gem 18K Gold Plated,18K Gold Plated Vermeil / 9,,4200.00,5099.99,Yes
9920621314296,48966851789048,ACTIVE,2.20 ct DEW Emerald Cut Blue Treated Moissanite Ring in – Certified Gem 18K Gold Plated,18K Gold Plated Vermeil / 10,,4200.00,5099.99,Yes
9920621379832,48966852542712,ACTIVE,RARE 6.30 ct DEW Round Cut Blue Treated Moissanite Solitaire Ring in 18K Gold Plated Ve 18K Gold Plated,18K Gold Plated Vermeil / 7,GH-MOI-00757,5600.00,6799.99,Yes
9920621379832,48966852575480,ACTIVE,RARE 6.30 ct DEW Round Cut Blue Treated Moissanite Solitaire Ring in 18K Gold Plated Ve 18K Gold Plated,18K Gold Plated Vermeil / 5,,5600.00,6799.99,Yes
9920621379832,48966852608248,ACTIVE,RARE 6.30 ct DEW Round Cut Blue Treated Moissanite Solitaire Ring in 18K Gold Plated Ve 18K Gold Plated,18K Gold Plated Vermeil / 6,,5600.00,6799.99,Yes
9920621379832,48966852641016,ACTIVE,RARE 6.30 ct DEW Round Cut Blue Treated Moissanite Solitaire Ring in 18K Gold Plated Ve 18K Gold Plated,18K Gold Plated Vermeil / 8,,5600.00,6799.99,Yes
9920621379832,48966852673784,ACTIVE,RARE 6.30 ct DEW Round Cut Blue Treated Moissanite Solitaire Ring in 18K Gold Plated Ve 18K Gold Plated,18K Gold Plated Vermeil / 9,,5600.00,6799.99,Yes
9920621379832,48966852706552,ACTIVE,RARE 6.30 ct DEW Round Cut Blue Treated Moissanite Solitaire Ring in 18K Gold Plated Ve 18K Gold Plated,18K Gold Plated Vermeil / 10,,5600.00,6799.99,Yes
9920621478136,48966853296376,ACTIVE,RARE 9.25 ct DEW Champagne Treated Moissanite Solitaire Ring in Cert 18K Gold Plated Ve 18K Gold Plated,18K Gold Plated Vermeil / 7,GH-MOI-00756,7000.00,7000.00,No (reverted)
9920621478136,48966853329144,ACTIVE,RARE 9.25 ct DEW Champagne Treated Moissanite Solitaire Ring in Cert 18K Gold Plated Ve 18K Gold Plated,18K Gold Plated Vermeil / 5,,7000.00,7000.00,No (reverted)
9920621478136,48966853361912,ACTIVE,RARE 9.25 ct DEW Champagne Treated Moissanite Solitaire Ring in Cert 18K Gold Plated Ve 18K Gold Plated,18K Gold Plated Vermeil / 6,,7000.00,7000.00,No (reverted)
9920621478136,48966853394680,ACTIVE,RARE 9.25 ct DEW Champagne Treated Moissanite Solitaire Ring in Cert 18K Gold Plated Ve 18K Gold Plated,18K Gold Plated Vermeil / 8,,7000.00,7000.00,No (reverted)
9920621478136,48966853427448,ACTIVE,RARE 9.25 ct DEW Champagne Treated Moissanite Solitaire Ring in Cert 18K Gold Plated Ve 18K Gold Plated,18K Gold Plated Vermeil / 9,,7000.00,7000.00,No (reverted)
9920621478136,48966853460216,ACTIVE,RARE 9.25 ct DEW Champagne Treated Moissanite Solitaire Ring in Cert 18K Gold Plated Ve 18K Gold Plated,18K Gold Plated Vermeil / 10,,7000.00,7000.00,No (reverted)
9920621576440,48966854312184,ACTIVE,4.00 ct DEW Champagne Treated Moissanite Ring in – Certified Beauty 18K Gold Plated Ver 18K Gold Plated,18K Gold Plated Vermeil / 7,GH-MOI-00755,5600.00,6799.99,Yes
9920621576440,48966854344952,ACTIVE,4.00 ct DEW Champagne Treated Moissanite Ring in – Certified Beauty 18K Gold Plated Ver 18K Gold Plated,18K Gold Plated Vermeil / 5,,5600.00,6799.99,Yes
9920621576440,48966854377720,ACTIVE,4.00 ct DEW Champagne Treated Moissanite Ring in – Certified Beauty 18K Gold Plated Ver 18K Gold Plated,18K Gold Plated Vermeil / 6,,5600.00,6799.99,Yes
9920621576440,48966854410488,ACTIVE,4.00 ct DEW Champagne Treated Moissanite Ring in – Certified Beauty 18K Gold Plated Ver 18K Gold Plated,18K Gold Plated Vermeil / 8,,5600.00,6799.99,Yes
9920621576440,48966854443256,ACTIVE,4.00 ct DEW Champagne Treated Moissanite Ring in – Certified Beauty 18K Gold Plated Ver 18K Gold Plated,18K Gold Plated Vermeil / 9,,5600.00,6799.99,Yes
9920621576440,48966854476024,ACTIVE,4.00 ct DEW Champagne Treated Moissanite Ring in – Certified Beauty 18K Gold Plated Ver 18K Gold Plated,18K Gold Plated Vermeil / 10,,5600.00,6799.99,Yes
9920621707512,48966855196920,ACTIVE,RARE 24.30 ct DEW Radiant Cut Off White Treated Moissanite Ring in Cert 18K Gold Plated,18K Gold Plated Vermeil / 7,GH-MOI-00754,18200.00,18200.00,No (reverted)
9920621707512,48966855229688,ACTIVE,RARE 24.30 ct DEW Radiant Cut Off White Treated Moissanite Ring in Cert 18K Gold Plated,18K Gold Plated Vermeil / 5,,18200.00,18200.00,No (reverted)
9920621707512,48966855262456,ACTIVE,RARE 24.30 ct DEW Radiant Cut Off White Treated Moissanite Ring in Cert 18K Gold Plated,18K Gold Plated Vermeil / 6,,18200.00,18200.00,No (reverted)
9920621707512,48966855295224,ACTIVE,RARE 24.30 ct DEW Radiant Cut Off White Treated Moissanite Ring in Cert 18K Gold Plated,18K Gold Plated Vermeil / 8,,18200.00,18200.00,No (reverted)
9920621707512,48966855327992,ACTIVE,RARE 24.30 ct DEW Radiant Cut Off White Treated Moissanite Ring in Cert 18K Gold Plated,18K Gold Plated Vermeil / 9,,18200.00,18200.00,No (reverted)
9920621707512,48966855360760,ACTIVE,RARE 24.30 ct DEW Radiant Cut Off White Treated Moissanite Ring in Cert 18K Gold Plated,18K Gold Plated Vermeil / 10,,18200.00,18200.00,No (reverted)
9920621805816,48966856835320,ACTIVE,RARE 18.20 ct DEW Off White Treated Moissanite Solitaire Ring in – Gift 18K Gold Plated,18K Gold Plated Vermeil / 7,GH-MOI-00753,13300.00,13300.00,No (reverted)
9920621805816,48966856868088,ACTIVE,RARE 18.20 ct DEW Off White Treated Moissanite Solitaire Ring in – Gift 18K Gold Plated,18K Gold Plated Vermeil / 5,,13300.00,13300.00,No (reverted)
9920621805816,48966856900856,ACTIVE,RARE 18.20 ct DEW Off White Treated Moissanite Solitaire Ring in – Gift 18K Gold Plated,18K Gold Plated Vermeil / 6,,13300.00,13300.00,No (reverted)
9920621805816,48966856933624,ACTIVE,RARE 18.20 ct DEW Off White Treated Moissanite Solitaire Ring in – Gift 18K Gold Plated,18K Gold Plated Vermeil / 8,,13300.00,13300.00,No (reverted)
9920621805816,48966856966392,ACTIVE,RARE 18.20 ct DEW Off White Treated Moissanite Solitaire Ring in – Gift 18K Gold Plated,18K Gold Plated Vermeil / 9,,13300.00,13300.00,No (reverted)
9920621805816,48966856999160,ACTIVE,RARE 18.20 ct DEW Off White Treated Moissanite Solitaire Ring in – Gift 18K Gold Plated,18K Gold Plated Vermeil / 10,,13300.00,13300.00,No (reverted)
9920621936888,48966857425144,ACTIVE,RARE 6.50 ct DEW Champagne Round Cut Moissanite Solitaire Ring in Cert 18K Gold Plated 18K Gold Plated,18K Gold Plated Vermeil / 7,GH-MOI-00752,6300.00,6300.00,No (reverted)
9920621936888,48966857457912,ACTIVE,RARE 6.50 ct DEW Champagne Round Cut Moissanite Solitaire Ring in Cert 18K Gold Plated 18K Gold Plated,18K Gold Plated Vermeil / 5,,6300.00,6300.00,No (reverted)
9920621936888,48966857490680,ACTIVE,RARE 6.50 ct DEW Champagne Round Cut Moissanite Solitaire Ring in Cert 18K Gold Plated 18K Gold Plated,18K Gold Plated Vermeil / 6,,6300.00,6300.00,No (reverted)
9920621936888,48966857523448,ACTIVE,RARE 6.50 ct DEW Champagne Round Cut Moissanite Solitaire Ring in Cert 18K Gold Plated 18K Gold Plated,18K Gold Plated Vermeil / 8,,6300.00,6300.00,No (reverted)
9920621936888,48966857556216,ACTIVE,RARE 6.50 ct DEW Champagne Round Cut Moissanite Solitaire Ring in Cert 18K Gold Plated 18K Gold Plated,18K Gold Plated Vermeil / 9,,6300.00,6300.00,No (reverted)
9920621936888,48966857588984,ACTIVE,RARE 6.50 ct DEW Champagne Round Cut Moissanite Solitaire Ring in Cert 18K Gold Plated 18K Gold Plated,18K Gold Plated Vermeil / 10,,6300.00,6300.00,No (reverted)
9920622067960,48966858735864,ACTIVE,RARE 5.60 ct DEW Emerald Cut Pink Treated Moissanite Solitaire Ring in 18K Gold Plated 18K Gold Plated,18K Gold Plated Vermeil / 7,GH-MOI-00751,21700.00,21700.00,No (reverted)
9920622067960,48966858768632,ACTIVE,RARE 5.60 ct DEW Emerald Cut Pink Treated Moissanite Solitaire Ring in 18K Gold Plated 18K Gold Plated,18K Gold Plated Vermeil / 5,,21700.00,21700.00,No (reverted)
9920622067960,48966858801400,ACTIVE,RARE 5.60 ct DEW Emerald Cut Pink Treated Moissanite Solitaire Ring in 18K Gold Plated 18K Gold Plated,18K Gold Plated Vermeil / 6,,21700.00,21700.00,No (reverted)
9920622067960,48966858834168,ACTIVE,RARE 5.60 ct DEW Emerald Cut Pink Treated Moissanite Solitaire Ring in 18K Gold Plated 18K Gold Plated,18K Gold Plated Vermeil / 8,,21700.00,21700.00,No (reverted)
9920622067960,48966858866936,ACTIVE,RARE 5.60 ct DEW Emerald Cut Pink Treated Moissanite Solitaire Ring in 18K Gold Plated 18K Gold Plated,18K Gold Plated Vermeil / 9,,21700.00,21700.00,No (reverted)
9920622067960,48966858899704,ACTIVE,RARE 5.60 ct DEW Emerald Cut Pink Treated Moissanite Solitaire Ring in 18K Gold Plated 18K Gold Plated,18K Gold Plated Vermeil / 10,,21700.00,21700.00,No (reverted)
9920622231800,48966859784440,ACTIVE,RARE 13.80 ct DEW Champagne Treated Moissanite Solitaire Ring in Gift 18K Gold Plated V 18K Gold Plated,18K Gold Plated Vermeil / 7,GH-MOI-00750,9100.00,9100.00,No (reverted)
9920622231800,48966859817208,ACTIVE,RARE 13.80 ct DEW Champagne Treated Moissanite Solitaire Ring in Gift 18K Gold Plated V 18K Gold Plated,18K Gold Plated Vermeil / 5,,9100.00,9100.00,No (reverted)
9920622231800,48966859849976,ACTIVE,RARE 13.80 ct DEW Champagne Treated Moissanite Solitaire Ring in Gift 18K Gold Plated V 18K Gold Plated,18K Gold Plated Vermeil / 6,,9100.00,9100.00,No (reverted)
9920622231800,48966859882744,ACTIVE,RARE 13.80 ct DEW Champagne Treated Moissanite Solitaire Ring in Gift 18K Gold Plated V 18K Gold Plated,18K Gold Plated Vermeil / 8,,9100.00,9100.00,No (reverted)
9920622231800,48966859915512,ACTIVE,RARE 13.80 ct DEW Champagne Treated Moissanite Solitaire Ring in Gift 18K Gold Plated V 18K Gold Plated,18K Gold Plated Vermeil / 9,,9100.00,9100.00,No (reverted)
9920622231800,48966859948280,ACTIVE,RARE 13.80 ct DEW Champagne Treated Moissanite Solitaire Ring in Gift 18K Gold Plated V 18K Gold Plated,18K Gold Plated Vermeil / 10,,9100.00,9100.00,No (reverted)
9920622362872,48966862110968,ACTIVE,8.00 ct DEW Champagne Treated Moissanite Solitaire Ring in – Certified 18K Gold Plated 18K Gold Plated,18K Gold Plated Vermeil / 7,GH-MOI-00749,7000.00,7000.00,No (reverted)
9920622362872,48966862143736,ACTIVE,8.00 ct DEW Champagne Treated Moissanite Solitaire Ring in – Certified 18K Gold Plated 18K Gold Plated,18K Gold Plated Vermeil / 5,,7000.00,7000.00,No (reverted)
9920622362872,48966862176504,ACTIVE,8.00 ct DEW Champagne Treated Moissanite Solitaire Ring in – Certified 18K Gold Plated 18K Gold Plated,18K Gold Plated Vermeil / 6,,7000.00,7000.00,No (reverted)
9920622362872,48966862209272,ACTIVE,8.00 ct DEW Champagne Treated Moissanite Solitaire Ring in – Certified 18K Gold Plated 18K Gold Plated,18K Gold Plated Vermeil / 8,,7000.00,7000.00,No (reverted)
9920622362872,48966862242040,ACTIVE,8.00 ct DEW Champagne Treated Moissanite Solitaire Ring in – Certified 18K Gold Plated 18K Gold Plated,18K Gold Plated Vermeil / 9,,7000.00,7000.00,No (reverted)
9920622362872,48966862274808,ACTIVE,8.00 ct DEW Champagne Treated Moissanite Solitaire Ring in – Certified 18K Gold Plated 18K Gold Plated,18K Gold Plated Vermeil / 10,,7000.00,7000.00,No (reverted)
9920622592248,48966863618296,ACTIVE,RARE 3.45 ct DEW Emerald Cut Pink Moissanite Solitaire Ring in Certified 18K Gold Plate 18K Gold Plated,18K Gold Plated Vermeil / 7,GH-MOI-00748,18200.00,18200.00,No (reverted)
9920622592248,48966863651064,ACTIVE,RARE 3.45 ct DEW Emerald Cut Pink Moissanite Solitaire Ring in Certified 18K Gold Plate 18K Gold Plated,18K Gold Plated Vermeil / 5,,18200.00,18200.00,No (reverted)
9920622592248,48966863683832,ACTIVE,RARE 3.45 ct DEW Emerald Cut Pink Moissanite Solitaire Ring in Certified 18K Gold Plate 18K Gold Plated,18K Gold Plated Vermeil / 6,,18200.00,18200.00,No (reverted)
9920622592248,48966863716600,ACTIVE,RARE 3.45 ct DEW Emerald Cut Pink Moissanite Solitaire Ring in Certified 18K Gold Plate 18K Gold Plated,18K Gold Plated Vermeil / 8,,18200.00,18200.00,No (reverted)
9920622592248,48966863749368,ACTIVE,RARE 3.45 ct DEW Emerald Cut Pink Moissanite Solitaire Ring in Certified 18K Gold Plate 18K Gold Plated,18K Gold Plated Vermeil / 9,,18200.00,18200.00,No (reverted)
9920622592248,48966863782136,ACTIVE,RARE 3.45 ct DEW Emerald Cut Pink Moissanite Solitaire Ring in Certified 18K Gold Plate 18K Gold Plated,18K Gold Plated Vermeil / 10,,18200.00,18200.00,No (reverted)
9920622756088,48966864961784,ACTIVE,35.90 ct DEW Black Treated Moissanite Ring in White Gold Finish Cert 18K Gold Plated Ve 18K Gold Plated,18K Gold Plated Vermeil / 7,GH-MOI-00747,12600.00,12600.00,No (reverted)
9920622756088,48966864994552,ACTIVE,35.90 ct DEW Black Treated Moissanite Ring in White Gold Finish Cert 18K Gold Plated Ve 18K Gold Plated,18K Gold Plated Vermeil / 5,,12600.00,12600.00,No (reverted)
9920622756088,48966865027320,ACTIVE,35.90 ct DEW Black Treated Moissanite Ring in White Gold Finish Cert 18K Gold Plated Ve 18K Gold Plated,18K Gold Plated Vermeil / 6,,12600.00,12600.00,No (reverted)
9920622756088,48966865060088,ACTIVE,35.90 ct DEW Black Treated Moissanite Ring in White Gold Finish Cert 18K Gold Plated Ve 18K Gold Plated,18K Gold Plated Vermeil / 8,,12600.00,12600.00,No (reverted)
9920622756088,48966865092856,ACTIVE,35.90 ct DEW Black Treated Moissanite Ring in White Gold Finish Cert 18K Gold Plated Ve 18K Gold Plated,18K Gold Plated Vermeil / 9,,12600.00,12600.00,No (reverted)
9920622756088,48966865125624,ACTIVE,35.90 ct DEW Black Treated Moissanite Ring in White Gold Finish Cert 18K Gold Plated Ve 18K Gold Plated,18K Gold Plated Vermeil / 10,,12600.00,12600.00,No (reverted)
9920622985464,48966866534648,ACTIVE,2.50 ct DEW Off White Treated Moissanite Ring in – Sparkle & Luster 18K Gold Plated Ver 18K Gold Plated,18K Gold Plated Vermeil / 7,GH-MOI-00746,4200.00,5099.99,Yes
9920622985464,48966866567416,ACTIVE,2.50 ct DEW Off White Treated Moissanite Ring in – Sparkle & Luster 18K Gold Plated Ver 18K Gold Plated,18K Gold Plated Vermeil / 5,,4200.00,5099.99,Yes
9920622985464,48966866600184,ACTIVE,2.50 ct DEW Off White Treated Moissanite Ring in – Sparkle & Luster 18K Gold Plated Ver 18K Gold Plated,18K Gold Plated Vermeil / 6,,4200.00,5099.99,Yes
9920622985464,48966866632952,ACTIVE,2.50 ct DEW Off White Treated Moissanite Ring in – Sparkle & Luster 18K Gold Plated Ver 18K Gold Plated,18K Gold Plated Vermeil / 8,,4200.00,5099.99,Yes
9920622985464,48966866665720,ACTIVE,2.50 ct DEW Off White Treated Moissanite Ring in – Sparkle & Luster 18K Gold Plated Ver 18K Gold Plated,18K Gold Plated Vermeil / 9,,4200.00,5099.99,Yes
9920622985464,48966866698488,ACTIVE,2.50 ct DEW Off White Treated Moissanite Ring in – Sparkle & Luster 18K Gold Plated Ver 18K Gold Plated,18K Gold Plated Vermeil / 10,,4200.00,5099.99,Yes
9920623149304,48966868861176,ACTIVE,5.05 ct DEW Oval Cut Off White Treated Moissanite Ring in – Certified 18K Gold Plated V 18K Gold Plated,18K Gold Plated Vermeil / 7,GH-MOI-00745,7000.00,7000.00,No (reverted)
9920623149304,48966868893944,ACTIVE,5.05 ct DEW Oval Cut Off White Treated Moissanite Ring in – Certified 18K Gold Plated V 18K Gold Plated,18K Gold Plated Vermeil / 5,,7000.00,7000.00,No (reverted)
9920623149304,48966868926712,ACTIVE,5.05 ct DEW Oval Cut Off White Treated Moissanite Ring in – Certified 18K Gold Plated V 18K Gold Plated,18K Gold Plated Vermeil / 6,,7000.00,7000.00,No (reverted)
9920623149304,48966868959480,ACTIVE,5.05 ct DEW Oval Cut Off White Treated Moissanite Ring in – Certified 18K Gold Plated V 18K Gold Plated,18K Gold Plated Vermeil / 8,,7000.00,7000.00,No (reverted)
9920623149304,48966868992248,ACTIVE,5.05 ct DEW Oval Cut Off White Treated Moissanite Ring in – Certified 18K Gold Plated V 18K Gold Plated,18K Gold Plated Vermeil / 9,,7000.00,7000.00,No (reverted)
9920623149304,48966869025016,ACTIVE,5.05 ct DEW Oval Cut Off White Treated Moissanite Ring in – Certified 18K Gold Plated V 18K Gold Plated,18K Gold Plated Vermeil / 10,,7000.00,7000.00,No (reverted)
9920623378680,48966870434040,ACTIVE,5.10 ct DEW Heart Cut Off White Treated Moissanite Solitaire Ring in 18K Gold Plated Ve 18K Gold Plated,18K Gold Plated Vermeil / 7,GH-MOI-00744,7000.00,7000.00,No (reverted)
9920623378680,48966870466808,ACTIVE,5.10 ct DEW Heart Cut Off White Treated Moissanite Solitaire Ring in 18K Gold Plated Ve 18K Gold Plated,18K Gold Plated Vermeil / 5,,7000.00,7000.00,No (reverted)
9920623378680,48966870499576,ACTIVE,5.10 ct DEW Heart Cut Off White Treated Moissanite Solitaire Ring in 18K Gold Plated Ve 18K Gold Plated,18K Gold Plated Vermeil / 6,,7000.00,7000.00,No (reverted)
9920623378680,48966870532344,ACTIVE,5.10 ct DEW Heart Cut Off White Treated Moissanite Solitaire Ring in 18K Gold Plated Ve 18K Gold Plated,18K Gold Plated Vermeil / 8,,7000.00,7000.00,No (reverted)
9920623378680,48966870565112,ACTIVE,5.10 ct DEW Heart Cut Off White Treated Moissanite Solitaire Ring in 18K Gold Plated Ve 18K Gold Plated,18K Gold Plated Vermeil / 9,,7000.00,7000.00,No (reverted)
9920623378680,48966870597880,ACTIVE,5.10 ct DEW Heart Cut Off White Treated Moissanite Solitaire Ring in 18K Gold Plated Ve 18K Gold Plated,18K Gold Plated Vermeil / 10,,7000.00,7000.00,No (reverted)
9920623444216,48966871744760,ACTIVE,4.20 ct DEW White Emerald Cut Treated Moissanite Solitaire Ring in 18K Gold Plated Verm 18K Gold Plated,18K Gold Plated Vermeil / 7,GH-MOI-00743,6300.00,6300.00,No (reverted)
9920623444216,48966871777528,ACTIVE,4.20 ct DEW White Emerald Cut Treated Moissanite Solitaire Ring in 18K Gold Plated Verm 18K Gold Plated,18K Gold Plated Vermeil / 5,,6300.00,6300.00,No (reverted)
9920623444216,48966871810296,ACTIVE,4.20 ct DEW White Emerald Cut Treated Moissanite Solitaire Ring in 18K Gold Plated Verm 18K Gold Plated,18K Gold Plated Vermeil / 6,,6300.00,6300.00,No (reverted)
9920623444216,48966871843064,ACTIVE,4.20 ct DEW White Emerald Cut Treated Moissanite Solitaire Ring in 18K Gold Plated Verm 18K Gold Plated,18K Gold Plated Vermeil / 8,,6300.00,6300.00,No (reverted)
9920623444216,48966871875832,ACTIVE,4.20 ct DEW White Emerald Cut Treated Moissanite Solitaire Ring in 18K Gold Plated Verm 18K Gold Plated,18K Gold Plated Vermeil / 9,,6300.00,6300.00,No (reverted)
9920623444216,48966871908600,ACTIVE,4.20 ct DEW White Emerald Cut Treated Moissanite Solitaire Ring in 18K Gold Plated Verm 18K Gold Plated,18K Gold Plated Vermeil / 10,,6300.00,6300.00,No (reverted)
9920623608056,48966872662264,ACTIVE,RARE 22.60 ct DEW Emerald Cut Off White Treated Moissanite Ring in WOW 18K Gold Plated 18K Gold Plated,18K Gold Plated Vermeil / 7,GH-MOI-00742,21700.00,21700.00,No (reverted)
9920623608056,48966872695032,ACTIVE,RARE 22.60 ct DEW Emerald Cut Off White Treated Moissanite Ring in WOW 18K Gold Plated 18K Gold Plated,18K Gold Plated Vermeil / 5,,21700.00,21700.00,No (reverted)
9920623608056,48966872727800,ACTIVE,RARE 22.60 ct DEW Emerald Cut Off White Treated Moissanite Ring in WOW 18K Gold Plated 18K Gold Plated,18K Gold Plated Vermeil / 6,,21700.00,21700.00,No (reverted)
9920623608056,48966872760568,ACTIVE,RARE 22.60 ct DEW Emerald Cut Off White Treated Moissanite Ring in WOW 18K Gold Plated 18K Gold Plated,18K Gold Plated Vermeil / 8,,21700.00,21700.00,No (reverted)
9920623608056,48966872793336,ACTIVE,RARE 22.60 ct DEW Emerald Cut Off White Treated Moissanite Ring in WOW 18K Gold Plated 18K Gold Plated,18K Gold Plated Vermeil / 9,,21700.00,21700.00,No (reverted)
9920623608056,48966872826104,ACTIVE,RARE 22.60 ct DEW Emerald Cut Off White Treated Moissanite Ring in WOW 18K Gold Plated 18K Gold Plated,18K Gold Plated Vermeil / 10,,21700.00,21700.00,No (reverted)
9920623706360,48966873940216,ACTIVE,4.00 ct DEW Radiant Cut White Treated Moissanite Solitaire Ring in Cert 18K Gold Plated,18K Gold Plated Vermeil / 7,GH-MOI-00741,7000.00,7000.00,No (reverted)
9920623706360,48966873972984,ACTIVE,4.00 ct DEW Radiant Cut White Treated Moissanite Solitaire Ring in Cert 18K Gold Plated,18K Gold Plated Vermeil / 5,,7000.00,7000.00,No (reverted)
9920623706360,48966874005752,ACTIVE,4.00 ct DEW Radiant Cut White Treated Moissanite Solitaire Ring in Cert 18K Gold Plated,18K Gold Plated Vermeil / 6,,7000.00,7000.00,No (reverted)
9920623706360,48966874038520,ACTIVE,4.00 ct DEW Radiant Cut White Treated Moissanite Solitaire Ring in Cert 18K Gold Plated,18K Gold Plated Vermeil / 8,,7000.00,7000.00,No (reverted)
9920623706360,48966874071288,ACTIVE,4.00 ct DEW Radiant Cut White Treated Moissanite Solitaire Ring in Cert 18K Gold Plated,18K Gold Plated Vermeil / 9,,7000.00,7000.00,No (reverted)
9920623706360,48966874104056,ACTIVE,4.00 ct DEW Radiant Cut White Treated Moissanite Solitaire Ring in Cert 18K Gold Plated,18K Gold Plated Vermeil / 10,,7000.00,7000.00,No (reverted)
9920623739128,48966874300664,ACTIVE,RARE 9.25 ct DEW Round Cut White Treated Moissanite Solitaire Ring in 18K Gold Plated V 18K Gold Plated,18K Gold Plated Vermeil / 7,GH-MOI-00740,8400.00,8400.00,No (reverted)
9920623739128,48966874333432,ACTIVE,RARE 9.25 ct DEW Round Cut White Treated Moissanite Solitaire Ring in 18K Gold Plated V 18K Gold Plated,18K Gold Plated Vermeil / 5,,8400.00,8400.00,No (reverted)
9920623739128,48966874366200,ACTIVE,RARE 9.25 ct DEW Round Cut White Treated Moissanite Solitaire Ring in 18K Gold Plated V 18K Gold Plated,18K Gold Plated Vermeil / 6,,8400.00,8400.00,No (reverted)
9920623739128,48966874398968,ACTIVE,RARE 9.25 ct DEW Round Cut White Treated Moissanite Solitaire Ring in 18K Gold Plated V 18K Gold Plated,18K Gold Plated Vermeil / 8,,8400.00,8400.00,No (reverted)
9920623739128,48966874431736,ACTIVE,RARE 9.25 ct DEW Round Cut White Treated Moissanite Solitaire Ring in 18K Gold Plated V 18K Gold Plated,18K Gold Plated Vermeil / 9,,8400.00,8400.00,No (reverted)
9920623739128,48966874464504,ACTIVE,RARE 9.25 ct DEW Round Cut White Treated Moissanite Solitaire Ring in 18K Gold Plated V 18K Gold Plated,18K Gold Plated Vermeil / 10,,8400.00,8400.00,No (reverted)
9920623804664,48966874890488,ACTIVE,5.00 ct DEW Champagne Treated Moissanite Ring in – Certified Beauty 18K Gold Plated Ver 18K Gold Plated,18K Gold Plated Vermeil / 7,GH-MOI-00739,6300.00,6300.00,No (reverted)
9920623804664,48966874923256,ACTIVE,5.00 ct DEW Champagne Treated Moissanite Ring in – Certified Beauty 18K Gold Plated Ver 18K Gold Plated,18K Gold Plated Vermeil / 5,,6300.00,6300.00,No (reverted)
9920623804664,48966874956024,ACTIVE,5.00 ct DEW Champagne Treated Moissanite Ring in – Certified Beauty 18K Gold Plated Ver 18K Gold Plated,18K Gold Plated Vermeil / 6,,6300.00,6300.00,No (reverted)
9920623804664,48966874988792,ACTIVE,5.00 ct DEW Champagne Treated Moissanite Ring in – Certified Beauty 18K Gold Plated Ver 18K Gold Plated,18K Gold Plated Vermeil / 8,,6300.00,6300.00,No (reverted)
9920623804664,48966875021560,ACTIVE,5.00 ct DEW Champagne Treated Moissanite Ring in – Certified Beauty 18K Gold Plated Ver 18K Gold Plated,18K Gold Plated Vermeil / 9,,6300.00,6300.00,No (reverted)
9920623804664,48966875054328,ACTIVE,5.00 ct DEW Champagne Treated Moissanite Ring in – Certified Beauty 18K Gold Plated Ver 18K Gold Plated,18K Gold Plated Vermeil / 10,,6300.00,6300.00,No (reverted)
9920623870200,48966875480312,ACTIVE,RARE 5.50 ct DEW Emerald Cut Off White Treated Moissanite Ring in Cert 18K Gold Plated 18K Gold Plated,18K Gold Plated Vermeil / 7,GH-MOI-00738,6300.00,6300.00,No (reverted)
9920623870200,48966875513080,ACTIVE,RARE 5.50 ct DEW Emerald Cut Off White Treated Moissanite Ring in Cert 18K Gold Plated 18K Gold Plated,18K Gold Plated Vermeil / 5,,6300.00,6300.00,No (reverted)
9920623870200,48966875545848,ACTIVE,RARE 5.50 ct DEW Emerald Cut Off White Treated Moissanite Ring in Cert 18K Gold Plated 18K Gold Plated,18K Gold Plated Vermeil / 6,,6300.00,6300.00,No (reverted)
9920623870200,48966875578616,ACTIVE,RARE 5.50 ct DEW Emerald Cut Off White Treated Moissanite Ring in Cert 18K Gold Plated 18K Gold Plated,18K Gold Plated Vermeil / 8,,6300.00,6300.00,No (reverted)
9920623870200,48966875611384,ACTIVE,RARE 5.50 ct DEW Emerald Cut Off White Treated Moissanite Ring in Cert 18K Gold Plated 18K Gold Plated,18K Gold Plated Vermeil / 9,,6300.00,6300.00,No (reverted)
9920623870200,48966875644152,ACTIVE,RARE 5.50 ct DEW Emerald Cut Off White Treated Moissanite Ring in Cert 18K Gold Plated 18K Gold Plated,18K Gold Plated Vermeil / 10,,6300.00,6300.00,No (reverted)
9920623935736,48966875709688,ACTIVE,3.40 ct DEW Off White Treated Moissanite Solitaire Statement Ring in 18K Gold Plated Ve 18K Gold Plated,18K Gold Plated Vermeil / 7,GH-MOI-00737,4200.00,5099.99,Yes
9920623935736,48966875742456,ACTIVE,3.40 ct DEW Off White Treated Moissanite Solitaire Statement Ring in 18K Gold Plated Ve 18K Gold Plated,18K Gold Plated Vermeil / 5,,4200.00,5099.99,Yes
9920623935736,48966875775224,ACTIVE,3.40 ct DEW Off White Treated Moissanite Solitaire Statement Ring in 18K Gold Plated Ve 18K Gold Plated,18K Gold Plated Vermeil / 6,,4200.00,5099.99,Yes
9920623935736,48966875807992,ACTIVE,3.40 ct DEW Off White Treated Moissanite Solitaire Statement Ring in 18K Gold Plated Ve 18K Gold Plated,18K Gold Plated Vermeil / 8,,4200.00,5099.99,Yes
9920623935736,48966875840760,ACTIVE,3.40 ct DEW Off White Treated Moissanite Solitaire Statement Ring in 18K Gold Plated Ve 18K Gold Plated,18K Gold Plated Vermeil / 9,,4200.00,5099.99,Yes
9920623935736,48966875873528,ACTIVE,3.40 ct DEW Off White Treated Moissanite Solitaire Statement Ring in 18K Gold Plated Ve 18K Gold Plated,18K Gold Plated Vermeil / 10,,4200.00,5099.99,Yes
9920624001272,48966877806840,ACTIVE,2.70 ct DEW Round Cut White Treated Moissanite Solitaire Ring in Cert 18K Gold Plated V 18K Gold Plated,18K Gold Plated Vermeil / 7,GH-MOI-00736,4200.00,5099.99,Yes
9920624001272,48966877839608,ACTIVE,2.70 ct DEW Round Cut White Treated Moissanite Solitaire Ring in Cert 18K Gold Plated V 18K Gold Plated,18K Gold Plated Vermeil / 5,,4200.00,5099.99,Yes
9920624001272,48966877872376,ACTIVE,2.70 ct DEW Round Cut White Treated Moissanite Solitaire Ring in Cert 18K Gold Plated V 18K Gold Plated,18K Gold Plated Vermeil / 6,,4200.00,5099.99,Yes
9920624001272,48966877905144,ACTIVE,2.70 ct DEW Round Cut White Treated Moissanite Solitaire Ring in Cert 18K Gold Plated V 18K Gold Plated,18K Gold Plated Vermeil / 8,,4200.00,5099.99,Yes
9920624001272,48966877937912,ACTIVE,2.70 ct DEW Round Cut White Treated Moissanite Solitaire Ring in Cert 18K Gold Plated V 18K Gold Plated,18K Gold Plated Vermeil / 9,,4200.00,5099.99,Yes
9920624001272,48966877970680,ACTIVE,2.70 ct DEW Round Cut White Treated Moissanite Solitaire Ring in Cert 18K Gold Plated V 18K Gold Plated,18K Gold Plated Vermeil / 10,,4200.00,5099.99,Yes
9920624066808,48966878036216,ACTIVE,6.30 ct DEW Asscher Cut Off White Moissanite Solitaire Ring in – RARE 18K Gold Plated V 18K Gold Plated,18K Gold Plated Vermeil / 7,GH-MOI-00735,6300.00,6300.00,No (reverted)
9920624066808,48966878068984,ACTIVE,6.30 ct DEW Asscher Cut Off White Moissanite Solitaire Ring in – RARE 18K Gold Plated V 18K Gold Plated,18K Gold Plated Vermeil / 5,,6300.00,6300.00,No (reverted)
9920624066808,48966878101752,ACTIVE,6.30 ct DEW Asscher Cut Off White Moissanite Solitaire Ring in – RARE 18K Gold Plated V 18K Gold Plated,18K Gold Plated Vermeil / 6,,6300.00,6300.00,No (reverted)
9920624066808,48966878134520,ACTIVE,6.30 ct DEW Asscher Cut Off White Moissanite Solitaire Ring in – RARE 18K Gold Plated V 18K Gold Plated,18K Gold Plated Vermeil / 8,,6300.00,6300.00,No (reverted)
9920624066808,48966878167288,ACTIVE,6.30 ct DEW Asscher Cut Off White Moissanite Solitaire Ring in – RARE 18K Gold Plated V 18K Gold Plated,18K Gold Plated Vermeil / 9,,6300.00,6300.00,No (reverted)
9920624066808,48966878200056,ACTIVE,6.30 ct DEW Asscher Cut Off White Moissanite Solitaire Ring in – RARE 18K Gold Plated V 18K Gold Plated,18K Gold Plated Vermeil / 10,,6300.00,6300.00,No (reverted)
9920624132344,48966880395512,ACTIVE,3.25 ct DEW Radiant Cut Off White Treated Moissanite Ring in Certified 18K Gold Plated 18K Gold Plated,18K Gold Plated Vermeil / 7,GH-MOI-00734,4200.00,5099.99,Yes
9920624132344,48966880428280,ACTIVE,3.25 ct DEW Radiant Cut Off White Treated Moissanite Ring in Certified 18K Gold Plated 18K Gold Plated,18K Gold Plated Vermeil / 5,,4200.00,5099.99,Yes
9920624132344,48966880461048,ACTIVE,3.25 ct DEW Radiant Cut Off White Treated Moissanite Ring in Certified 18K Gold Plated 18K Gold Plated,18K Gold Plated Vermeil / 6,,4200.00,5099.99,Yes
9920624132344,48966880493816,ACTIVE,3.25 ct DEW Radiant Cut Off White Treated Moissanite Ring in Certified 18K Gold Plated 18K Gold Plated,18K Gold Plated Vermeil / 8,,4200.00,5099.99,Yes
9920624132344,48966880526584,ACTIVE,3.25 ct DEW Radiant Cut Off White Treated Moissanite Ring in Certified 18K Gold Plated 18K Gold Plated,18K Gold Plated Vermeil / 9,,4200.00,5099.99,Yes
9920624132344,48966880559352,ACTIVE,3.25 ct DEW Radiant Cut Off White Treated Moissanite Ring in Certified 18K Gold Plated 18K Gold Plated,18K Gold Plated Vermeil / 10,,4200.00,5099.99,Yes
9920624197880,48966880985336,ACTIVE,3.60 ct DEW Blue Treated Moissanite Solitaire Ring in – Stunning Bling 18K Gold Plated 18K Gold Plated,18K Gold Plated Vermeil / 7,GH-MOI-00733,3500.00,4199.99,Yes
9920624197880,48966881018104,ACTIVE,3.60 ct DEW Blue Treated Moissanite Solitaire Ring in – Stunning Bling 18K Gold Plated 18K Gold Plated,18K Gold Plated Vermeil / 5,,3500.00,4199.99,Yes
9920624197880,48966881050872,ACTIVE,3.60 ct DEW Blue Treated Moissanite Solitaire Ring in – Stunning Bling 18K Gold Plated 18K Gold Plated,18K Gold Plated Vermeil / 6,,3500.00,4199.99,Yes
9920624197880,48966881083640,ACTIVE,3.60 ct DEW Blue Treated Moissanite Solitaire Ring in – Stunning Bling 18K Gold Plated 18K Gold Plated,18K Gold Plated Vermeil / 8,,3500.00,4199.99,Yes
9920624197880,48966881116408,ACTIVE,3.60 ct DEW Blue Treated Moissanite Solitaire Ring in – Stunning Bling 18K Gold Plated 18K Gold Plated,18K Gold Plated Vermeil / 9,,3500.00,4199.99,Yes
9920624197880,48966881149176,ACTIVE,3.60 ct DEW Blue Treated Moissanite Solitaire Ring in – Stunning Bling 18K Gold Plated 18K Gold Plated,18K Gold Plated Vermeil / 10,,3500.00,4199.99,Yes
9920624230648,48966881181944,ACTIVE,10.10 ct DEW Off White Treated Moissanite Solitaire Men's Ring in Cert 18K Gold Plated 18K Gold Plated,18K Gold Plated Vermeil / 7,GH-MOI-00732,6300.00,6300.00,No (reverted)
9920624230648,48966881214712,ACTIVE,10.10 ct DEW Off White Treated Moissanite Solitaire Men's Ring in Cert 18K Gold Plated 18K Gold Plated,18K Gold Plated Vermeil / 5,,6300.00,6300.00,No (reverted)
9920624230648,48966881247480,ACTIVE,10.10 ct DEW Off White Treated Moissanite Solitaire Men's Ring in Cert 18K Gold Plated 18K Gold Plated,18K Gold Plated Vermeil / 6,,6300.00,6300.00,No (reverted)
9920624230648,48966881280248,ACTIVE,10.10 ct DEW Off White Treated Moissanite Solitaire Men's Ring in Cert 18K Gold Plated 18K Gold Plated,18K Gold Plated Vermeil / 8,,6300.00,6300.00,No (reverted)
9920624230648,48966881313016,ACTIVE,10.10 ct DEW Off White Treated Moissanite Solitaire Men's Ring in Cert 18K Gold Plated 18K Gold Plated,18K Gold Plated Vermeil / 9,,6300.00,6300.00,No (reverted)
9920624230648,48966881345784,ACTIVE,10.10 ct DEW Off White Treated Moissanite Solitaire Men's Ring in Cert 18K Gold Plated 18K Gold Plated,18K Gold Plated Vermeil / 10,,6300.00,6300.00,No (reverted)
9920624328952,48966881837304,ACTIVE,RARE 35.20 ct DEW Round Cut Champagne Treated Moissanite Ring in Gift 18K Gold Plated V 18K Gold Plated,18K Gold Plated Vermeil / 7,GH-MOI-00731,25200.00,25200.00,No (reverted)
9920624328952,48966881870072,ACTIVE,RARE 35.20 ct DEW Round Cut Champagne Treated Moissanite Ring in Gift 18K Gold Plated V 18K Gold Plated,18K Gold Plated Vermeil / 5,,25200.00,25200.00,No (reverted)
9920624328952,48966881902840,ACTIVE,RARE 35.20 ct DEW Round Cut Champagne Treated Moissanite Ring in Gift 18K Gold Plated V 18K Gold Plated,18K Gold Plated Vermeil / 6,,25200.00,25200.00,No (reverted)
9920624328952,48966881935608,ACTIVE,RARE 35.20 ct DEW Round Cut Champagne Treated Moissanite Ring in Gift 18K Gold Plated V 18K Gold Plated,18K Gold Plated Vermeil / 8,,25200.00,25200.00,No (reverted)
9920624328952,48966881968376,ACTIVE,RARE 35.20 ct DEW Round Cut Champagne Treated Moissanite Ring in Gift 18K Gold Plated V 18K Gold Plated,18K Gold Plated Vermeil / 9,,25200.00,25200.00,No (reverted)
9920624328952,48966882001144,ACTIVE,RARE 35.20 ct DEW Round Cut Champagne Treated Moissanite Ring in Gift 18K Gold Plated V 18K Gold Plated,18K Gold Plated Vermeil / 10,,25200.00,25200.00,No (reverted)
9920624394488,48966882427128,ACTIVE,5.90 ct DEW Cushion Cut Blue Treated Moissanite Solitaire Ring in WOW 18K Gold Plated V 18K Gold Plated,18K Gold Plated Vermeil / 7,GH-MOI-00730,5600.00,6799.99,Yes
9920624394488,48966882459896,ACTIVE,5.90 ct DEW Cushion Cut Blue Treated Moissanite Solitaire Ring in WOW 18K Gold Plated V 18K Gold Plated,18K Gold Plated Vermeil / 5,,5600.00,6799.99,Yes
9920624394488,48966882492664,ACTIVE,5.90 ct DEW Cushion Cut Blue Treated Moissanite Solitaire Ring in WOW 18K Gold Plated V 18K Gold Plated,18K Gold Plated Vermeil / 6,,5600.00,6799.99,Yes
9920624394488,48966882525432,ACTIVE,5.90 ct DEW Cushion Cut Blue Treated Moissanite Solitaire Ring in WOW 18K Gold Plated V 18K Gold Plated,18K Gold Plated Vermeil / 8,,5600.00,6799.99,Yes
9920624394488,48966882558200,ACTIVE,5.90 ct DEW Cushion Cut Blue Treated Moissanite Solitaire Ring in WOW 18K Gold Plated V 18K Gold Plated,18K Gold Plated Vermeil / 9,,5600.00,6799.99,Yes
9920624394488,48966882590968,ACTIVE,5.90 ct DEW Cushion Cut Blue Treated Moissanite Solitaire Ring in WOW 18K Gold Plated V 18K Gold Plated,18K Gold Plated Vermeil / 10,,5600.00,6799.99,Yes
9920624492792,48966882722040,ACTIVE,RARE 22.70 ct DEW Radiant Cut Off White Treated Moissanite Ring in 18K Gold Plated Verm 18K Gold Plated,18K Gold Plated Vermeil / 7,GH-MOI-00729,15400.00,15400.00,No (reverted)
9920624492792,48966882754808,ACTIVE,RARE 22.70 ct DEW Radiant Cut Off White Treated Moissanite Ring in 18K Gold Plated Verm 18K Gold Plated,18K Gold Plated Vermeil / 5,,15400.00,15400.00,No (reverted)
9920624492792,48966882787576,ACTIVE,RARE 22.70 ct DEW Radiant Cut Off White Treated Moissanite Ring in 18K Gold Plated Verm 18K Gold Plated,18K Gold Plated Vermeil / 6,,15400.00,15400.00,No (reverted)
9920624492792,48966882820344,ACTIVE,RARE 22.70 ct DEW Radiant Cut Off White Treated Moissanite Ring in 18K Gold Plated Verm 18K Gold Plated,18K Gold Plated Vermeil / 8,,15400.00,15400.00,No (reverted)
9920624492792,48966882853112,ACTIVE,RARE 22.70 ct DEW Radiant Cut Off White Treated Moissanite Ring in 18K Gold Plated Verm 18K Gold Plated,18K Gold Plated Vermeil / 9,,15400.00,15400.00,No (reverted)
9920624492792,48966882885880,ACTIVE,RARE 22.70 ct DEW Radiant Cut Off White Treated Moissanite Ring in 18K Gold Plated Verm 18K Gold Plated,18K Gold Plated Vermeil / 10,,15400.00,15400.00,No (reverted)
9920624623864,48966883442936,ACTIVE,RARE 4.50 ct DEW Radiant Cut Off White Moissanite Ring in Certified 18K Gold Plated Ver 18K Gold Plated,18K Gold Plated Vermeil / 7,GH-MOI-00728,5600.00,6799.99,Yes
9920624623864,48966883475704,ACTIVE,RARE 4.50 ct DEW Radiant Cut Off White Moissanite Ring in Certified 18K Gold Plated Ver 18K Gold Plated,18K Gold Plated Vermeil / 5,,5600.00,6799.99,Yes
9920624623864,48966883508472,ACTIVE,RARE 4.50 ct DEW Radiant Cut Off White Moissanite Ring in Certified 18K Gold Plated Ver 18K Gold Plated,18K Gold Plated Vermeil / 6,,5600.00,6799.99,Yes
9920624623864,48966883541240,ACTIVE,RARE 4.50 ct DEW Radiant Cut Off White Moissanite Ring in Certified 18K Gold Plated Ver 18K Gold Plated,18K Gold Plated Vermeil / 8,,5600.00,6799.99,Yes
9920624623864,48966883574008,ACTIVE,RARE 4.50 ct DEW Radiant Cut Off White Moissanite Ring in Certified 18K Gold Plated Ver 18K Gold Plated,18K Gold Plated Vermeil / 9,,5600.00,6799.99,Yes
9920624623864,48966883606776,ACTIVE,RARE 4.50 ct DEW Radiant Cut Off White Moissanite Ring in Certified 18K Gold Plated Ver 18K Gold Plated,18K Gold Plated Vermeil / 10,,5600.00,6799.99,Yes
9920624689400,48966883672312,ACTIVE,9.30 ct DEW Champagne Treated Moissanite Solitaire Ring in – RARE Find 18K Gold Plated 18K Gold Plated,18K Gold Plated Vermeil / 7,GH-MOI-00727,6300.00,6300.00,No (reverted)
9920624689400,48966883705080,ACTIVE,9.30 ct DEW Champagne Treated Moissanite Solitaire Ring in – RARE Find 18K Gold Plated 18K Gold Plated,18K Gold Plated Vermeil / 5,,6300.00,6300.00,No (reverted)
9920624689400,48966883737848,ACTIVE,9.30 ct DEW Champagne Treated Moissanite Solitaire Ring in – RARE Find 18K Gold Plated 18K Gold Plated,18K Gold Plated Vermeil / 6,,6300.00,6300.00,No (reverted)
9920624689400,48966883770616,ACTIVE,9.30 ct DEW Champagne Treated Moissanite Solitaire Ring in – RARE Find 18K Gold Plated 18K Gold Plated,18K Gold Plated Vermeil / 8,,6300.00,6300.00,No (reverted)
9920624689400,48966883803384,ACTIVE,9.30 ct DEW Champagne Treated Moissanite Solitaire Ring in – RARE Find 18K Gold Plated 18K Gold Plated,18K Gold Plated Vermeil / 9,,6300.00,6300.00,No (reverted)
9920624689400,48966883836152,ACTIVE,9.30 ct DEW Champagne Treated Moissanite Solitaire Ring in – RARE Find 18K Gold Plated 18K Gold Plated,18K Gold Plated Vermeil / 10,,6300.00,6300.00,No (reverted)
9920624787704,48966884294904,ACTIVE,4.85 ct DEW Oval Cut Off White Moissanite Ring in – Certified Sparkler 18K Gold Plated 18K Gold Plated,18K Gold Plated Vermeil / 7,GH-MOI-00726,5600.00,6799.99,Yes
9920624787704,48966884327672,ACTIVE,4.85 ct DEW Oval Cut Off White Moissanite Ring in – Certified Sparkler 18K Gold Plated 18K Gold Plated,18K Gold Plated Vermeil / 5,,5600.00,6799.99,Yes
9920624787704,48966884360440,ACTIVE,4.85 ct DEW Oval Cut Off White Moissanite Ring in – Certified Sparkler 18K Gold Plated 18K Gold Plated,18K Gold Plated Vermeil / 6,,5600.00,6799.99,Yes
9920624787704,48966884393208,ACTIVE,4.85 ct DEW Oval Cut Off White Moissanite Ring in – Certified Sparkler 18K Gold Plated 18K Gold Plated,18K Gold Plated Vermeil / 8,,5600.00,6799.99,Yes
9920624787704,48966884425976,ACTIVE,4.85 ct DEW Oval Cut Off White Moissanite Ring in – Certified Sparkler 18K Gold Plated 18K Gold Plated,18K Gold Plated Vermeil / 9,,5600.00,6799.99,Yes
9920624787704,48966884458744,ACTIVE,4.85 ct DEW Oval Cut Off White Moissanite Ring in – Certified Sparkler 18K Gold Plated 18K Gold Plated,18K Gold Plated Vermeil / 10,,5600.00,6799.99,Yes
9920624853240,48966884524280,ACTIVE,2.50 ct DEW Off White Moissanite Solitaire Ring in – Elegant & Rare 18K Gold Plated Ver 18K Gold Plated,18K Gold Plated Vermeil / 7,GH-MOI-00725,2800.00,4199.99,Yes (raised to 4199.99 minimum)
9920624853240,48966884557048,ACTIVE,2.50 ct DEW Off White Moissanite Solitaire Ring in – Elegant & Rare 18K Gold Plated Ver 18K Gold Plated,18K Gold Plated Vermeil / 5,,2800.00,4199.99,Yes (raised to 4199.99 minimum)
9920624853240,48966884589816,ACTIVE,2.50 ct DEW Off White Moissanite Solitaire Ring in – Elegant & Rare 18K Gold Plated Ver 18K Gold Plated,18K Gold Plated Vermeil / 6,,2800.00,4199.99,Yes (raised to 4199.99 minimum)
9920624853240,48966884622584,ACTIVE,2.50 ct DEW Off White Moissanite Solitaire Ring in – Elegant & Rare 18K Gold Plated Ver 18K Gold Plated,18K Gold Plated Vermeil / 8,,2800.00,4199.99,Yes (raised to 4199.99 minimum)
9920624853240,48966884655352,ACTIVE,2.50 ct DEW Off White Moissanite Solitaire Ring in – Elegant & Rare 18K Gold Plated Ver 18K Gold Plated,18K Gold Plated Vermeil / 9,,2800.00,4199.99,Yes (raised to 4199.99 minimum)
9920624853240,48966884688120,ACTIVE,2.50 ct DEW Off White Moissanite Solitaire Ring in – Elegant & Rare 18K Gold Plated Ver 18K Gold Plated,18K Gold Plated Vermeil / 10,,2800.00,4199.99,Yes (raised to 4199.99 minimum)
9920624951544,48966885146872,ACTIVE,3.70 ct DEW Radiant Cut Blue Treated Moissanite Solitaire Ring in WOW 18K Gold Plated V 18K Gold Plated,18K Gold Plated Vermeil / 7,GH-MOI-00724,4900.00,5899.99,Yes
9920624951544,48966885179640,ACTIVE,3.70 ct DEW Radiant Cut Blue Treated Moissanite Solitaire Ring in WOW 18K Gold Plated V 18K Gold Plated,18K Gold Plated Vermeil / 5,,4900.00,5899.99,Yes
9920624951544,48966885212408,ACTIVE,3.70 ct DEW Radiant Cut Blue Treated Moissanite Solitaire Ring in WOW 18K Gold Plated V 18K Gold Plated,18K Gold Plated Vermeil / 6,,4900.00,5899.99,Yes
9920624951544,48966885245176,ACTIVE,3.70 ct DEW Radiant Cut Blue Treated Moissanite Solitaire Ring in WOW 18K Gold Plated V 18K Gold Plated,18K Gold Plated Vermeil / 8,,4900.00,5899.99,Yes
9920624951544,48966885277944,ACTIVE,3.70 ct DEW Radiant Cut Blue Treated Moissanite Solitaire Ring in WOW 18K Gold Plated V 18K Gold Plated,18K Gold Plated Vermeil / 9,,4900.00,5899.99,Yes
9920624951544,48966885310712,ACTIVE,3.70 ct DEW Radiant Cut Blue Treated Moissanite Solitaire Ring in WOW 18K Gold Plated V 18K Gold Plated,18K Gold Plated Vermeil / 10,,4900.00,5899.99,Yes
9920625049848,48966885835000,ACTIVE,2.55 ct DEW Off White Round Cut Certified Moissanite Solitaire Ring in 18K Gold Plated 18K Gold Plated,18K Gold Plated Vermeil / 7,GH-MOI-00723,4900.00,5899.99,Yes
9920625049848,48966885867768,ACTIVE,2.55 ct DEW Off White Round Cut Certified Moissanite Solitaire Ring in 18K Gold Plated 18K Gold Plated,18K Gold Plated Vermeil / 5,,4900.00,5899.99,Yes
9920625049848,48966885900536,ACTIVE,2.55 ct DEW Off White Round Cut Certified Moissanite Solitaire Ring in 18K Gold Plated 18K Gold Plated,18K Gold Plated Vermeil / 6,,4900.00,5899.99,Yes
9920625049848,48966885933304,ACTIVE,2.55 ct DEW Off White Round Cut Certified Moissanite Solitaire Ring in 18K Gold Plated 18K Gold Plated,18K Gold Plated Vermeil / 8,,4900.00,5899.99,Yes
9920625049848,48966885966072,ACTIVE,2.55 ct DEW Off White Round Cut Certified Moissanite Solitaire Ring in 18K Gold Plated 18K Gold Plated,18K Gold Plated Vermeil / 9,,4900.00,5899.99,Yes
9920625049848,48966885998840,ACTIVE,2.55 ct DEW Off White Round Cut Certified Moissanite Solitaire Ring in 18K Gold Plated 18K Gold Plated,18K Gold Plated Vermeil / 10,,4900.00,5899.99,Yes
9920625082616,48966886031608,ACTIVE,2.60 ct DEW Cushion Cut Off White Moissanite Solitaire Ring in – Rare 18K Gold Plated V 18K Gold Plated,18K Gold Plated Vermeil / 7,GH-MOI-00722,4200.00,5099.99,Yes
9920625082616,48966886064376,ACTIVE,2.60 ct DEW Cushion Cut Off White Moissanite Solitaire Ring in – Rare 18K Gold Plated V 18K Gold Plated,18K Gold Plated Vermeil / 5,,4200.00,5099.99,Yes
9920625082616,48966886097144,ACTIVE,2.60 ct DEW Cushion Cut Off White Moissanite Solitaire Ring in – Rare 18K Gold Plated V 18K Gold Plated,18K Gold Plated Vermeil / 6,,4200.00,5099.99,Yes
9920625082616,48966886129912,ACTIVE,2.60 ct DEW Cushion Cut Off White Moissanite Solitaire Ring in – Rare 18K Gold Plated V 18K Gold Plated,18K Gold Plated Vermeil / 8,,4200.00,5099.99,Yes
9920625082616,48966886162680,ACTIVE,2.60 ct DEW Cushion Cut Off White Moissanite Solitaire Ring in – Rare 18K Gold Plated V 18K Gold Plated,18K Gold Plated Vermeil / 9,,4200.00,5099.99,Yes
9920625082616,48966886195448,ACTIVE,2.60 ct DEW Cushion Cut Off White Moissanite Solitaire Ring in – Rare 18K Gold Plated V 18K Gold Plated,18K Gold Plated Vermeil / 10,,4200.00,5099.99,Yes
9920625148152,48966886654200,ACTIVE,RARE 10.50 ct DEW Off White Treated Moissanite Solitaire Ring in Gift 18K Gold Plated V 18K Gold Plated,18K Gold Plated Vermeil / 7,GH-MOI-00721,11900.00,11900.00,No (reverted)
9920625148152,48966886686968,ACTIVE,RARE 10.50 ct DEW Off White Treated Moissanite Solitaire Ring in Gift 18K Gold Plated V 18K Gold Plated,18K Gold Plated Vermeil / 5,,11900.00,11900.00,No (reverted)
9920625148152,48966886719736,ACTIVE,RARE 10.50 ct DEW Off White Treated Moissanite Solitaire Ring in Gift 18K Gold Plated V 18K Gold Plated,18K Gold Plated Vermeil / 6,,11900.00,11900.00,No (reverted)
9920625148152,48966886752504,ACTIVE,RARE 10.50 ct DEW Off White Treated Moissanite Solitaire Ring in Gift 18K Gold Plated V 18K Gold Plated,18K Gold Plated Vermeil / 8,,11900.00,11900.00,No (reverted)
9920625148152,48966886785272,ACTIVE,RARE 10.50 ct DEW Off White Treated Moissanite Solitaire Ring in Gift 18K Gold Plated V 18K Gold Plated,18K Gold Plated Vermeil / 9,,11900.00,11900.00,No (reverted)
9920625148152,48966886818040,ACTIVE,RARE 10.50 ct DEW Off White Treated Moissanite Solitaire Ring in Gift 18K Gold Plated V 18K Gold Plated,18K Gold Plated Vermeil / 10,,11900.00,11900.00,No (reverted)
9920625180920,48966886916344,ACTIVE,3.45 ct DEW Champagne Treated Moissanite Solitaire Ring in Certified 18K Gold Plated Ve 18K Gold Plated,18K Gold Plated Vermeil / 7,GH-MOI-00720,3500.00,4199.99,Yes
9920625180920,48966886949112,ACTIVE,3.45 ct DEW Champagne Treated Moissanite Solitaire Ring in Certified 18K Gold Plated Ve 18K Gold Plated,18K Gold Plated Vermeil / 5,,3500.00,4199.99,Yes
9920625180920,48966886981880,ACTIVE,3.45 ct DEW Champagne Treated Moissanite Solitaire Ring in Certified 18K Gold Plated Ve 18K Gold Plated,18K Gold Plated Vermeil / 6,,3500.00,4199.99,Yes
9920625180920,48966887014648,ACTIVE,3.45 ct DEW Champagne Treated Moissanite Solitaire Ring in Certified 18K Gold Plated Ve 18K Gold Plated,18K Gold Plated Vermeil / 8,,3500.00,4199.99,Yes
9920625180920,48966887047416,ACTIVE,3.45 ct DEW Champagne Treated Moissanite Solitaire Ring in Certified 18K Gold Plated Ve 18K Gold Plated,18K Gold Plated Vermeil / 9,,3500.00,4199.99,Yes
9920625180920,48966887080184,ACTIVE,3.45 ct DEW Champagne Treated Moissanite Solitaire Ring in Certified 18K Gold Plated Ve 18K Gold Plated,18K Gold Plated Vermeil / 10,,3500.00,4199.99,Yes
9920625246456,48966887538936,ACTIVE,RARE 5.50 ct DEW Off White Treated Round Moissanite Ring in Certified 18K Gold Plated V 18K Gold Plated,18K Gold Plated Vermeil / 7,GH-MOI-00719,4200.00,5099.99,Yes
9920625246456,48966887571704,ACTIVE,RARE 5.50 ct DEW Off White Treated Round Moissanite Ring in Certified 18K Gold Plated V 18K Gold Plated,18K Gold Plated Vermeil / 5,,4200.00,5099.99,Yes
9920625246456,48966887604472,ACTIVE,RARE 5.50 ct DEW Off White Treated Round Moissanite Ring in Certified 18K Gold Plated V 18K Gold Plated,18K Gold Plated Vermeil / 6,,4200.00,5099.99,Yes
9920625246456,48966887637240,ACTIVE,RARE 5.50 ct DEW Off White Treated Round Moissanite Ring in Certified 18K Gold Plated V 18K Gold Plated,18K Gold Plated Vermeil / 8,,4200.00,5099.99,Yes
9920625246456,48966887670008,ACTIVE,RARE 5.50 ct DEW Off White Treated Round Moissanite Ring in Certified 18K Gold Plated V 18K Gold Plated,18K Gold Plated Vermeil / 9,,4200.00,5099.99,Yes
9920625246456,48966887702776,ACTIVE,RARE 5.50 ct DEW Off White Treated Round Moissanite Ring in Certified 18K Gold Plated V 18K Gold Plated,18K Gold Plated Vermeil / 10,,4200.00,5099.99,Yes
9920625279224,48966887768312,ACTIVE,4.55 ct DEW Round Cut Off White Moissanite Solitaire Ring in – Certified 18K Gold Plate 18K Gold Plated,18K Gold Plated Vermeil / 7,GH-MOI-00718,5600.00,6799.99,Yes
9920625279224,48966887801080,ACTIVE,4.55 ct DEW Round Cut Off White Moissanite Solitaire Ring in – Certified 18K Gold Plate 18K Gold Plated,18K Gold Plated Vermeil / 5,,5600.00,6799.99,Yes
9920625279224,48966887833848,ACTIVE,4.55 ct DEW Round Cut Off White Moissanite Solitaire Ring in – Certified 18K Gold Plate 18K Gold Plated,18K Gold Plated Vermeil / 6,,5600.00,6799.99,Yes
9920625279224,48966887866616,ACTIVE,4.55 ct DEW Round Cut Off White Moissanite Solitaire Ring in – Certified 18K Gold Plate 18K Gold Plated,18K Gold Plated Vermeil / 8,,5600.00,6799.99,Yes
9920625279224,48966887899384,ACTIVE,4.55 ct DEW Round Cut Off White Moissanite Solitaire Ring in – Certified 18K Gold Plate 18K Gold Plated,18K Gold Plated Vermeil / 9,,5600.00,6799.99,Yes
9920625279224,48966887932152,ACTIVE,4.55 ct DEW Round Cut Off White Moissanite Solitaire Ring in – Certified 18K Gold Plate 18K Gold Plated,18K Gold Plated Vermeil / 10,,5600.00,6799.99,Yes
9920625344760,48966888358136,ACTIVE,RARE 9 ct DEW Round Brilliant Champagne Moissanite Ring in 18K Gold Plated,18K Gold Plated Vermeil / 7,GH-MOI-00717,9100.00,9100.00,No (reverted)
9920625344760,48966888390904,ACTIVE,RARE 9 ct DEW Round Brilliant Champagne Moissanite Ring in 18K Gold Plated,18K Gold Plated Vermeil / 5,,9100.00,9100.00,No (reverted)
9920625344760,48966888423672,ACTIVE,RARE 9 ct DEW Round Brilliant Champagne Moissanite Ring in 18K Gold Plated,18K Gold Plated Vermeil / 6,,9100.00,9100.00,No (reverted)
9920625344760,48966888456440,ACTIVE,RARE 9 ct DEW Round Brilliant Champagne Moissanite Ring in 18K Gold Plated,18K Gold Plated Vermeil / 8,,9100.00,9100.00,No (reverted)
9920625344760,48966888489208,ACTIVE,RARE 9 ct DEW Round Brilliant Champagne Moissanite Ring in 18K Gold Plated,18K Gold Plated Vermeil / 9,,9100.00,9100.00,No (reverted)
9920625344760,48966888521976,ACTIVE,RARE 9 ct DEW Round Brilliant Champagne Moissanite Ring in 18K Gold Plated,18K Gold Plated Vermeil / 10,,9100.00,9100.00,No (reverted)
9920625377528,48966888554744,ACTIVE,12.30 ct DEW Champagne Treated Moissanite Solitaire Ring in – RARE Gem 18K Gold Plated 18K Gold Plated,18K Gold Plated Vermeil / 7,GH-MOI-00716,10500.00,10500.00,No (reverted)
9920625377528,48966888587512,ACTIVE,12.30 ct DEW Champagne Treated Moissanite Solitaire Ring in – RARE Gem 18K Gold Plated 18K Gold Plated,18K Gold Plated Vermeil / 5,,10500.00,10500.00,No (reverted)
9920625377528,48966888620280,ACTIVE,12.30 ct DEW Champagne Treated Moissanite Solitaire Ring in – RARE Gem 18K Gold Plated 18K Gold Plated,18K Gold Plated Vermeil / 6,,10500.00,10500.00,No (reverted)
9920625377528,48966888653048,ACTIVE,12.30 ct DEW Champagne Treated Moissanite Solitaire Ring in – RARE Gem 18K Gold Plated 18K Gold Plated,18K Gold Plated Vermeil / 8,,10500.00,10500.00,No (reverted)
9920625377528,48966888685816,ACTIVE,12.30 ct DEW Champagne Treated Moissanite Solitaire Ring in – RARE Gem 18K Gold Plated 18K Gold Plated,18K Gold Plated Vermeil / 9,,10500.00,10500.00,No (reverted)
9920625377528,48966888718584,ACTIVE,12.30 ct DEW Champagne Treated Moissanite Solitaire Ring in – RARE Gem 18K Gold Plated 18K Gold Plated,18K Gold Plated Vermeil / 10,,10500.00,10500.00,No (reverted)
9920625443064,48966889144568,ACTIVE,HUGE 48 ct DEW Pear Cut Blue Treated Moissanite Ring in – Statement Gift 18K Gold Plate 18K Gold Plated,18K Gold Plated Vermeil / 7,GH-MOI-00715,46200.00,46200.00,No (reverted)
9920625443064,48966889177336,ACTIVE,HUGE 48 ct DEW Pear Cut Blue Treated Moissanite Ring in – Statement Gift 18K Gold Plate 18K Gold Plated,18K Gold Plated Vermeil / 5,,46200.00,46200.00,No (reverted)
9920625443064,48966889210104,ACTIVE,HUGE 48 ct DEW Pear Cut Blue Treated Moissanite Ring in – Statement Gift 18K Gold Plate 18K Gold Plated,18K Gold Plated Vermeil / 6,,46200.00,46200.00,No (reverted)
9920625443064,48966889242872,ACTIVE,HUGE 48 ct DEW Pear Cut Blue Treated Moissanite Ring in – Statement Gift 18K Gold Plate 18K Gold Plated,18K Gold Plated Vermeil / 8,,46200.00,46200.00,No (reverted)
9920625443064,48966889275640,ACTIVE,HUGE 48 ct DEW Pear Cut Blue Treated Moissanite Ring in – Statement Gift 18K Gold Plate 18K Gold Plated,18K Gold Plated Vermeil / 9,,46200.00,46200.00,No (reverted)
9920625443064,48966889308408,ACTIVE,HUGE 48 ct DEW Pear Cut Blue Treated Moissanite Ring in – Statement Gift 18K Gold Plate 18K Gold Plated,18K Gold Plated Vermeil / 10,,46200.00,46200.00,No (reverted)
9920625508600,48966889767160,ACTIVE,3.25 ct DEW Round Off White Moissanite Solitaire Ring in – Elegant Gift 18K Gold Plated,18K Gold Plated Vermeil / 7,GH-MOI-00714,4200.00,5099.99,Yes
9920625508600,48966889799928,ACTIVE,3.25 ct DEW Round Off White Moissanite Solitaire Ring in – Elegant Gift 18K Gold Plated,18K Gold Plated Vermeil / 5,,4200.00,5099.99,Yes
9920625508600,48966889832696,ACTIVE,3.25 ct DEW Round Off White Moissanite Solitaire Ring in – Elegant Gift 18K Gold Plated,18K Gold Plated Vermeil / 6,,4200.00,5099.99,Yes
9920625508600,48966889865464,ACTIVE,3.25 ct DEW Round Off White Moissanite Solitaire Ring in – Elegant Gift 18K Gold Plated,18K Gold Plated Vermeil / 8,,4200.00,5099.99,Yes
9920625508600,48966889898232,ACTIVE,3.25 ct DEW Round Off White Moissanite Solitaire Ring in – Elegant Gift 18K Gold Plated,18K Gold Plated Vermeil / 9,,4200.00,5099.99,Yes
9920625508600,48966889931000,ACTIVE,3.25 ct DEW Round Off White Moissanite Solitaire Ring in – Elegant Gift 18K Gold Plated,18K Gold Plated Vermeil / 10,,4200.00,5099.99,Yes
9920625574136,48966889963768,ACTIVE,RARE 20 ct DEW Champagne Treated Moissanite Ring in Certified 18K Gold Plated,18K Gold Plated Vermeil / 7,GH-MOI-00713,16800.00,16800.00,No (reverted)
9920625574136,48966889996536,ACTIVE,RARE 20 ct DEW Champagne Treated Moissanite Ring in Certified 18K Gold Plated,18K Gold Plated Vermeil / 5,,16800.00,16800.00,No (reverted)
9920625574136,48966890029304,ACTIVE,RARE 20 ct DEW Champagne Treated Moissanite Ring in Certified 18K Gold Plated,18K Gold Plated Vermeil / 6,,16800.00,16800.00,No (reverted)
9920625574136,48966890062072,ACTIVE,RARE 20 ct DEW Champagne Treated Moissanite Ring in Certified 18K Gold Plated,18K Gold Plated Vermeil / 8,,16800.00,16800.00,No (reverted)
9920625574136,48966890094840,ACTIVE,RARE 20 ct DEW Champagne Treated Moissanite Ring in Certified 18K Gold Plated,18K Gold Plated Vermeil / 9,,16800.00,16800.00,No (reverted)
9920625574136,48966890127608,ACTIVE,RARE 20 ct DEW Champagne Treated Moissanite Ring in Certified 18K Gold Plated,18K Gold Plated Vermeil / 10,,16800.00,16800.00,No (reverted)
9920625639672,48966890553592,ACTIVE,15.20 ct DEW Emerald Off White Moissanite Ring in Rings 18K Gold Plated,18K Gold Plated Vermeil / 7,GH-MOI-00712,16800.00,16800.00,No (reverted)
9920625639672,48966890586360,ACTIVE,15.20 ct DEW Emerald Off White Moissanite Ring in Rings 18K Gold Plated,18K Gold Plated Vermeil / 5,,16800.00,16800.00,No (reverted)
9920625639672,48966890619128,ACTIVE,15.20 ct DEW Emerald Off White Moissanite Ring in Rings 18K Gold Plated,18K Gold Plated Vermeil / 6,,16800.00,16800.00,No (reverted)
9920625639672,48966890651896,ACTIVE,15.20 ct DEW Emerald Off White Moissanite Ring in Rings 18K Gold Plated,18K Gold Plated Vermeil / 8,,16800.00,16800.00,No (reverted)
9920625639672,48966890684664,ACTIVE,15.20 ct DEW Emerald Off White Moissanite Ring in Rings 18K Gold Plated,18K Gold Plated Vermeil / 9,,16800.00,16800.00,No (reverted)
9920625639672,48966890717432,ACTIVE,15.20 ct DEW Emerald Off White Moissanite Ring in Rings 18K Gold Plated,18K Gold Plated Vermeil / 10,,16800.00,16800.00,No (reverted)
9920625672440,48966890750200,ACTIVE,8.50 ct DEW Emerald Champagne Treated Moissanite Ring in – Certified 18K Gold Plated Ve 18K Gold Plated,18K Gold Plated Vermeil / 7,GH-MOI-00711,7000.00,7000.00,No (reverted)
9920625672440,48966890782968,ACTIVE,8.50 ct DEW Emerald Champagne Treated Moissanite Ring in – Certified 18K Gold Plated Ve 18K Gold Plated,18K Gold Plated Vermeil / 5,,7000.00,7000.00,No (reverted)
9920625672440,48966890815736,ACTIVE,8.50 ct DEW Emerald Champagne Treated Moissanite Ring in – Certified 18K Gold Plated Ve 18K Gold Plated,18K Gold Plated Vermeil / 6,,7000.00,7000.00,No (reverted)
9920625672440,48966890848504,ACTIVE,8.50 ct DEW Emerald Champagne Treated Moissanite Ring in – Certified 18K Gold Plated Ve 18K Gold Plated,18K Gold Plated Vermeil / 8,,7000.00,7000.00,No (reverted)
9920625672440,48966890881272,ACTIVE,8.50 ct DEW Emerald Champagne Treated Moissanite Ring in – Certified 18K Gold Plated Ve 18K Gold Plated,18K Gold Plated Vermeil / 9,,7000.00,7000.00,No (reverted)
9920625672440,48966890914040,ACTIVE,8.50 ct DEW Emerald Champagne Treated Moissanite Ring in – Certified 18K Gold Plated Ve 18K Gold Plated,18K Gold Plated Vermeil / 10,,7000.00,7000.00,No (reverted)
9920625737976,48966891340024,ACTIVE,5.50 ct DEW Off White Moissanite Solitaire Statement Ring in Certified 18K Gold Plated 18K Gold Plated,18K Gold Plated Vermeil / 7,GH-MOI-00710,7000.00,7000.00,No (reverted)
9920625737976,48966891372792,ACTIVE,5.50 ct DEW Off White Moissanite Solitaire Statement Ring in Certified 18K Gold Plated 18K Gold Plated,18K Gold Plated Vermeil / 5,,7000.00,7000.00,No (reverted)
9920625737976,48966891405560,ACTIVE,5.50 ct DEW Off White Moissanite Solitaire Statement Ring in Certified 18K Gold Plated 18K Gold Plated,18K Gold Plated Vermeil / 6,,7000.00,7000.00,No (reverted)
9920625737976,48966891438328,ACTIVE,5.50 ct DEW Off White Moissanite Solitaire Statement Ring in Certified 18K Gold Plated 18K Gold Plated,18K Gold Plated Vermeil / 8,,7000.00,7000.00,No (reverted)
9920625737976,48966891471096,ACTIVE,5.50 ct DEW Off White Moissanite Solitaire Statement Ring in Certified 18K Gold Plated 18K Gold Plated,18K Gold Plated Vermeil / 9,,7000.00,7000.00,No (reverted)
9920625737976,48966891503864,ACTIVE,5.50 ct DEW Off White Moissanite Solitaire Statement Ring in Certified 18K Gold Plated 18K Gold Plated,18K Gold Plated Vermeil / 10,,7000.00,7000.00,No (reverted)
9920625770744,48966891536632,ACTIVE,3.50 ct DEW Round Cut Treated Moissanite Engagement Ring in Certified 18K Gold Plated V 18K Gold Plated,18K Gold Plated Vermeil / 7,GH-MOI-00709,4900.00,5899.99,Yes
9920625770744,48966891569400,ACTIVE,3.50 ct DEW Round Cut Treated Moissanite Engagement Ring in Certified 18K Gold Plated V 18K Gold Plated,18K Gold Plated Vermeil / 5,,4900.00,5899.99,Yes
9920625770744,48966891602168,ACTIVE,3.50 ct DEW Round Cut Treated Moissanite Engagement Ring in Certified 18K Gold Plated V 18K Gold Plated,18K Gold Plated Vermeil / 6,,4900.00,5899.99,Yes
9920625770744,48966891634936,ACTIVE,3.50 ct DEW Round Cut Treated Moissanite Engagement Ring in Certified 18K Gold Plated V 18K Gold Plated,18K Gold Plated Vermeil / 8,,4900.00,5899.99,Yes
9920625770744,48966891667704,ACTIVE,3.50 ct DEW Round Cut Treated Moissanite Engagement Ring in Certified 18K Gold Plated V 18K Gold Plated,18K Gold Plated Vermeil / 9,,4900.00,5899.99,Yes
9920625770744,48966891700472,ACTIVE,3.50 ct DEW Round Cut Treated Moissanite Engagement Ring in Certified 18K Gold Plated V 18K Gold Plated,18K Gold Plated Vermeil / 10,,4900.00,5899.99,Yes
9920625836280,48966892126456,ACTIVE,RARE 11 ct DEW Champagne Treated Moissanite Ring in Certified 18K Gold Plated,18K Gold Plated Vermeil / 7,GH-MOI-00708,9100.00,9100.00,No (reverted)
9920625836280,48966892159224,ACTIVE,RARE 11 ct DEW Champagne Treated Moissanite Ring in Certified 18K Gold Plated,18K Gold Plated Vermeil / 5,,9100.00,9100.00,No (reverted)
9920625836280,48966892191992,ACTIVE,RARE 11 ct DEW Champagne Treated Moissanite Ring in Certified 18K Gold Plated,18K Gold Plated Vermeil / 6,,9100.00,9100.00,No (reverted)
9920625836280,48966892224760,ACTIVE,RARE 11 ct DEW Champagne Treated Moissanite Ring in Certified 18K Gold Plated,18K Gold Plated Vermeil / 8,,9100.00,9100.00,No (reverted)
9920625836280,48966892257528,ACTIVE,RARE 11 ct DEW Champagne Treated Moissanite Ring in Certified 18K Gold Plated,18K Gold Plated Vermeil / 9,,9100.00,9100.00,No (reverted)
9920625836280,48966892290296,ACTIVE,RARE 11 ct DEW Champagne Treated Moissanite Ring in Certified 18K Gold Plated,18K Gold Plated Vermeil / 10,,9100.00,9100.00,No (reverted)
9920625901816,48966892716280,ACTIVE,12.80 ct DEW Champagne Moissanite Ring in Certified Prong Setting 18K Gold Plated Verme 18K Gold Plated,18K Gold Plated Vermeil / 7,GH-MOI-00707,8400.00,8400.00,No (reverted)
9920625901816,48966892749048,ACTIVE,12.80 ct DEW Champagne Moissanite Ring in Certified Prong Setting 18K Gold Plated Verme 18K Gold Plated,18K Gold Plated Vermeil / 5,,8400.00,8400.00,No (reverted)
9920625901816,48966892781816,ACTIVE,12.80 ct DEW Champagne Moissanite Ring in Certified Prong Setting 18K Gold Plated Verme 18K Gold Plated,18K Gold Plated Vermeil / 6,,8400.00,8400.00,No (reverted)
9920625901816,48966892814584,ACTIVE,12.80 ct DEW Champagne Moissanite Ring in Certified Prong Setting 18K Gold Plated Verme 18K Gold Plated,18K Gold Plated Vermeil / 8,,8400.00,8400.00,No (reverted)
9920625901816,48966892847352,ACTIVE,12.80 ct DEW Champagne Moissanite Ring in Certified Prong Setting 18K Gold Plated Verme 18K Gold Plated,18K Gold Plated Vermeil / 9,,8400.00,8400.00,No (reverted)
9920625901816,48966892880120,ACTIVE,12.80 ct DEW Champagne Moissanite Ring in Certified Prong Setting 18K Gold Plated Verme 18K Gold Plated,18K Gold Plated Vermeil / 10,,8400.00,8400.00,No (reverted)
9920625934584,48966892912888,ACTIVE,4.10 ct DEW Radiant Cut Off White Moissanite Ring in Certified Shine 18K Gold Plated Ve 18K Gold Plated,18K Gold Plated Vermeil / 7,GH-MOI-00706,5600.00,6799.99,Yes
9920625934584,48966892945656,ACTIVE,4.10 ct DEW Radiant Cut Off White Moissanite Ring in Certified Shine 18K Gold Plated Ve 18K Gold Plated,18K Gold Plated Vermeil / 5,,5600.00,6799.99,Yes
9920625934584,48966892978424,ACTIVE,4.10 ct DEW Radiant Cut Off White Moissanite Ring in Certified Shine 18K Gold Plated Ve 18K Gold Plated,18K Gold Plated Vermeil / 6,,5600.00,6799.99,Yes
9920625934584,48966893011192,ACTIVE,4.10 ct DEW Radiant Cut Off White Moissanite Ring in Certified Shine 18K Gold Plated Ve 18K Gold Plated,18K Gold Plated Vermeil / 8,,5600.00,6799.99,Yes
9920625934584,48966893043960,ACTIVE,4.10 ct DEW Radiant Cut Off White Moissanite Ring in Certified Shine 18K Gold Plated Ve 18K Gold Plated,18K Gold Plated Vermeil / 9,,5600.00,6799.99,Yes
9920625934584,48966893076728,ACTIVE,4.10 ct DEW Radiant Cut Off White Moissanite Ring in Certified Shine 18K Gold Plated Ve 18K Gold Plated,18K Gold Plated Vermeil / 10,,5600.00,6799.99,Yes
9920626000120,48966893502712,ACTIVE,4.80 ct DEW Oval Cut Blue Moissanite Ring in Certified Engagement 18K Gold Plated Verme 18K Gold Plated,18K Gold Plated Vermeil / 7,GH-MOI-00705,6300.00,6300.00,No (reverted)
9920626000120,48966893535480,ACTIVE,4.80 ct DEW Oval Cut Blue Moissanite Ring in Certified Engagement 18K Gold Plated Verme 18K Gold Plated,18K Gold Plated Vermeil / 5,,6300.00,6300.00,No (reverted)
9920626000120,48966893568248,ACTIVE,4.80 ct DEW Oval Cut Blue Moissanite Ring in Certified Engagement 18K Gold Plated Verme 18K Gold Plated,18K Gold Plated Vermeil / 6,,6300.00,6300.00,No (reverted)
9920626000120,48966893601016,ACTIVE,4.80 ct DEW Oval Cut Blue Moissanite Ring in Certified Engagement 18K Gold Plated Verme 18K Gold Plated,18K Gold Plated Vermeil / 8,,6300.00,6300.00,No (reverted)
9920626000120,48966893633784,ACTIVE,4.80 ct DEW Oval Cut Blue Moissanite Ring in Certified Engagement 18K Gold Plated Verme 18K Gold Plated,18K Gold Plated Vermeil / 9,,6300.00,6300.00,No (reverted)
9920626000120,48966893666552,ACTIVE,4.80 ct DEW Oval Cut Blue Moissanite Ring in Certified Engagement 18K Gold Plated Verme 18K Gold Plated,18K Gold Plated Vermeil / 10,,6300.00,6300.00,No (reverted)
9920626065656,48966893732088,ACTIVE,4.25 ct DEW Round Champagne Moissanite Ring in Certified Sparkle 18K Gold Plated Vermei 18K Gold Plated,18K Gold Plated Vermeil / 7,GH-MOI-00704,4900.00,5899.99,Yes
9920626065656,48966893764856,ACTIVE,4.25 ct DEW Round Champagne Moissanite Ring in Certified Sparkle 18K Gold Plated Vermei 18K Gold Plated,18K Gold Plated Vermeil / 5,,4900.00,5899.99,Yes
9920626065656,48966893797624,ACTIVE,4.25 ct DEW Round Champagne Moissanite Ring in Certified Sparkle 18K Gold Plated Vermei 18K Gold Plated,18K Gold Plated Vermeil / 6,,4900.00,5899.99,Yes
9920626065656,48966893830392,ACTIVE,4.25 ct DEW Round Champagne Moissanite Ring in Certified Sparkle 18K Gold Plated Vermei 18K Gold Plated,18K Gold Plated Vermeil / 8,,4900.00,5899.99,Yes
9920626065656,48966893863160,ACTIVE,4.25 ct DEW Round Champagne Moissanite Ring in Certified Sparkle 18K Gold Plated Vermei 18K Gold Plated,18K Gold Plated Vermeil / 9,,4900.00,5899.99,Yes
9920626065656,48966893895928,ACTIVE,4.25 ct DEW Round Champagne Moissanite Ring in Certified Sparkle 18K Gold Plated Vermei 18K Gold Plated,18K Gold Plated Vermeil / 10,,4900.00,5899.99,Yes
9920626131192,48966894321912,ACTIVE,9.00 ct DEW Emerald Cut Blue Moissanite Ring in Certified Statement 18K Gold Plated Ver 18K Gold Plated,18K Gold Plated Vermeil / 7,GH-MOI-00703,8400.00,8400.00,No (reverted)
9920626131192,48966894354680,ACTIVE,9.00 ct DEW Emerald Cut Blue Moissanite Ring in Certified Statement 18K Gold Plated Ver 18K Gold Plated,18K Gold Plated Vermeil / 5,,8400.00,8400.00,No (reverted)
9920626131192,48966894387448,ACTIVE,9.00 ct DEW Emerald Cut Blue Moissanite Ring in Certified Statement 18K Gold Plated Ver 18K Gold Plated,18K Gold Plated Vermeil / 6,,8400.00,8400.00,No (reverted)
9920626131192,48966894420216,ACTIVE,9.00 ct DEW Emerald Cut Blue Moissanite Ring in Certified Statement 18K Gold Plated Ver 18K Gold Plated,18K Gold Plated Vermeil / 8,,8400.00,8400.00,No (reverted)
9920626131192,48966894452984,ACTIVE,9.00 ct DEW Emerald Cut Blue Moissanite Ring in Certified Statement 18K Gold Plated Ver 18K Gold Plated,18K Gold Plated Vermeil / 9,,8400.00,8400.00,No (reverted)
9920626131192,48966894485752,ACTIVE,9.00 ct DEW Emerald Cut Blue Moissanite Ring in Certified Statement 18K Gold Plated Ver 18K Gold Plated,18K Gold Plated Vermeil / 10,,8400.00,8400.00,No (reverted)
9920626229496,48966895075576,ACTIVE,2.55 ct DEW Off White Round Moissanite Ring in Certified Engagement 18K Gold Plated Ver 18K Gold Plated,18K Gold Plated Vermeil / 7,GH-MOI-00702,4200.00,5099.99,Yes
9920626229496,48966895108344,ACTIVE,2.55 ct DEW Off White Round Moissanite Ring in Certified Engagement 18K Gold Plated Ver 18K Gold Plated,18K Gold Plated Vermeil / 5,,4200.00,5099.99,Yes
9920626229496,48966895141112,ACTIVE,2.55 ct DEW Off White Round Moissanite Ring in Certified Engagement 18K Gold Plated Ver 18K Gold Plated,18K Gold Plated Vermeil / 6,,4200.00,5099.99,Yes
9920626229496,48966895173880,ACTIVE,2.55 ct DEW Off White Round Moissanite Ring in Certified Engagement 18K Gold Plated Ver 18K Gold Plated,18K Gold Plated Vermeil / 8,,4200.00,5099.99,Yes
9920626229496,48966895206648,ACTIVE,2.55 ct DEW Off White Round Moissanite Ring in Certified Engagement 18K Gold Plated Ver 18K Gold Plated,18K Gold Plated Vermeil / 9,,4200.00,5099.99,Yes
9920626229496,48966895239416,ACTIVE,2.55 ct DEW Off White Round Moissanite Ring in Certified Engagement 18K Gold Plated Ver 18K Gold Plated,18K Gold Plated Vermeil / 10,,4200.00,5099.99,Yes
9920626262264,48966895272184,ACTIVE,5.00 ct DEW Round Blue Moissanite Solitaire Ring in Certified Jewellery 18K Gold Plated V 18K Gold Plated,18K Gold Plated Vermeil / 7,GH-MOI-00701,4900.00,5899.99,Yes
9920626262264,48966895304952,ACTIVE,5.00 ct DEW Round Blue Moissanite Solitaire Ring in Certified Jewellery 18K Gold Plated V 18K Gold Plated,18K Gold Plated Vermeil / 5,,4900.00,5899.99,Yes
9920626262264,48966895337720,ACTIVE,5.00 ct DEW Round Blue Moissanite Solitaire Ring in Certified Jewellery 18K Gold Plated V 18K Gold Plated,18K Gold Plated Vermeil / 6,,4900.00,5899.99,Yes
9920626262264,48966895370488,ACTIVE,5.00 ct DEW Round Blue Moissanite Solitaire Ring in Certified Jewellery 18K Gold Plated V 18K Gold Plated,18K Gold Plated Vermeil / 8,,4900.00,5899.99,Yes
9920626262264,48966895403256,ACTIVE,5.00 ct DEW Round Blue Moissanite Solitaire Ring in Certified Jewellery 18K Gold Plated V 18K Gold Plated,18K Gold Plated Vermeil / 9,,4900.00,5899.99,Yes
9920626262264,48966895436024,ACTIVE,5.00 ct DEW Round Blue Moissanite Solitaire Ring in Certified Jewellery 18K Gold Plated V 18K Gold Plated,18K Gold Plated Vermeil / 10,,4900.00,5899.99,Yes
9920626327800,48966895862008,ACTIVE,3.20 ct DEW Round Cut Blue Moissanite Solitaire Ring in Certified 18K Gold Plated Verme 18K Gold Plated,18K Gold Plated Vermeil / 7,GH-MOI-00700,5600.00,6799.99,Yes
9920626327800,48966895894776,ACTIVE,3.20 ct DEW Round Cut Blue Moissanite Solitaire Ring in Certified 18K Gold Plated Verme 18K Gold Plated,18K Gold Plated Vermeil / 5,,5600.00,6799.99,Yes
9920626327800,48966895927544,ACTIVE,3.20 ct DEW Round Cut Blue Moissanite Solitaire Ring in Certified 18K Gold Plated Verme 18K Gold Plated,18K Gold Plated Vermeil / 6,,5600.00,6799.99,Yes
9920626327800,48966895960312,ACTIVE,3.20 ct DEW Round Cut Blue Moissanite Solitaire Ring in Certified 18K Gold Plated Verme 18K Gold Plated,18K Gold Plated Vermeil / 8,,5600.00,6799.99,Yes
9920626327800,48966895993080,ACTIVE,3.20 ct DEW Round Cut Blue Moissanite Solitaire Ring in Certified 18K Gold Plated Verme 18K Gold Plated,18K Gold Plated Vermeil / 9,,5600.00,6799.99,Yes
9920626327800,48966896025848,ACTIVE,3.20 ct DEW Round Cut Blue Moissanite Solitaire Ring in Certified 18K Gold Plated Verme 18K Gold Plated,18K Gold Plated Vermeil / 10,,5600.00,6799.99,Yes
9920626360568,48966896058616,ACTIVE,9.50 ct DEW Round Cut White Moissanite Solitaire Ring Certified Sparkle 18K Gold Plated,18K Gold Plated Vermeil / 7,GH-MOI-00699,9100.00,9100.00,No (reverted)
9920626360568,48966896091384,ACTIVE,9.50 ct DEW Round Cut White Moissanite Solitaire Ring Certified Sparkle 18K Gold Plated,18K Gold Plated Vermeil / 5,,9100.00,9100.00,No (reverted)
9920626360568,48966896124152,ACTIVE,9.50 ct DEW Round Cut White Moissanite Solitaire Ring Certified Sparkle 18K Gold Plated,18K Gold Plated Vermeil / 6,,9100.00,9100.00,No (reverted)
9920626360568,48966896156920,ACTIVE,9.50 ct DEW Round Cut White Moissanite Solitaire Ring Certified Sparkle 18K Gold Plated,18K Gold Plated Vermeil / 8,,9100.00,9100.00,No (reverted)
9920626360568,48966896189688,ACTIVE,9.50 ct DEW Round Cut White Moissanite Solitaire Ring Certified Sparkle 18K Gold Plated,18K Gold Plated Vermeil / 9,,9100.00,9100.00,No (reverted)
9920626360568,48966896222456,ACTIVE,9.50 ct DEW Round Cut White Moissanite Solitaire Ring Certified Sparkle 18K Gold Plated,18K Gold Plated Vermeil / 10,,9100.00,9100.00,No (reverted)
9920626426104,48966896255224,ACTIVE,20.60 ct DEW Blue Moissanite Solitaire Ring in Certified Bold Luxury 18K Gold Plated Ve 18K Gold Plated,18K Gold Plated Vermeil / 7,GH-MOI-00698,18200.00,18200.00,No (reverted)
9920626426104,48966896287992,ACTIVE,20.60 ct DEW Blue Moissanite Solitaire Ring in Certified Bold Luxury 18K Gold Plated Ve 18K Gold Plated,18K Gold Plated Vermeil / 5,,18200.00,18200.00,No (reverted)
9920626426104,48966896320760,ACTIVE,20.60 ct DEW Blue Moissanite Solitaire Ring in Certified Bold Luxury 18K Gold Plated Ve 18K Gold Plated,18K Gold Plated Vermeil / 6,,18200.00,18200.00,No (reverted)
9920626426104,48966896353528,ACTIVE,20.60 ct DEW Blue Moissanite Solitaire Ring in Certified Bold Luxury 18K Gold Plated Ve 18K Gold Plated,18K Gold Plated Vermeil / 8,,18200.00,18200.00,No (reverted)
9920626426104,48966896386296,ACTIVE,20.60 ct DEW Blue Moissanite Solitaire Ring in Certified Bold Luxury 18K Gold Plated Ve 18K Gold Plated,18K Gold Plated Vermeil / 9,,18200.00,18200.00,No (reverted)
9920626426104,48966896419064,ACTIVE,20.60 ct DEW Blue Moissanite Solitaire Ring in Certified Bold Luxury 18K Gold Plated Ve 18K Gold Plated,18K Gold Plated Vermeil / 10,,18200.00,18200.00,No (reverted)
9920626655480,48966896845048,ACTIVE,6.25 ct DEW Off White Moissanite Solitaire Ring in Certified Shine 18K Gold Plated Verm 18K Gold Plated,18K Gold Plated Vermeil / 7,GH-MOI-00697,8400.00,8400.00,No (reverted)
9920626655480,48966896877816,ACTIVE,6.25 ct DEW Off White Moissanite Solitaire Ring in Certified Shine 18K Gold Plated Verm 18K Gold Plated,18K Gold Plated Vermeil / 5,,8400.00,8400.00,No (reverted)
9920626655480,48966896910584,ACTIVE,6.25 ct DEW Off White Moissanite Solitaire Ring in Certified Shine 18K Gold Plated Verm 18K Gold Plated,18K Gold Plated Vermeil / 6,,8400.00,8400.00,No (reverted)
9920626655480,48966896943352,ACTIVE,6.25 ct DEW Off White Moissanite Solitaire Ring in Certified Shine 18K Gold Plated Verm 18K Gold Plated,18K Gold Plated Vermeil / 8,,8400.00,8400.00,No (reverted)
9920626655480,48966896976120,ACTIVE,6.25 ct DEW Off White Moissanite Solitaire Ring in Certified Shine 18K Gold Plated Verm 18K Gold Plated,18K Gold Plated Vermeil / 9,,8400.00,8400.00,No (reverted)
9920626655480,48966897008888,ACTIVE,6.25 ct DEW Off White Moissanite Solitaire Ring in Certified Shine 18K Gold Plated Verm 18K Gold Plated,18K Gold Plated Vermeil / 10,,8400.00,8400.00,No (reverted)
9920626721016,48966897041656,ACTIVE,16.40 ct DEW Blue Moissanite Solitaire Ring in Certified Big Statement 18K Gold Plated 18K Gold Plated,18K Gold Plated Vermeil / 7,GH-MOI-00696,10500.00,10500.00,No (reverted)
9920626721016,48966897074424,ACTIVE,16.40 ct DEW Blue Moissanite Solitaire Ring in Certified Big Statement 18K Gold Plated 18K Gold Plated,18K Gold Plated Vermeil / 5,,10500.00,10500.00,No (reverted)
9920626721016,48966897107192,ACTIVE,16.40 ct DEW Blue Moissanite Solitaire Ring in Certified Big Statement 18K Gold Plated 18K Gold Plated,18K Gold Plated Vermeil / 6,,10500.00,10500.00,No (reverted)
9920626721016,48966897139960,ACTIVE,16.40 ct DEW Blue Moissanite Solitaire Ring in Certified Big Statement 18K Gold Plated 18K Gold Plated,18K Gold Plated Vermeil / 8,,10500.00,10500.00,No (reverted)
9920626721016,48966897172728,ACTIVE,16.40 ct DEW Blue Moissanite Solitaire Ring in Certified Big Statement 18K Gold Plated 18K Gold Plated,18K Gold Plated Vermeil / 9,,10500.00,10500.00,No (reverted)
9920626721016,48966897205496,ACTIVE,16.40 ct DEW Blue Moissanite Solitaire Ring in Certified Big Statement 18K Gold Plated 18K Gold Plated,18K Gold Plated Vermeil / 10,,10500.00,10500.00,No (reverted)
9920626884856,48966899106040,ACTIVE,3.20 ct DEW Oval Cut Off White Moissanite Ring Certified Fine Jewellery 18K Gold Plated V 18K Gold Plated,18K Gold Plated Vermeil / 7,GH-MOI-00695,5600.00,6799.99,Yes
9920626884856,48966899138808,ACTIVE,3.20 ct DEW Oval Cut Off White Moissanite Ring Certified Fine Jewellery 18K Gold Plated V 18K Gold Plated,18K Gold Plated Vermeil / 5,,5600.00,6799.99,Yes
9920626884856,48966899171576,ACTIVE,3.20 ct DEW Oval Cut Off White Moissanite Ring Certified Fine Jewellery 18K Gold Plated V 18K Gold Plated,18K Gold Plated Vermeil / 6,,5600.00,6799.99,Yes
9920626884856,48966899204344,ACTIVE,3.20 ct DEW Oval Cut Off White Moissanite Ring Certified Fine Jewellery 18K Gold Plated V 18K Gold Plated,18K Gold Plated Vermeil / 8,,5600.00,6799.99,Yes
9920626884856,48966899237112,ACTIVE,3.20 ct DEW Oval Cut Off White Moissanite Ring Certified Fine Jewellery 18K Gold Plated V 18K Gold Plated,18K Gold Plated Vermeil / 9,,5600.00,6799.99,Yes
9920626884856,48966899269880,ACTIVE,3.20 ct DEW Oval Cut Off White Moissanite Ring Certified Fine Jewellery 18K Gold Plated V 18K Gold Plated,18K Gold Plated Vermeil / 10,,5600.00,6799.99,Yes
9920626950392,48966899400952,ACTIVE,18.60 ct DEW Emerald Cut Blue Moissanite Ring in Certified Statement 18K Gold Plated Ve 18K Gold Plated,18K Gold Plated Vermeil / 7,GH-MOI-00694,11200.00,11200.00,No (reverted)
9920626950392,48966899433720,ACTIVE,18.60 ct DEW Emerald Cut Blue Moissanite Ring in Certified Statement 18K Gold Plated Ve 18K Gold Plated,18K Gold Plated Vermeil / 5,,11200.00,11200.00,No (reverted)
9920626950392,48966899466488,ACTIVE,18.60 ct DEW Emerald Cut Blue Moissanite Ring in Certified Statement 18K Gold Plated Ve 18K Gold Plated,18K Gold Plated Vermeil / 6,,11200.00,11200.00,No (reverted)
9920626950392,48966899499256,ACTIVE,18.60 ct DEW Emerald Cut Blue Moissanite Ring in Certified Statement 18K Gold Plated Ve 18K Gold Plated,18K Gold Plated Vermeil / 8,,11200.00,11200.00,No (reverted)
9920626950392,48966899532024,ACTIVE,18.60 ct DEW Emerald Cut Blue Moissanite Ring in Certified Statement 18K Gold Plated Ve 18K Gold Plated,18K Gold Plated Vermeil / 9,,11200.00,11200.00,No (reverted)
9920626950392,48966899564792,ACTIVE,18.60 ct DEW Emerald Cut Blue Moissanite Ring in Certified Statement 18K Gold Plated Ve 18K Gold Plated,18K Gold Plated Vermeil / 10,,11200.00,11200.00,No (reverted)
9920627081464,48966899990776,ACTIVE,7.35 ct DEW Off White Moissanite Solitaire Ring Certified Great Luster 18K Gold Plated 18K Gold Plated,18K Gold Plated Vermeil / 7,GH-MOI-00693,7700.00,7700.00,No (reverted)
9920627081464,48966900023544,ACTIVE,7.35 ct DEW Off White Moissanite Solitaire Ring Certified Great Luster 18K Gold Plated 18K Gold Plated,18K Gold Plated Vermeil / 5,,7700.00,7700.00,No (reverted)
9920627081464,48966900056312,ACTIVE,7.35 ct DEW Off White Moissanite Solitaire Ring Certified Great Luster 18K Gold Plated 18K Gold Plated,18K Gold Plated Vermeil / 6,,7700.00,7700.00,No (reverted)
9920627081464,48966900089080,ACTIVE,7.35 ct DEW Off White Moissanite Solitaire Ring Certified Great Luster 18K Gold Plated 18K Gold Plated,18K Gold Plated Vermeil / 8,,7700.00,7700.00,No (reverted)
9920627081464,48966900121848,ACTIVE,7.35 ct DEW Off White Moissanite Solitaire Ring Certified Great Luster 18K Gold Plated 18K Gold Plated,18K Gold Plated Vermeil / 9,,7700.00,7700.00,No (reverted)
9920627081464,48966900154616,ACTIVE,7.35 ct DEW Off White Moissanite Solitaire Ring Certified Great Luster 18K Gold Plated 18K Gold Plated,18K Gold Plated Vermeil / 10,,7700.00,7700.00,No (reverted)
9920627114232,48966900220152,ACTIVE,4.50 ct DEW Emerald Cut Off White Moissanite Ring in Certified Shine 18K Gold Plated Ve 18K Gold Plated,18K Gold Plated Vermeil / 7,GH-MOI-00692,5600.00,6799.99,Yes
9920627114232,48966900252920,ACTIVE,4.50 ct DEW Emerald Cut Off White Moissanite Ring in Certified Shine 18K Gold Plated Ve 18K Gold Plated,18K Gold Plated Vermeil / 5,,5600.00,6799.99,Yes
9920627114232,48966900285688,ACTIVE,4.50 ct DEW Emerald Cut Off White Moissanite Ring in Certified Shine 18K Gold Plated Ve 18K Gold Plated,18K Gold Plated Vermeil / 6,,5600.00,6799.99,Yes
9920627114232,48966900318456,ACTIVE,4.50 ct DEW Emerald Cut Off White Moissanite Ring in Certified Shine 18K Gold Plated Ve 18K Gold Plated,18K Gold Plated Vermeil / 8,,5600.00,6799.99,Yes
9920627114232,48966900351224,ACTIVE,4.50 ct DEW Emerald Cut Off White Moissanite Ring in Certified Shine 18K Gold Plated Ve 18K Gold Plated,18K Gold Plated Vermeil / 9,,5600.00,6799.99,Yes
9920627114232,48966900383992,ACTIVE,4.50 ct DEW Emerald Cut Off White Moissanite Ring in Certified Shine 18K Gold Plated Ve 18K Gold Plated,18K Gold Plated Vermeil / 10,,5600.00,6799.99,Yes
9920627179768,48966900416760,ACTIVE,1.50 ct DEW Blue Moissanite Solitaire Ring in Certified Gem 18K Gold Plated,18K Gold Plated Vermeil / 7,GH-MOI-00691,3500.00,4199.99,Yes
9920627179768,48966900449528,ACTIVE,1.50 ct DEW Blue Moissanite Solitaire Ring in Certified Gem 18K Gold Plated,18K Gold Plated Vermeil / 5,,3500.00,4199.99,Yes
9920627179768,48966900482296,ACTIVE,1.50 ct DEW Blue Moissanite Solitaire Ring in Certified Gem 18K Gold Plated,18K Gold Plated Vermeil / 6,,3500.00,4199.99,Yes
9920627179768,48966900515064,ACTIVE,1.50 ct DEW Blue Moissanite Solitaire Ring in Certified Gem 18K Gold Plated,18K Gold Plated Vermeil / 8,,3500.00,4199.99,Yes
9920627179768,48966900547832,ACTIVE,1.50 ct DEW Blue Moissanite Solitaire Ring in Certified Gem 18K Gold Plated,18K Gold Plated Vermeil / 9,,3500.00,4199.99,Yes
9920627179768,48966900580600,ACTIVE,1.50 ct DEW Blue Moissanite Solitaire Ring in Certified Gem 18K Gold Plated,18K Gold Plated Vermeil / 10,,3500.00,4199.99,Yes
9920627212536,48966900613368,ACTIVE,8.30 ct DEW Emerald Cut Off White Moissanite Ring Certified Sparkle 18K Gold Plated Ver 18K Gold Plated,18K Gold Plated Vermeil / 7,GH-MOI-00690,8400.00,8400.00,No (reverted)
9920627212536,48966900646136,ACTIVE,8.30 ct DEW Emerald Cut Off White Moissanite Ring Certified Sparkle 18K Gold Plated Ver 18K Gold Plated,18K Gold Plated Vermeil / 5,,8400.00,8400.00,No (reverted)
9920627212536,48966900678904,ACTIVE,8.30 ct DEW Emerald Cut Off White Moissanite Ring Certified Sparkle 18K Gold Plated Ver 18K Gold Plated,18K Gold Plated Vermeil / 6,,8400.00,8400.00,No (reverted)
9920627212536,48966900711672,ACTIVE,8.30 ct DEW Emerald Cut Off White Moissanite Ring Certified Sparkle 18K Gold Plated Ver 18K Gold Plated,18K Gold Plated Vermeil / 8,,8400.00,8400.00,No (reverted)
9920627212536,48966900744440,ACTIVE,8.30 ct DEW Emerald Cut Off White Moissanite Ring Certified Sparkle 18K Gold Plated Ver 18K Gold Plated,18K Gold Plated Vermeil / 9,,8400.00,8400.00,No (reverted)
9920627212536,48966900777208,ACTIVE,8.30 ct DEW Emerald Cut Off White Moissanite Ring Certified Sparkle 18K Gold Plated Ver 18K Gold Plated,18K Gold Plated Vermeil / 10,,8400.00,8400.00,No (reverted)
9920627278072,48966901203192,ACTIVE,10.50 ct DEW Champagne Moissanite Ring in Prong Set Certified Stone 18K Gold Plated Ver 18K Gold Plated,18K Gold Plated Vermeil / 7,GH-MOI-00689,9100.00,9100.00,No (reverted)
9920627278072,48966901235960,ACTIVE,10.50 ct DEW Champagne Moissanite Ring in Prong Set Certified Stone 18K Gold Plated Ver 18K Gold Plated,18K Gold Plated Vermeil / 5,,9100.00,9100.00,No (reverted)
9920627278072,48966901268728,ACTIVE,10.50 ct DEW Champagne Moissanite Ring in Prong Set Certified Stone 18K Gold Plated Ver 18K Gold Plated,18K Gold Plated Vermeil / 6,,9100.00,9100.00,No (reverted)
9920627278072,48966901301496,ACTIVE,10.50 ct DEW Champagne Moissanite Ring in Prong Set Certified Stone 18K Gold Plated Ver 18K Gold Plated,18K Gold Plated Vermeil / 8,,9100.00,9100.00,No (reverted)
9920627278072,48966901334264,ACTIVE,10.50 ct DEW Champagne Moissanite Ring in Prong Set Certified Stone 18K Gold Plated Ver 18K Gold Plated,18K Gold Plated Vermeil / 9,,9100.00,9100.00,No (reverted)
9920627278072,48966901367032,ACTIVE,10.50 ct DEW Champagne Moissanite Ring in Prong Set Certified Stone 18K Gold Plated Ver 18K Gold Plated,18K Gold Plated Vermeil / 10,,9100.00,9100.00,No (reverted)
9920627310840,48966901399800,ACTIVE,35.20 ct DEW Emerald Cut Blue Moissanite Ring in Solitaire Certified 18K Gold Plated Ve 18K Gold Plated,18K Gold Plated Vermeil / 7,GH-MOI-00688,21700.00,21700.00,No (reverted)
9920627310840,48966901432568,ACTIVE,35.20 ct DEW Emerald Cut Blue Moissanite Ring in Solitaire Certified 18K Gold Plated Ve 18K Gold Plated,18K Gold Plated Vermeil / 5,,21700.00,21700.00,No (reverted)
9920627310840,48966901465336,ACTIVE,35.20 ct DEW Emerald Cut Blue Moissanite Ring in Solitaire Certified 18K Gold Plated Ve 18K Gold Plated,18K Gold Plated Vermeil / 6,,21700.00,21700.00,No (reverted)
9920627310840,48966901498104,ACTIVE,35.20 ct DEW Emerald Cut Blue Moissanite Ring in Solitaire Certified 18K Gold Plated Ve 18K Gold Plated,18K Gold Plated Vermeil / 8,,21700.00,21700.00,No (reverted)
9920627310840,48966901530872,ACTIVE,35.20 ct DEW Emerald Cut Blue Moissanite Ring in Solitaire Certified 18K Gold Plated Ve 18K Gold Plated,18K Gold Plated Vermeil / 9,,21700.00,21700.00,No (reverted)
9920627310840,48966901563640,ACTIVE,35.20 ct DEW Emerald Cut Blue Moissanite Ring in Solitaire Certified 18K Gold Plated Ve 18K Gold Plated,18K Gold Plated Vermeil / 10,,21700.00,21700.00,No (reverted)
9920627343608,48966901596408,ACTIVE,6.70 ct DEW Champagne Moissanite Ring in – Unique Wedding Gift Idea 18K Gold Plated Ver 18K Gold Plated,18K Gold Plated Vermeil / 7,GH-MOI-00687,7700.00,7700.00,No (reverted)
9920627343608,48966901629176,ACTIVE,6.70 ct DEW Champagne Moissanite Ring in – Unique Wedding Gift Idea 18K Gold Plated Ver 18K Gold Plated,18K Gold Plated Vermeil / 5,,7700.00,7700.00,No (reverted)
9920627343608,48966901661944,ACTIVE,6.70 ct DEW Champagne Moissanite Ring in – Unique Wedding Gift Idea 18K Gold Plated Ver 18K Gold Plated,18K Gold Plated Vermeil / 6,,7700.00,7700.00,No (reverted)
9920627343608,48966901694712,ACTIVE,6.70 ct DEW Champagne Moissanite Ring in – Unique Wedding Gift Idea 18K Gold Plated Ver 18K Gold Plated,18K Gold Plated Vermeil / 8,,7700.00,7700.00,No (reverted)
9920627343608,48966901727480,ACTIVE,6.70 ct DEW Champagne Moissanite Ring in – Unique Wedding Gift Idea 18K Gold Plated Ver 18K Gold Plated,18K Gold Plated Vermeil / 9,,7700.00,7700.00,No (reverted)
9920627343608,48966901760248,ACTIVE,6.70 ct DEW Champagne Moissanite Ring in – Unique Wedding Gift Idea 18K Gold Plated Ver 18K Gold Plated,18K Gold Plated Vermeil / 10,,7700.00,7700.00,No (reverted)
9920627441912,48966902219000,ACTIVE,2.90 ct DEW Cushion Cut White Moissanite Ring – Birthday Gift for Her 18K Gold Plated V 18K Gold Plated,18K Gold Plated Vermeil / 7,GH-MOI-00686,4200.00,5099.99,Yes
9920627441912,48966902251768,ACTIVE,2.90 ct DEW Cushion Cut White Moissanite Ring – Birthday Gift for Her 18K Gold Plated V 18K Gold Plated,18K Gold Plated Vermeil / 5,,4200.00,5099.99,Yes
9920627441912,48966902284536,ACTIVE,2.90 ct DEW Cushion Cut White Moissanite Ring – Birthday Gift for Her 18K Gold Plated V 18K Gold Plated,18K Gold Plated Vermeil / 6,,4200.00,5099.99,Yes
9920627441912,48966902317304,ACTIVE,2.90 ct DEW Cushion Cut White Moissanite Ring – Birthday Gift for Her 18K Gold Plated V 18K Gold Plated,18K Gold Plated Vermeil / 8,,4200.00,5099.99,Yes
9920627441912,48966902350072,ACTIVE,2.90 ct DEW Cushion Cut White Moissanite Ring – Birthday Gift for Her 18K Gold Plated V 18K Gold Plated,18K Gold Plated Vermeil / 9,,4200.00,5099.99,Yes
9920627441912,48966902382840,ACTIVE,2.90 ct DEW Cushion Cut White Moissanite Ring – Birthday Gift for Her 18K Gold Plated V 18K Gold Plated,18K Gold Plated Vermeil / 10,,4200.00,5099.99,Yes
9920627474680,48966902415608,ACTIVE,6.35 ct DEW Off White Round Moissanite Ring – Shine Gift for Women 18K Gold Plated Verm 18K Gold Plated,18K Gold Plated Vermeil / 7,GH-MOI-00685,5600.00,6799.99,Yes
9920627474680,48966902448376,ACTIVE,6.35 ct DEW Off White Round Moissanite Ring – Shine Gift for Women 18K Gold Plated Verm 18K Gold Plated,18K Gold Plated Vermeil / 5,,5600.00,6799.99,Yes
9920627474680,48966902481144,ACTIVE,6.35 ct DEW Off White Round Moissanite Ring – Shine Gift for Women 18K Gold Plated Verm 18K Gold Plated,18K Gold Plated Vermeil / 6,,5600.00,6799.99,Yes
9920627474680,48966902513912,ACTIVE,6.35 ct DEW Off White Round Moissanite Ring – Shine Gift for Women 18K Gold Plated Verm 18K Gold Plated,18K Gold Plated Vermeil / 8,,5600.00,6799.99,Yes
9920627474680,48966902546680,ACTIVE,6.35 ct DEW Off White Round Moissanite Ring – Shine Gift for Women 18K Gold Plated Verm 18K Gold Plated,18K Gold Plated Vermeil / 9,,5600.00,6799.99,Yes
9920627474680,48966902579448,ACTIVE,6.35 ct DEW Off White Round Moissanite Ring – Shine Gift for Women 18K Gold Plated Verm 18K Gold Plated,18K Gold Plated Vermeil / 10,,5600.00,6799.99,Yes
9920627572984,48966903070968,ACTIVE,6.30 ct DEW Certified Blue Moissanite Asscher Cut Ring – Christmas Gift in 18K Gold Pla 18K Gold Plated,18K Gold Plated Vermeil / 7,GH-MOI-00684,5600.00,6799.99,Yes
9920627572984,48966903103736,ACTIVE,6.30 ct DEW Certified Blue Moissanite Asscher Cut Ring – Christmas Gift in 18K Gold Pla 18K Gold Plated,18K Gold Plated Vermeil / 5,,5600.00,6799.99,Yes
9920627572984,48966903136504,ACTIVE,6.30 ct DEW Certified Blue Moissanite Asscher Cut Ring – Christmas Gift in 18K Gold Pla 18K Gold Plated,18K Gold Plated Vermeil / 6,,5600.00,6799.99,Yes
9920627572984,48966903169272,ACTIVE,6.30 ct DEW Certified Blue Moissanite Asscher Cut Ring – Christmas Gift in 18K Gold Pla 18K Gold Plated,18K Gold Plated Vermeil / 8,,5600.00,6799.99,Yes
9920627572984,48966903202040,ACTIVE,6.30 ct DEW Certified Blue Moissanite Asscher Cut Ring – Christmas Gift in 18K Gold Pla 18K Gold Plated,18K Gold Plated Vermeil / 9,,5600.00,6799.99,Yes
9920627572984,48966903234808,ACTIVE,6.30 ct DEW Certified Blue Moissanite Asscher Cut Ring – Christmas Gift in 18K Gold Pla 18K Gold Plated,18K Gold Plated Vermeil / 10,,5600.00,6799.99,Yes
9920627671288,48966903693560,ACTIVE,2.20 ct DEW White Moissanite Engagement Certified Ring – Anniversary Gift 18K Gold Plat 18K Gold Plated,18K Gold Plated Vermeil / 7,GH-MOI-00683,4200.00,5099.99,Yes
9920627671288,48966903726328,ACTIVE,2.20 ct DEW White Moissanite Engagement Certified Ring – Anniversary Gift 18K Gold Plat 18K Gold Plated,18K Gold Plated Vermeil / 5,,4200.00,5099.99,Yes
9920627671288,48966903759096,ACTIVE,2.20 ct DEW White Moissanite Engagement Certified Ring – Anniversary Gift 18K Gold Plat 18K Gold Plated,18K Gold Plated Vermeil / 6,,4200.00,5099.99,Yes
9920627671288,48966903791864,ACTIVE,2.20 ct DEW White Moissanite Engagement Certified Ring – Anniversary Gift 18K Gold Plat 18K Gold Plated,18K Gold Plated Vermeil / 8,,4200.00,5099.99,Yes
9920627671288,48966903824632,ACTIVE,2.20 ct DEW White Moissanite Engagement Certified Ring – Anniversary Gift 18K Gold Plat 18K Gold Plated,18K Gold Plated Vermeil / 9,,4200.00,5099.99,Yes
9920627671288,48966903857400,ACTIVE,2.20 ct DEW White Moissanite Engagement Certified Ring – Anniversary Gift 18K Gold Plat 18K Gold Plated,18K Gold Plated Vermeil / 10,,4200.00,5099.99,Yes
9920627736824,48966903922936,ACTIVE,2.25 ct DEW White Moissanite Certified Ring – Engagement Gift for Her 18K Gold Plated V 18K Gold Plated,18K Gold Plated Vermeil / 7,GH-MOI-00682,4200.00,5099.99,Yes
9920627736824,48966903955704,ACTIVE,2.25 ct DEW White Moissanite Certified Ring – Engagement Gift for Her 18K Gold Plated V 18K Gold Plated,18K Gold Plated Vermeil / 5,,4200.00,5099.99,Yes
9920627736824,48966903988472,ACTIVE,2.25 ct DEW White Moissanite Certified Ring – Engagement Gift for Her 18K Gold Plated V 18K Gold Plated,18K Gold Plated Vermeil / 6,,4200.00,5099.99,Yes
9920627736824,48966904021240,ACTIVE,2.25 ct DEW White Moissanite Certified Ring – Engagement Gift for Her 18K Gold Plated V 18K Gold Plated,18K Gold Plated Vermeil / 8,,4200.00,5099.99,Yes
9920627736824,48966904054008,ACTIVE,2.25 ct DEW White Moissanite Certified Ring – Engagement Gift for Her 18K Gold Plated V 18K Gold Plated,18K Gold Plated Vermeil / 9,,4200.00,5099.99,Yes
9920627736824,48966904086776,ACTIVE,2.25 ct DEW White Moissanite Certified Ring – Engagement Gift for Her 18K Gold Plated V 18K Gold Plated,18K Gold Plated Vermeil / 10,,4200.00,5099.99,Yes
9920627835128,48966904611064,ACTIVE,23.50 ct DEW Asscher Cut Certified Moissanite Silver Ring – Huge Rare Gift for Wedding 18K Gold Plated,18K Gold Plated Vermeil / 7,GH-MOI-00681,21700.00,21700.00,No (reverted)
9920627835128,48966904643832,ACTIVE,23.50 ct DEW Asscher Cut Certified Moissanite Silver Ring – Huge Rare Gift for Wedding 18K Gold Plated,18K Gold Plated Vermeil / 5,,21700.00,21700.00,No (reverted)
9920627835128,48966904676600,ACTIVE,23.50 ct DEW Asscher Cut Certified Moissanite Silver Ring – Huge Rare Gift for Wedding 18K Gold Plated,18K Gold Plated Vermeil / 6,,21700.00,21700.00,No (reverted)
9920627835128,48966904709368,ACTIVE,23.50 ct DEW Asscher Cut Certified Moissanite Silver Ring – Huge Rare Gift for Wedding 18K Gold Plated,18K Gold Plated Vermeil / 8,,21700.00,21700.00,No (reverted)
9920627835128,48966904742136,ACTIVE,23.50 ct DEW Asscher Cut Certified Moissanite Silver Ring – Huge Rare Gift for Wedding 18K Gold Plated,18K Gold Plated Vermeil / 9,,21700.00,21700.00,No (reverted)
9920627835128,48966904774904,ACTIVE,23.50 ct DEW Asscher Cut Certified Moissanite Silver Ring – Huge Rare Gift for Wedding 18K Gold Plated,18K Gold Plated Vermeil / 10,,21700.00,21700.00,No (reverted)
9920627933432,48966906216696,ACTIVE,10.25 ct DEW Certified Blue Round Moissanite Ring – Big Christmas Gift Pick 18K Gold Plated,18K Gold Plated Vermeil / 7,GH-MOI-00680,8400.00,8400.00,No (reverted)
9920627933432,48966906249464,ACTIVE,10.25 ct DEW Certified Blue Round Moissanite Ring – Big Christmas Gift Pick 18K Gold Plated,18K Gold Plated Vermeil / 5,,8400.00,8400.00,No (reverted)
9920627933432,48966906282232,ACTIVE,10.25 ct DEW Certified Blue Round Moissanite Ring – Big Christmas Gift Pick 18K Gold Plated,18K Gold Plated Vermeil / 6,,8400.00,8400.00,No (reverted)
9920627933432,48966906315000,ACTIVE,10.25 ct DEW Certified Blue Round Moissanite Ring – Big Christmas Gift Pick 18K Gold Plated,18K Gold Plated Vermeil / 8,,8400.00,8400.00,No (reverted)
9920627933432,48966906347768,ACTIVE,10.25 ct DEW Certified Blue Round Moissanite Ring – Big Christmas Gift Pick 18K Gold Plated,18K Gold Plated Vermeil / 9,,8400.00,8400.00,No (reverted)
9920627933432,48966906380536,ACTIVE,10.25 ct DEW Certified Blue Round Moissanite Ring – Big Christmas Gift Pick 18K Gold Plated,18K Gold Plated Vermeil / 10,,8400.00,8400.00,No (reverted)
9920628064504,48966906511608,ACTIVE,3.70 ct DEW Certified White Moissanite Statement Ring – Christmas Deal 18K Gold Plated 18K Gold Plated,18K Gold Plated Vermeil / 7,GH-MOI-00679,4900.00,5899.99,Yes
9920628064504,48966906544376,ACTIVE,3.70 ct DEW Certified White Moissanite Statement Ring – Christmas Deal 18K Gold Plated 18K Gold Plated,18K Gold Plated Vermeil / 5,,4900.00,5899.99,Yes
9920628064504,48966906577144,ACTIVE,3.70 ct DEW Certified White Moissanite Statement Ring – Christmas Deal 18K Gold Plated 18K Gold Plated,18K Gold Plated Vermeil / 6,,4900.00,5899.99,Yes
9920628064504,48966906609912,ACTIVE,3.70 ct DEW Certified White Moissanite Statement Ring – Christmas Deal 18K Gold Plated 18K Gold Plated,18K Gold Plated Vermeil / 8,,4900.00,5899.99,Yes
9920628064504,48966906642680,ACTIVE,3.70 ct DEW Certified White Moissanite Statement Ring – Christmas Deal 18K Gold Plated 18K Gold Plated,18K Gold Plated Vermeil / 9,,4900.00,5899.99,Yes
9920628064504,48966906675448,ACTIVE,3.70 ct DEW Certified White Moissanite Statement Ring – Christmas Deal 18K Gold Plated 18K Gold Plated,18K Gold Plated Vermeil / 10,,4900.00,5899.99,Yes
9920628130040,48966907101432,ACTIVE,2.80 ct DEW Certified Round White Moissanite Ring – Gift for Anniversary 18K Gold Plate 18K Gold Plated,18K Gold Plated Vermeil / 7,GH-MOI-00678,4900.00,5899.99,Yes
9920628130040,48966907134200,ACTIVE,2.80 ct DEW Certified Round White Moissanite Ring – Gift for Anniversary 18K Gold Plate 18K Gold Plated,18K Gold Plated Vermeil / 5,,4900.00,5899.99,Yes
9920628130040,48966907166968,ACTIVE,2.80 ct DEW Certified Round White Moissanite Ring – Gift for Anniversary 18K Gold Plate 18K Gold Plated,18K Gold Plated Vermeil / 6,,4900.00,5899.99,Yes
9920628130040,48966907199736,ACTIVE,2.80 ct DEW Certified Round White Moissanite Ring – Gift for Anniversary 18K Gold Plate 18K Gold Plated,18K Gold Plated Vermeil / 8,,4900.00,5899.99,Yes
9920628130040,48966907232504,ACTIVE,2.80 ct DEW Certified Round White Moissanite Ring – Gift for Anniversary 18K Gold Plate 18K Gold Plated,18K Gold Plated Vermeil / 9,,4900.00,5899.99,Yes
9920628130040,48966907265272,ACTIVE,2.80 ct DEW Certified Round White Moissanite Ring – Gift for Anniversary 18K Gold Plate 18K Gold Plated,18K Gold Plated Vermeil / 10,,4900.00,5899.99,Yes
9920628162808,48966907363576,ACTIVE,11.55 ct DEW Certified Blue Moissanite Asscher Cut Ring – Rare Christmas Gift in Silver 18K Gold Plated,18K Gold Plated Vermeil / 7,GH-MOI-00677,7700.00,7700.00,No (reverted)
9920628162808,48966907396344,ACTIVE,11.55 ct DEW Certified Blue Moissanite Asscher Cut Ring – Rare Christmas Gift in Silver 18K Gold Plated,18K Gold Plated Vermeil / 5,,7700.00,7700.00,No (reverted)
9920628162808,48966907429112,ACTIVE,11.55 ct DEW Certified Blue Moissanite Asscher Cut Ring – Rare Christmas Gift in Silver 18K Gold Plated,18K Gold Plated Vermeil / 6,,7700.00,7700.00,No (reverted)
9920628162808,48966907461880,ACTIVE,11.55 ct DEW Certified Blue Moissanite Asscher Cut Ring – Rare Christmas Gift in Silver 18K Gold Plated,18K Gold Plated Vermeil / 8,,7700.00,7700.00,No (reverted)
9920628162808,48966907494648,ACTIVE,11.55 ct DEW Certified Blue Moissanite Asscher Cut Ring – Rare Christmas Gift in Silver 18K Gold Plated,18K Gold Plated Vermeil / 9,,7700.00,7700.00,No (reverted)
9920628162808,48966907527416,ACTIVE,11.55 ct DEW Certified Blue Moissanite Asscher Cut Ring – Rare Christmas Gift in Silver 18K Gold Plated,18K Gold Plated Vermeil / 10,,7700.00,7700.00,No (reverted)
9920628228344,48966908248312,ACTIVE,4.00 ct DEW Certified White Pear Moissanite Ring – Wedding Gift Special 18K Gold Plated,18K Gold Plated Vermeil / 7,GH-MOI-00676,5600.00,6799.99,Yes
9920628228344,48966908281080,ACTIVE,4.00 ct DEW Certified White Pear Moissanite Ring – Wedding Gift Special 18K Gold Plated,18K Gold Plated Vermeil / 5,,5600.00,6799.99,Yes
9920628228344,48966908313848,ACTIVE,4.00 ct DEW Certified White Pear Moissanite Ring – Wedding Gift Special 18K Gold Plated,18K Gold Plated Vermeil / 6,,5600.00,6799.99,Yes
9920628228344,48966908346616,ACTIVE,4.00 ct DEW Certified White Pear Moissanite Ring – Wedding Gift Special 18K Gold Plated,18K Gold Plated Vermeil / 8,,5600.00,6799.99,Yes
9920628228344,48966908379384,ACTIVE,4.00 ct DEW Certified White Pear Moissanite Ring – Wedding Gift Special 18K Gold Plated,18K Gold Plated Vermeil / 9,,5600.00,6799.99,Yes
9920628228344,48966908412152,ACTIVE,4.00 ct DEW Certified White Pear Moissanite Ring – Wedding Gift Special 18K Gold Plated,18K Gold Plated Vermeil / 10,,5600.00,6799.99,Yes
9920628261112,48966908477688,ACTIVE,2.55 ct DEW Certified Blue Moissanite Ring – Birthday Gift for Her 18K Gold Plated Verm 18K Gold Plated,18K Gold Plated Vermeil / 7,GH-MOI-00675,4200.00,5099.99,Yes
9920628261112,48966908510456,ACTIVE,2.55 ct DEW Certified Blue Moissanite Ring – Birthday Gift for Her 18K Gold Plated Verm 18K Gold Plated,18K Gold Plated Vermeil / 5,,4200.00,5099.99,Yes
9920628261112,48966908543224,ACTIVE,2.55 ct DEW Certified Blue Moissanite Ring – Birthday Gift for Her 18K Gold Plated Verm 18K Gold Plated,18K Gold Plated Vermeil / 6,,4200.00,5099.99,Yes
9920628261112,48966908575992,ACTIVE,2.55 ct DEW Certified Blue Moissanite Ring – Birthday Gift for Her 18K Gold Plated Verm 18K Gold Plated,18K Gold Plated Vermeil / 8,,4200.00,5099.99,Yes
9920628261112,48966908608760,ACTIVE,2.55 ct DEW Certified Blue Moissanite Ring – Birthday Gift for Her 18K Gold Plated Verm 18K Gold Plated,18K Gold Plated Vermeil / 9,,4200.00,5099.99,Yes
9920628261112,48966908641528,ACTIVE,2.55 ct DEW Certified Blue Moissanite Ring – Birthday Gift for Her 18K Gold Plated Verm 18K Gold Plated,18K Gold Plated Vermeil / 10,,4200.00,5099.99,Yes
9920628326648,48966909067512,ACTIVE,3.14 ct DEW Round Cut White Moissanite Ring – Holiday Engagement Gift 18K Gold Plated V 18K Gold Plated,18K Gold Plated Vermeil / 7,GH-MOI-00674,5600.00,6799.99,Yes
9920628326648,48966909100280,ACTIVE,3.14 ct DEW Round Cut White Moissanite Ring – Holiday Engagement Gift 18K Gold Plated V 18K Gold Plated,18K Gold Plated Vermeil / 5,,5600.00,6799.99,Yes
9920628326648,48966909133048,ACTIVE,3.14 ct DEW Round Cut White Moissanite Ring – Holiday Engagement Gift 18K Gold Plated V 18K Gold Plated,18K Gold Plated Vermeil / 6,,5600.00,6799.99,Yes
9920628326648,48966909165816,ACTIVE,3.14 ct DEW Round Cut White Moissanite Ring – Holiday Engagement Gift 18K Gold Plated V 18K Gold Plated,18K Gold Plated Vermeil / 8,,5600.00,6799.99,Yes
9920628326648,48966909198584,ACTIVE,3.14 ct DEW Round Cut White Moissanite Ring – Holiday Engagement Gift 18K Gold Plated V 18K Gold Plated,18K Gold Plated Vermeil / 9,,5600.00,6799.99,Yes
9920628326648,48966909231352,ACTIVE,3.14 ct DEW Round Cut White Moissanite Ring – Holiday Engagement Gift 18K Gold Plated V 18K Gold Plated,18K Gold Plated Vermeil / 10,,5600.00,6799.99,Yes
9920628359416,48966909264120,ACTIVE,4.70 ct DEW Pink Moissanite Emerald Cut Ring – Wedding Gift for Her 18K Gold Plated Ver 18K Gold Plated,18K Gold Plated Vermeil / 7,GH-MOI-00673,18200.00,18200.00,No (reverted)
9920628359416,48966909296888,ACTIVE,4.70 ct DEW Pink Moissanite Emerald Cut Ring – Wedding Gift for Her 18K Gold Plated Ver 18K Gold Plated,18K Gold Plated Vermeil / 5,,18200.00,18200.00,No (reverted)
9920628359416,48966909329656,ACTIVE,4.70 ct DEW Pink Moissanite Emerald Cut Ring – Wedding Gift for Her 18K Gold Plated Ver 18K Gold Plated,18K Gold Plated Vermeil / 6,,18200.00,18200.00,No (reverted)
9920628359416,48966909362424,ACTIVE,4.70 ct DEW Pink Moissanite Emerald Cut Ring – Wedding Gift for Her 18K Gold Plated Ver 18K Gold Plated,18K Gold Plated Vermeil / 8,,18200.00,18200.00,No (reverted)
9920628359416,48966909395192,ACTIVE,4.70 ct DEW Pink Moissanite Emerald Cut Ring – Wedding Gift for Her 18K Gold Plated Ver 18K Gold Plated,18K Gold Plated Vermeil / 9,,18200.00,18200.00,No (reverted)
9920628359416,48966909427960,ACTIVE,4.70 ct DEW Pink Moissanite Emerald Cut Ring – Wedding Gift for Her 18K Gold Plated Ver 18K Gold Plated,18K Gold Plated Vermeil / 10,,18200.00,18200.00,No (reverted)
9920628424952,48966909526264,ACTIVE,3.15 ct DEW Princess Cut Off White Moissanite Ring – Christmas Gift 18K Gold Plated Ver 18K Gold Plated,18K Gold Plated Vermeil / 7,GH-MOI-00672,5600.00,6799.99,Yes
9920628424952,48966909559032,ACTIVE,3.15 ct DEW Princess Cut Off White Moissanite Ring – Christmas Gift 18K Gold Plated Ver 18K Gold Plated,18K Gold Plated Vermeil / 5,,5600.00,6799.99,Yes
9920628424952,48966909591800,ACTIVE,3.15 ct DEW Princess Cut Off White Moissanite Ring – Christmas Gift 18K Gold Plated Ver 18K Gold Plated,18K Gold Plated Vermeil / 6,,5600.00,6799.99,Yes
9920628424952,48966909624568,ACTIVE,3.15 ct DEW Princess Cut Off White Moissanite Ring – Christmas Gift 18K Gold Plated Ver 18K Gold Plated,18K Gold Plated Vermeil / 8,,5600.00,6799.99,Yes
9920628424952,48966909657336,ACTIVE,3.15 ct DEW Princess Cut Off White Moissanite Ring – Christmas Gift 18K Gold Plated Ver 18K Gold Plated,18K Gold Plated Vermeil / 9,,5600.00,6799.99,Yes
9920628424952,48966909690104,ACTIVE,3.15 ct DEW Princess Cut Off White Moissanite Ring – Christmas Gift 18K Gold Plated Ver 18K Gold Plated,18K Gold Plated Vermeil / 10,,5600.00,6799.99,Yes
9920628523256,48966910116088,ACTIVE,2.90 ct DEW Blue Moissanite Solitaire Ring – Anniversary Gift Idea 18K Gold Plated Verm 18K Gold Plated,18K Gold Plated Vermeil / 7,GH-MOI-00671,4200.00,5099.99,Yes
9920628523256,48966910148856,ACTIVE,2.90 ct DEW Blue Moissanite Solitaire Ring – Anniversary Gift Idea 18K Gold Plated Verm 18K Gold Plated,18K Gold Plated Vermeil / 5,,4200.00,5099.99,Yes
9920628523256,48966910181624,ACTIVE,2.90 ct DEW Blue Moissanite Solitaire Ring – Anniversary Gift Idea 18K Gold Plated Verm 18K Gold Plated,18K Gold Plated Vermeil / 6,,4200.00,5099.99,Yes
9920628523256,48966910214392,ACTIVE,2.90 ct DEW Blue Moissanite Solitaire Ring – Anniversary Gift Idea 18K Gold Plated Verm 18K Gold Plated,18K Gold Plated Vermeil / 8,,4200.00,5099.99,Yes
9920628523256,48966910247160,ACTIVE,2.90 ct DEW Blue Moissanite Solitaire Ring – Anniversary Gift Idea 18K Gold Plated Verm 18K Gold Plated,18K Gold Plated Vermeil / 9,,4200.00,5099.99,Yes
9920628523256,48966910279928,ACTIVE,2.90 ct DEW Blue Moissanite Solitaire Ring – Anniversary Gift Idea 18K Gold Plated Verm 18K Gold Plated,18K Gold Plated Vermeil / 10,,4200.00,5099.99,Yes
9920628588792,48966910345464,ACTIVE,5.20 ct DEW Blue Moissanite Radiant Ring – Wedding or Birthday Gift 18K Gold Plated Ver 18K Gold Plated,18K Gold Plated Vermeil / 7,GH-MOI-00670,7000.00,7000.00,No (reverted)
9920628588792,48966910378232,ACTIVE,5.20 ct DEW Blue Moissanite Radiant Ring – Wedding or Birthday Gift 18K Gold Plated Ver 18K Gold Plated,18K Gold Plated Vermeil / 5,,7000.00,7000.00,No (reverted)
9920628588792,48966910411000,ACTIVE,5.20 ct DEW Blue Moissanite Radiant Ring – Wedding or Birthday Gift 18K Gold Plated Ver 18K Gold Plated,18K Gold Plated Vermeil / 6,,7000.00,7000.00,No (reverted)
9920628588792,48966910443768,ACTIVE,5.20 ct DEW Blue Moissanite Radiant Ring – Wedding or Birthday Gift 18K Gold Plated Ver 18K Gold Plated,18K Gold Plated Vermeil / 8,,7000.00,7000.00,No (reverted)
9920628588792,48966910476536,ACTIVE,5.20 ct DEW Blue Moissanite Radiant Ring – Wedding or Birthday Gift 18K Gold Plated Ver 18K Gold Plated,18K Gold Plated Vermeil / 9,,7000.00,7000.00,No (reverted)
9920628588792,48966910509304,ACTIVE,5.20 ct DEW Blue Moissanite Radiant Ring – Wedding or Birthday Gift 18K Gold Plated Ver 18K Gold Plated,18K Gold Plated Vermeil / 10,,7000.00,7000.00,No (reverted)
9920628654328,48966910935288,ACTIVE,3.18 ct DEW Off White Moissanite Ring Gift for Women – Christmas Sale 18K Gold Plated V 18K Gold Plated,18K Gold Plated Vermeil / 7,GH-MOI-00669,5600.00,6799.99,Yes
9920628654328,48966910968056,ACTIVE,3.18 ct DEW Off White Moissanite Ring Gift for Women – Christmas Sale 18K Gold Plated V 18K Gold Plated,18K Gold Plated Vermeil / 5,,5600.00,6799.99,Yes
9920628654328,48966911000824,ACTIVE,3.18 ct DEW Off White Moissanite Ring Gift for Women – Christmas Sale 18K Gold Plated V 18K Gold Plated,18K Gold Plated Vermeil / 6,,5600.00,6799.99,Yes
9920628654328,48966911033592,ACTIVE,3.18 ct DEW Off White Moissanite Ring Gift for Women – Christmas Sale 18K Gold Plated V 18K Gold Plated,18K Gold Plated Vermeil / 8,,5600.00,6799.99,Yes
9920628654328,48966911066360,ACTIVE,3.18 ct DEW Off White Moissanite Ring Gift for Women – Christmas Sale 18K Gold Plated V 18K Gold Plated,18K Gold Plated Vermeil / 9,,5600.00,6799.99,Yes
9920628654328,48966911099128,ACTIVE,3.18 ct DEW Off White Moissanite Ring Gift for Women – Christmas Sale 18K Gold Plated V 18K Gold Plated,18K Gold Plated Vermeil / 10,,5600.00,6799.99,Yes
9920628687096,48966911131896,ACTIVE,2.50 Cts White Round Cut Certified Moissanite Solitaire Rings 18K Gold Plated Verme 18K Gold Plated,18K Gold Plated Vermeil / 7,GH-MOI-00668,4200.00,5099.99,Yes
9920628687096,48966911164664,ACTIVE,2.50 Cts White Round Cut Certified Moissanite Solitaire Rings 18K Gold Plated Verme 18K Gold Plated,18K Gold Plated Vermeil / 5,,4200.00,5099.99,Yes
9920628687096,48966911197432,ACTIVE,2.50 Cts White Round Cut Certified Moissanite Solitaire Rings 18K Gold Plated Verme 18K Gold Plated,18K Gold Plated Vermeil / 6,,4200.00,5099.99,Yes
9920628687096,48966911230200,ACTIVE,2.50 Cts White Round Cut Certified Moissanite Solitaire Rings 18K Gold Plated Verme 18K Gold Plated,18K Gold Plated Vermeil / 8,,4200.00,5099.99,Yes
9920628687096,48966911262968,ACTIVE,2.50 Cts White Round Cut Certified Moissanite Solitaire Rings 18K Gold Plated Verme 18K Gold Plated,18K Gold Plated Vermeil / 9,,4200.00,5099.99,Yes
9920628687096,48966911295736,ACTIVE,2.50 Cts White Round Cut Certified Moissanite Solitaire Rings 18K Gold Plated Verme 18K Gold Plated,18K Gold Plated Vermeil / 10,,4200.00,5099.99,Yes
9920628752632,48966911721720,ACTIVE,16.50 ct DEW Marquise Cut White Moissanite Ring 18K Gold Plated,18K Gold Plated Vermeil / 7,GH-MOI-00667,18200.00,18200.00,No (reverted)
9920628752632,48966911754488,ACTIVE,16.50 ct DEW Marquise Cut White Moissanite Ring 18K Gold Plated,18K Gold Plated Vermeil / 5,,18200.00,18200.00,No (reverted)
9920628752632,48966911787256,ACTIVE,16.50 ct DEW Marquise Cut White Moissanite Ring 18K Gold Plated,18K Gold Plated Vermeil / 6,,18200.00,18200.00,No (reverted)
9920628752632,48966911820024,ACTIVE,16.50 ct DEW Marquise Cut White Moissanite Ring 18K Gold Plated,18K Gold Plated Vermeil / 8,,18200.00,18200.00,No (reverted)
9920628752632,48966911852792,ACTIVE,16.50 ct DEW Marquise Cut White Moissanite Ring 18K Gold Plated,18K Gold Plated Vermeil / 9,,18200.00,18200.00,No (reverted)
9920628752632,48966911885560,ACTIVE,16.50 ct DEW Marquise Cut White Moissanite Ring 18K Gold Plated,18K Gold Plated Vermeil / 10,,18200.00,18200.00,No (reverted)
9920628785400,48966911918328,ACTIVE,26.20 ct DEW Certified Emerald Cut Solitaire Big Moissanite Ring 18K Gold Plated Vermei 18K Gold Plated,18K Gold Plated Vermeil / 7,GH-MOI-00666,18200.00,18200.00,No (reverted)
9920628785400,48966911951096,ACTIVE,26.20 ct DEW Certified Emerald Cut Solitaire Big Moissanite Ring 18K Gold Plated Vermei 18K Gold Plated,18K Gold Plated Vermeil / 5,,18200.00,18200.00,No (reverted)
9920628785400,48966911983864,ACTIVE,26.20 ct DEW Certified Emerald Cut Solitaire Big Moissanite Ring 18K Gold Plated Vermei 18K Gold Plated,18K Gold Plated Vermeil / 6,,18200.00,18200.00,No (reverted)
9920628785400,48966912016632,ACTIVE,26.20 ct DEW Certified Emerald Cut Solitaire Big Moissanite Ring 18K Gold Plated Vermei 18K Gold Plated,18K Gold Plated Vermeil / 8,,18200.00,18200.00,No (reverted)
9920628785400,48966912049400,ACTIVE,26.20 ct DEW Certified Emerald Cut Solitaire Big Moissanite Ring 18K Gold Plated Vermei 18K Gold Plated,18K Gold Plated Vermeil / 9,,18200.00,18200.00,No (reverted)
9920628785400,48966912082168,ACTIVE,26.20 ct DEW Certified Emerald Cut Solitaire Big Moissanite Ring 18K Gold Plated Vermei 18K Gold Plated,18K Gold Plated Vermeil / 10,,18200.00,18200.00,No (reverted)
9920628818168,48966912114936,ACTIVE,6.10 ct DEW Certified Marquise Cut F VS1 CVD White Moissanite Solitaire Ring 18K Gold P 18K Gold Plated,18K Gold Plated Vermeil / 7,GH-MOI-00665,7700.00,7700.00,No (reverted)
9920628818168,48966912147704,ACTIVE,6.10 ct DEW Certified Marquise Cut F VS1 CVD White Moissanite Solitaire Ring 18K Gold P 18K Gold Plated,18K Gold Plated Vermeil / 5,,7700.00,7700.00,No (reverted)
9920628818168,48966912180472,ACTIVE,6.10 ct DEW Certified Marquise Cut F VS1 CVD White Moissanite Solitaire Ring 18K Gold P 18K Gold Plated,18K Gold Plated Vermeil / 6,,7700.00,7700.00,No (reverted)
9920628818168,48966912213240,ACTIVE,6.10 ct DEW Certified Marquise Cut F VS1 CVD White Moissanite Solitaire Ring 18K Gold P 18K Gold Plated,18K Gold Plated Vermeil / 8,,7700.00,7700.00,No (reverted)
9920628818168,48966912246008,ACTIVE,6.10 ct DEW Certified Marquise Cut F VS1 CVD White Moissanite Solitaire Ring 18K Gold P 18K Gold Plated,18K Gold Plated Vermeil / 9,,7700.00,7700.00,No (reverted)
9920628818168,48966912278776,ACTIVE,6.10 ct DEW Certified Marquise Cut F VS1 CVD White Moissanite Solitaire Ring 18K Gold P 18K Gold Plated,18K Gold Plated Vermeil / 10,,7700.00,7700.00,No (reverted)
9920628883704,48966912704760,ACTIVE,2.90 ct DEW Certified Round Cut F VS1 White Moissanite Ring In For Love 18K Gold Plated,18K Gold Plated Vermeil / 7,GH-MOI-00664,4200.00,5099.99,Yes
9920628883704,48966912737528,ACTIVE,2.90 ct DEW Certified Round Cut F VS1 White Moissanite Ring In For Love 18K Gold Plated,18K Gold Plated Vermeil / 5,,4200.00,5099.99,Yes
9920628883704,48966912770296,ACTIVE,2.90 ct DEW Certified Round Cut F VS1 White Moissanite Ring In For Love 18K Gold Plated,18K Gold Plated Vermeil / 6,,4200.00,5099.99,Yes
9920628883704,48966912803064,ACTIVE,2.90 ct DEW Certified Round Cut F VS1 White Moissanite Ring In For Love 18K Gold Plated,18K Gold Plated Vermeil / 8,,4200.00,5099.99,Yes
9920628883704,48966912835832,ACTIVE,2.90 ct DEW Certified Round Cut F VS1 White Moissanite Ring In For Love 18K Gold Plated,18K Gold Plated Vermeil / 9,,4200.00,5099.99,Yes
9920628883704,48966912868600,ACTIVE,2.90 ct DEW Certified Round Cut F VS1 White Moissanite Ring In For Love 18K Gold Plated,18K Gold Plated Vermeil / 10,,4200.00,5099.99,Yes
9920628916472,48966912901368,ACTIVE,7.30 ct DEW Certified Blue Moissanite Emerald Cut Solitaire Ring Ring 18K Gold Plated V 18K Gold Plated,18K Gold Plated Vermeil / 7,GH-MOI-00663,7000.00,7000.00,No (reverted)
9920628916472,48966912934136,ACTIVE,7.30 ct DEW Certified Blue Moissanite Emerald Cut Solitaire Ring Ring 18K Gold Plated V 18K Gold Plated,18K Gold Plated Vermeil / 5,,7000.00,7000.00,No (reverted)
9920628916472,48966912966904,ACTIVE,7.30 ct DEW Certified Blue Moissanite Emerald Cut Solitaire Ring Ring 18K Gold Plated V 18K Gold Plated,18K Gold Plated Vermeil / 6,,7000.00,7000.00,No (reverted)
9920628916472,48966912999672,ACTIVE,7.30 ct DEW Certified Blue Moissanite Emerald Cut Solitaire Ring Ring 18K Gold Plated V 18K Gold Plated,18K Gold Plated Vermeil / 8,,7000.00,7000.00,No (reverted)
9920628916472,48966913032440,ACTIVE,7.30 ct DEW Certified Blue Moissanite Emerald Cut Solitaire Ring Ring 18K Gold Plated V 18K Gold Plated,18K Gold Plated Vermeil / 9,,7000.00,7000.00,No (reverted)
9920628916472,48966913065208,ACTIVE,7.30 ct DEW Certified Blue Moissanite Emerald Cut Solitaire Ring Ring 18K Gold Plated V 18K Gold Plated,18K Gold Plated Vermeil / 10,,7000.00,7000.00,No (reverted)
9920629047544,48966913786104,ACTIVE,3.20 ct DEW Certified Round Cut White Moissanite Ring In For Engagement 18K Gold Plated,18K Gold Plated Vermeil / 7,GH-MOI-00662,5600.00,6799.99,Yes
9920629047544,48966913818872,ACTIVE,3.20 ct DEW Certified Round Cut White Moissanite Ring In For Engagement 18K Gold Plated,18K Gold Plated Vermeil / 5,,5600.00,6799.99,Yes
9920629047544,48966913851640,ACTIVE,3.20 ct DEW Certified Round Cut White Moissanite Ring In For Engagement 18K Gold Plated,18K Gold Plated Vermeil / 6,,5600.00,6799.99,Yes
9920629047544,48966913884408,ACTIVE,3.20 ct DEW Certified Round Cut White Moissanite Ring In For Engagement 18K Gold Plated,18K Gold Plated Vermeil / 8,,5600.00,6799.99,Yes
9920629047544,48966913917176,ACTIVE,3.20 ct DEW Certified Round Cut White Moissanite Ring In For Engagement 18K Gold Plated,18K Gold Plated Vermeil / 9,,5600.00,6799.99,Yes
9920629047544,48966913949944,ACTIVE,3.20 ct DEW Certified Round Cut White Moissanite Ring In For Engagement 18K Gold Plated,18K Gold Plated Vermeil / 10,,5600.00,6799.99,Yes
9920629080312,48966913982712,ACTIVE,Certified 3.25 ct DEW Round Cut White Moissanite Solitaire Statement Ring 18K Gold Plat 18K Gold Plated,18K Gold Plated Vermeil / 7,GH-MOI-00661,4200.00,5099.99,Yes
9920629080312,48966914015480,ACTIVE,Certified 3.25 ct DEW Round Cut White Moissanite Solitaire Statement Ring 18K Gold Plat 18K Gold Plated,18K Gold Plated Vermeil / 5,,4200.00,5099.99,Yes
9920629080312,48966914048248,ACTIVE,Certified 3.25 ct DEW Round Cut White Moissanite Solitaire Statement Ring 18K Gold Plat 18K Gold Plated,18K Gold Plated Vermeil / 6,,4200.00,5099.99,Yes
9920629080312,48966914081016,ACTIVE,Certified 3.25 ct DEW Round Cut White Moissanite Solitaire Statement Ring 18K Gold Plat 18K Gold Plated,18K Gold Plated Vermeil / 8,,4200.00,5099.99,Yes
9920629080312,48966914113784,ACTIVE,Certified 3.25 ct DEW Round Cut White Moissanite Solitaire Statement Ring 18K Gold Plat 18K Gold Plated,18K Gold Plated Vermeil / 9,,4200.00,5099.99,Yes
9920629080312,48966914146552,ACTIVE,Certified 3.25 ct DEW Round Cut White Moissanite Solitaire Statement Ring 18K Gold Plat 18K Gold Plated,18K Gold Plated Vermeil / 10,,4200.00,5099.99,Yes
9920629113080,48966914179320,ACTIVE,9.00 ct DEW White Moissanite Emerald Cut Solitaire Ring For Wife 18K Gold Plated Vermei 18K Gold Plated,18K Gold Plated Vermeil / 7,GH-MOI-00660,9100.00,9100.00,No (reverted)
9920629113080,48966914212088,ACTIVE,9.00 ct DEW White Moissanite Emerald Cut Solitaire Ring For Wife 18K Gold Plated Vermei 18K Gold Plated,18K Gold Plated Vermeil / 5,,9100.00,9100.00,No (reverted)
9920629113080,48966914244856,ACTIVE,9.00 ct DEW White Moissanite Emerald Cut Solitaire Ring For Wife 18K Gold Plated Vermei 18K Gold Plated,18K Gold Plated Vermeil / 6,,9100.00,9100.00,No (reverted)
9920629113080,48966914277624,ACTIVE,9.00 ct DEW White Moissanite Emerald Cut Solitaire Ring For Wife 18K Gold Plated Vermei 18K Gold Plated,18K Gold Plated Vermeil / 8,,9100.00,9100.00,No (reverted)
9920629113080,48966914310392,ACTIVE,9.00 ct DEW White Moissanite Emerald Cut Solitaire Ring For Wife 18K Gold Plated Vermei 18K Gold Plated,18K Gold Plated Vermeil / 9,,9100.00,9100.00,No (reverted)
9920629113080,48966914343160,ACTIVE,9.00 ct DEW White Moissanite Emerald Cut Solitaire Ring For Wife 18K Gold Plated Vermei 18K Gold Plated,18K Gold Plated Vermeil / 10,,9100.00,9100.00,No (reverted)
9920629211384,48966915031288,ACTIVE,14.45 ct DEW Pear Cut White Moissanite Solitaire Ring For Wedding 18K Gold Plated Verme 18K Gold Plated,18K Gold Plated Vermeil / 7,GH-MOI-00659,16100.00,16100.00,No (reverted)
9920629211384,48966915064056,ACTIVE,14.45 ct DEW Pear Cut White Moissanite Solitaire Ring For Wedding 18K Gold Plated Verme 18K Gold Plated,18K Gold Plated Vermeil / 5,,16100.00,16100.00,No (reverted)
9920629211384,48966915096824,ACTIVE,14.45 ct DEW Pear Cut White Moissanite Solitaire Ring For Wedding 18K Gold Plated Verme 18K Gold Plated,18K Gold Plated Vermeil / 6,,16100.00,16100.00,No (reverted)
9920629211384,48966915129592,ACTIVE,14.45 ct DEW Pear Cut White Moissanite Solitaire Ring For Wedding 18K Gold Plated Verme 18K Gold Plated,18K Gold Plated Vermeil / 8,,16100.00,16100.00,No (reverted)
9920629211384,48966915162360,ACTIVE,14.45 ct DEW Pear Cut White Moissanite Solitaire Ring For Wedding 18K Gold Plated Verme 18K Gold Plated,18K Gold Plated Vermeil / 9,,16100.00,16100.00,No (reverted)
9920629211384,48966915195128,ACTIVE,14.45 ct DEW Pear Cut White Moissanite Solitaire Ring For Wedding 18K Gold Plated Verme 18K Gold Plated,18K Gold Plated Vermeil / 10,,16100.00,16100.00,No (reverted)
9920629244152,48966915227896,ACTIVE,14.50 ct DEW White Emerald Cut Moissanite Ring 18K Gold Plated,18K Gold Plated Vermeil / 7,GH-MOI-00658,16100.00,16100.00,No (reverted)
9920629244152,48966915260664,ACTIVE,14.50 ct DEW White Emerald Cut Moissanite Ring 18K Gold Plated,18K Gold Plated Vermeil / 5,,16100.00,16100.00,No (reverted)
9920629244152,48966915293432,ACTIVE,14.50 ct DEW White Emerald Cut Moissanite Ring 18K Gold Plated,18K Gold Plated Vermeil / 6,,16100.00,16100.00,No (reverted)
9920629244152,48966915326200,ACTIVE,14.50 ct DEW White Emerald Cut Moissanite Ring 18K Gold Plated,18K Gold Plated Vermeil / 8,,16100.00,16100.00,No (reverted)
9920629244152,48966915358968,ACTIVE,14.50 ct DEW White Emerald Cut Moissanite Ring 18K Gold Plated,18K Gold Plated Vermeil / 9,,16100.00,16100.00,No (reverted)
9920629244152,48966915391736,ACTIVE,14.50 ct DEW White Emerald Cut Moissanite Ring 18K Gold Plated,18K Gold Plated Vermeil / 10,,16100.00,16100.00,No (reverted)
9920629342456,48966915850488,ACTIVE,8.60 ct DEW White Brilliant Cut Moissanite Solitaire Ring Women 18K Gold Plated,18K Gold Plated Vermeil / 7,GH-MOI-00657,9100.00,9100.00,No (reverted)
9920629342456,48966915883256,ACTIVE,8.60 ct DEW White Brilliant Cut Moissanite Solitaire Ring Women 18K Gold Plated,18K Gold Plated Vermeil / 5,,9100.00,9100.00,No (reverted)
9920629342456,48966915916024,ACTIVE,8.60 ct DEW White Brilliant Cut Moissanite Solitaire Ring Women 18K Gold Plated,18K Gold Plated Vermeil / 6,,9100.00,9100.00,No (reverted)
9920629342456,48966915948792,ACTIVE,8.60 ct DEW White Brilliant Cut Moissanite Solitaire Ring Women 18K Gold Plated,18K Gold Plated Vermeil / 8,,9100.00,9100.00,No (reverted)
9920629342456,48966915981560,ACTIVE,8.60 ct DEW White Brilliant Cut Moissanite Solitaire Ring Women 18K Gold Plated,18K Gold Plated Vermeil / 9,,9100.00,9100.00,No (reverted)
9920629342456,48966916014328,ACTIVE,8.60 ct DEW White Brilliant Cut Moissanite Solitaire Ring Women 18K Gold Plated,18K Gold Plated Vermeil / 10,,9100.00,9100.00,No (reverted)
9920629375224,48966916047096,ACTIVE,6.75 ct DEW Cushion Cut White Moissanite Ring 18K Gold Plated,18K Gold Plated Vermeil / 7,GH-MOI-00656,7000.00,7000.00,No (reverted)
9920629375224,48966916079864,ACTIVE,6.75 ct DEW Cushion Cut White Moissanite Ring 18K Gold Plated,18K Gold Plated Vermeil / 5,,7000.00,7000.00,No (reverted)
9920629375224,48966916112632,ACTIVE,6.75 ct DEW Cushion Cut White Moissanite Ring 18K Gold Plated,18K Gold Plated Vermeil / 6,,7000.00,7000.00,No (reverted)
9920629375224,48966916145400,ACTIVE,6.75 ct DEW Cushion Cut White Moissanite Ring 18K Gold Plated,18K Gold Plated Vermeil / 8,,7000.00,7000.00,No (reverted)
9920629375224,48966916178168,ACTIVE,6.75 ct DEW Cushion Cut White Moissanite Ring 18K Gold Plated,18K Gold Plated Vermeil / 9,,7000.00,7000.00,No (reverted)
9920629375224,48966916210936,ACTIVE,6.75 ct DEW Cushion Cut White Moissanite Ring 18K Gold Plated,18K Gold Plated Vermeil / 10,,7000.00,7000.00,No (reverted)
9920629473528,48966917652728,ACTIVE,5.20 ct DEW Certified Round Cut F VS1 Moissanite Ring For Gift 18K Gold Plated,18K Gold Plated Vermeil / 7,GH-MOI-00655,5600.00,6799.99,Yes
9920629473528,48966917685496,ACTIVE,5.20 ct DEW Certified Round Cut F VS1 Moissanite Ring For Gift 18K Gold Plated,18K Gold Plated Vermeil / 5,,5600.00,6799.99,Yes
9920629473528,48966917718264,ACTIVE,5.20 ct DEW Certified Round Cut F VS1 Moissanite Ring For Gift 18K Gold Plated,18K Gold Plated Vermeil / 6,,5600.00,6799.99,Yes
9920629473528,48966917751032,ACTIVE,5.20 ct DEW Certified Round Cut F VS1 Moissanite Ring For Gift 18K Gold Plated,18K Gold Plated Vermeil / 8,,5600.00,6799.99,Yes
9920629473528,48966917783800,ACTIVE,5.20 ct DEW Certified Round Cut F VS1 Moissanite Ring For Gift 18K Gold Plated,18K Gold Plated Vermeil / 9,,5600.00,6799.99,Yes
9920629473528,48966917816568,ACTIVE,5.20 ct DEW Certified Round Cut F VS1 Moissanite Ring For Gift 18K Gold Plated,18K Gold Plated Vermeil / 10,,5600.00,6799.99,Yes
9920629506296,48966917849336,ACTIVE,43.50 ct DEW Large Certified F VS1 White Moissanite Solitaire Ring In 18K Gold Plated V 18K Gold Plated,18K Gold Plated Vermeil / 7,GH-MOI-00654,36400.00,36400.00,No (reverted)
9920629506296,48966917882104,ACTIVE,43.50 ct DEW Large Certified F VS1 White Moissanite Solitaire Ring In 18K Gold Plated V 18K Gold Plated,18K Gold Plated Vermeil / 5,,36400.00,36400.00,No (reverted)
9920629506296,48966917914872,ACTIVE,43.50 ct DEW Large Certified F VS1 White Moissanite Solitaire Ring In 18K Gold Plated V 18K Gold Plated,18K Gold Plated Vermeil / 6,,36400.00,36400.00,No (reverted)
9920629506296,48966917947640,ACTIVE,43.50 ct DEW Large Certified F VS1 White Moissanite Solitaire Ring In 18K Gold Plated V 18K Gold Plated,18K Gold Plated Vermeil / 8,,36400.00,36400.00,No (reverted)
9920629506296,48966917980408,ACTIVE,43.50 ct DEW Large Certified F VS1 White Moissanite Solitaire Ring In 18K Gold Plated V 18K Gold Plated,18K Gold Plated Vermeil / 9,,36400.00,36400.00,No (reverted)
9920629506296,48966918013176,ACTIVE,43.50 ct DEW Large Certified F VS1 White Moissanite Solitaire Ring In 18K Gold Plated V 18K Gold Plated,18K Gold Plated Vermeil / 10,,36400.00,36400.00,No (reverted)
9920629539064,48966918045944,ACTIVE,2.75 ct DEW Round Cut Blue Moissanite Engagement Solitaire Ring In 18K Gold Plated Verm 18K Gold Plated,18K Gold Plated Vermeil / 7,GH-MOI-00653,4200.00,5099.99,Yes
9920629539064,48966918078712,ACTIVE,2.75 ct DEW Round Cut Blue Moissanite Engagement Solitaire Ring In 18K Gold Plated Verm 18K Gold Plated,18K Gold Plated Vermeil / 5,,4200.00,5099.99,Yes
9920629539064,48966918111480,ACTIVE,2.75 ct DEW Round Cut Blue Moissanite Engagement Solitaire Ring In 18K Gold Plated Verm 18K Gold Plated,18K Gold Plated Vermeil / 6,,4200.00,5099.99,Yes
9920629539064,48966918144248,ACTIVE,2.75 ct DEW Round Cut Blue Moissanite Engagement Solitaire Ring In 18K Gold Plated Verm 18K Gold Plated,18K Gold Plated Vermeil / 8,,4200.00,5099.99,Yes
9920629539064,48966918177016,ACTIVE,2.75 ct DEW Round Cut Blue Moissanite Engagement Solitaire Ring In 18K Gold Plated Verm 18K Gold Plated,18K Gold Plated Vermeil / 9,,4200.00,5099.99,Yes
9920629539064,48966918209784,ACTIVE,2.75 ct DEW Round Cut Blue Moissanite Engagement Solitaire Ring In 18K Gold Plated Verm 18K Gold Plated,18K Gold Plated Vermeil / 10,,4200.00,5099.99,Yes
9920629604600,48966918635768,ACTIVE,5.85 ct DEW Emerald Cut Blue Moissanite Ring 18K Gold Plated,18K Gold Plated Vermeil / 7,GH-MOI-00652,5600.00,6799.99,Yes
9920629604600,48966918668536,ACTIVE,5.85 ct DEW Emerald Cut Blue Moissanite Ring 18K Gold Plated,18K Gold Plated Vermeil / 5,,5600.00,6799.99,Yes
9920629604600,48966918701304,ACTIVE,5.85 ct DEW Emerald Cut Blue Moissanite Ring 18K Gold Plated,18K Gold Plated Vermeil / 6,,5600.00,6799.99,Yes
9920629604600,48966918734072,ACTIVE,5.85 ct DEW Emerald Cut Blue Moissanite Ring 18K Gold Plated,18K Gold Plated Vermeil / 8,,5600.00,6799.99,Yes
9920629604600,48966918766840,ACTIVE,5.85 ct DEW Emerald Cut Blue Moissanite Ring 18K Gold Plated,18K Gold Plated Vermeil / 9,,5600.00,6799.99,Yes
9920629604600,48966918799608,ACTIVE,5.85 ct DEW Emerald Cut Blue Moissanite Ring 18K Gold Plated,18K Gold Plated Vermeil / 10,,5600.00,6799.99,Yes
9920629637368,48966918832376,ACTIVE,11.20 ct DEW Certified Heart Cut Blue Moissanite Solitaire Ring In 18K Gold Plated Verm 18K Gold Plated,18K Gold Plated Vermeil / 7,GH-MOI-00651,8400.00,8400.00,No (reverted)
9920629637368,48966918865144,ACTIVE,11.20 ct DEW Certified Heart Cut Blue Moissanite Solitaire Ring In 18K Gold Plated Verm 18K Gold Plated,18K Gold Plated Vermeil / 5,,8400.00,8400.00,No (reverted)
9920629637368,48966918897912,ACTIVE,11.20 ct DEW Certified Heart Cut Blue Moissanite Solitaire Ring In 18K Gold Plated Verm 18K Gold Plated,18K Gold Plated Vermeil / 6,,8400.00,8400.00,No (reverted)
9920629637368,48966918930680,ACTIVE,11.20 ct DEW Certified Heart Cut Blue Moissanite Solitaire Ring In 18K Gold Plated Verm 18K Gold Plated,18K Gold Plated Vermeil / 8,,8400.00,8400.00,No (reverted)
9920629637368,48966918963448,ACTIVE,11.20 ct DEW Certified Heart Cut Blue Moissanite Solitaire Ring In 18K Gold Plated Verm 18K Gold Plated,18K Gold Plated Vermeil / 9,,8400.00,8400.00,No (reverted)
9920629637368,48966918996216,ACTIVE,11.20 ct DEW Certified Heart Cut Blue Moissanite Solitaire Ring In 18K Gold Plated Verm 18K Gold Plated,18K Gold Plated Vermeil / 10,,8400.00,8400.00,No (reverted)
9920629702904,48966919422200,ACTIVE,2.55 ct DEW Certified Round Cut F VS1 CVD White Moissanite Ring In 18K Gold Plated Verm 18K Gold Plated,18K Gold Plated Vermeil / 7,GH-MOI-00650,5600.00,6799.99,Yes
9920629702904,48966919454968,ACTIVE,2.55 ct DEW Certified Round Cut F VS1 CVD White Moissanite Ring In 18K Gold Plated Verm 18K Gold Plated,18K Gold Plated Vermeil / 5,,5600.00,6799.99,Yes
9920629702904,48966919487736,ACTIVE,2.55 ct DEW Certified Round Cut F VS1 CVD White Moissanite Ring In 18K Gold Plated Verm 18K Gold Plated,18K Gold Plated Vermeil / 6,,5600.00,6799.99,Yes
9920629702904,48966919520504,ACTIVE,2.55 ct DEW Certified Round Cut F VS1 CVD White Moissanite Ring In 18K Gold Plated Verm 18K Gold Plated,18K Gold Plated Vermeil / 8,,5600.00,6799.99,Yes
9920629702904,48966919553272,ACTIVE,2.55 ct DEW Certified Round Cut F VS1 CVD White Moissanite Ring In 18K Gold Plated Verm 18K Gold Plated,18K Gold Plated Vermeil / 9,,5600.00,6799.99,Yes
9920629702904,48966919586040,ACTIVE,2.55 ct DEW Certified Round Cut F VS1 CVD White Moissanite Ring In 18K Gold Plated Verm 18K Gold Plated,18K Gold Plated Vermeil / 10,,5600.00,6799.99,Yes
9920629735672,48966919618808,ACTIVE,2.50 ct DEW White Round Cut Certified Moissanite Solitaire Rings 18K Gold Plated Vermei 18K Gold Plated,18K Gold Plated Vermeil / 7,GH-MOI-00649,4200.00,5099.99,Yes
9920629735672,48966919651576,ACTIVE,2.50 ct DEW White Round Cut Certified Moissanite Solitaire Rings 18K Gold Plated Vermei 18K Gold Plated,18K Gold Plated Vermeil / 5,,4200.00,5099.99,Yes
9920629735672,48966919684344,ACTIVE,2.50 ct DEW White Round Cut Certified Moissanite Solitaire Rings 18K Gold Plated Vermei 18K Gold Plated,18K Gold Plated Vermeil / 6,,4200.00,5099.99,Yes
9920629735672,48966919717112,ACTIVE,2.50 ct DEW White Round Cut Certified Moissanite Solitaire Rings 18K Gold Plated Vermei 18K Gold Plated,18K Gold Plated Vermeil / 8,,4200.00,5099.99,Yes
9920629735672,48966919749880,ACTIVE,2.50 ct DEW White Round Cut Certified Moissanite Solitaire Rings 18K Gold Plated Vermei 18K Gold Plated,18K Gold Plated Vermeil / 9,,4200.00,5099.99,Yes
9920629735672,48966919782648,ACTIVE,2.50 ct DEW White Round Cut Certified Moissanite Solitaire Rings 18K Gold Plated Vermei 18K Gold Plated,18K Gold Plated Vermeil / 10,,4200.00,5099.99,Yes
9920629801208,48966920241400,ACTIVE,Certified 3.70 ct DEW White Moissanite Solitaire Statement Ring 18K Gold Plated,18K Gold Plated Vermeil / 7,GH-MOI-00648,4900.00,5899.99,Yes
9920629801208,48966920274168,ACTIVE,Certified 3.70 ct DEW White Moissanite Solitaire Statement Ring 18K Gold Plated,18K Gold Plated Vermeil / 5,,4900.00,5899.99,Yes
9920629801208,48966920306936,ACTIVE,Certified 3.70 ct DEW White Moissanite Solitaire Statement Ring 18K Gold Plated,18K Gold Plated Vermeil / 6,,4900.00,5899.99,Yes
9920629801208,48966920339704,ACTIVE,Certified 3.70 ct DEW White Moissanite Solitaire Statement Ring 18K Gold Plated,18K Gold Plated Vermeil / 8,,4900.00,5899.99,Yes
9920629801208,48966920372472,ACTIVE,Certified 3.70 ct DEW White Moissanite Solitaire Statement Ring 18K Gold Plated,18K Gold Plated Vermeil / 9,,4900.00,5899.99,Yes
9920629801208,48966920405240,ACTIVE,Certified 3.70 ct DEW White Moissanite Solitaire Statement Ring 18K Gold Plated,18K Gold Plated Vermeil / 10,,4900.00,5899.99,Yes
9920629866744,48966920438008,ACTIVE,2.50 ct DEW Certified White Moissanite Ring New Year Ring for Women 18K Gold Plated Ver 18K Gold Plated,18K Gold Plated Vermeil / 7,GH-MOI-00647,5600.00,6799.99,Yes
9920629866744,48966920470776,ACTIVE,2.50 ct DEW Certified White Moissanite Ring New Year Ring for Women 18K Gold Plated Ver 18K Gold Plated,18K Gold Plated Vermeil / 5,,5600.00,6799.99,Yes
9920629866744,48966920503544,ACTIVE,2.50 ct DEW Certified White Moissanite Ring New Year Ring for Women 18K Gold Plated Ver 18K Gold Plated,18K Gold Plated Vermeil / 6,,5600.00,6799.99,Yes
9920629866744,48966920536312,ACTIVE,2.50 ct DEW Certified White Moissanite Ring New Year Ring for Women 18K Gold Plated Ver 18K Gold Plated,18K Gold Plated Vermeil / 8,,5600.00,6799.99,Yes
9920629866744,48966920569080,ACTIVE,2.50 ct DEW Certified White Moissanite Ring New Year Ring for Women 18K Gold Plated Ver 18K Gold Plated,18K Gold Plated Vermeil / 9,,5600.00,6799.99,Yes
9920629866744,48966920601848,ACTIVE,2.50 ct DEW Certified White Moissanite Ring New Year Ring for Women 18K Gold Plated Ver 18K Gold Plated,18K Gold Plated Vermeil / 10,,5600.00,6799.99,Yes
9920629899512,48966920634616,ACTIVE,3.50 ct DEW Certified Round Cut Moissanite Holiday Ring for Her 18K Gold Plated,18K Gold Plated Vermeil / 7,GH-MOI-00646,4200.00,5099.99,Yes
9920629899512,48966920667384,ACTIVE,3.50 ct DEW Certified Round Cut Moissanite Holiday Ring for Her 18K Gold Plated,18K Gold Plated Vermeil / 5,,4200.00,5099.99,Yes
9920629899512,48966920700152,ACTIVE,3.50 ct DEW Certified Round Cut Moissanite Holiday Ring for Her 18K Gold Plated,18K Gold Plated Vermeil / 6,,4200.00,5099.99,Yes
9920629899512,48966920732920,ACTIVE,3.50 ct DEW Certified Round Cut Moissanite Holiday Ring for Her 18K Gold Plated,18K Gold Plated Vermeil / 8,,4200.00,5099.99,Yes
9920629899512,48966920765688,ACTIVE,3.50 ct DEW Certified Round Cut Moissanite Holiday Ring for Her 18K Gold Plated,18K Gold Plated Vermeil / 9,,4200.00,5099.99,Yes
9920629899512,48966920798456,ACTIVE,3.50 ct DEW Certified Round Cut Moissanite Holiday Ring for Her 18K Gold Plated,18K Gold Plated Vermeil / 10,,4200.00,5099.99,Yes
9920629965048,48966921224440,ACTIVE,9 ct DEW Certified White Moissanite Solitaire Ring Valentine's Day Gift 18K Gold Plated,18K Gold Plated Vermeil / 7,GH-MOI-00645,7000.00,7000.00,No (reverted)
9920629965048,48966921257208,ACTIVE,9 ct DEW Certified White Moissanite Solitaire Ring Valentine's Day Gift 18K Gold Plated,18K Gold Plated Vermeil / 5,,7000.00,7000.00,No (reverted)
9920629965048,48966921289976,ACTIVE,9 ct DEW Certified White Moissanite Solitaire Ring Valentine's Day Gift 18K Gold Plated,18K Gold Plated Vermeil / 6,,7000.00,7000.00,No (reverted)
9920629965048,48966921322744,ACTIVE,9 ct DEW Certified White Moissanite Solitaire Ring Valentine's Day Gift 18K Gold Plated,18K Gold Plated Vermeil / 8,,7000.00,7000.00,No (reverted)
9920629965048,48966921355512,ACTIVE,9 ct DEW Certified White Moissanite Solitaire Ring Valentine's Day Gift 18K Gold Plated,18K Gold Plated Vermeil / 9,,7000.00,7000.00,No (reverted)
9920629965048,48966921388280,ACTIVE,9 ct DEW Certified White Moissanite Solitaire Ring Valentine's Day Gift 18K Gold Plated,18K Gold Plated Vermeil / 10,,7000.00,7000.00,No (reverted)
9920629997816,48966921421048,ACTIVE,2.52 ct DEW Emerald Cut Certified F VS1 White Moissanite Ring For Lady 18K Gold Plated 18K Gold Plated,18K Gold Plated Vermeil / 7,GH-MOI-00644,4900.00,5899.99,Yes
9920629997816,48966921453816,ACTIVE,2.52 ct DEW Emerald Cut Certified F VS1 White Moissanite Ring For Lady 18K Gold Plated 18K Gold Plated,18K Gold Plated Vermeil / 5,,4900.00,5899.99,Yes
9920629997816,48966921486584,ACTIVE,2.52 ct DEW Emerald Cut Certified F VS1 White Moissanite Ring For Lady 18K Gold Plated 18K Gold Plated,18K Gold Plated Vermeil / 6,,4900.00,5899.99,Yes
9920629997816,48966921519352,ACTIVE,2.52 ct DEW Emerald Cut Certified F VS1 White Moissanite Ring For Lady 18K Gold Plated 18K Gold Plated,18K Gold Plated Vermeil / 8,,4900.00,5899.99,Yes
9920629997816,48966921552120,ACTIVE,2.52 ct DEW Emerald Cut Certified F VS1 White Moissanite Ring For Lady 18K Gold Plated 18K Gold Plated,18K Gold Plated Vermeil / 9,,4900.00,5899.99,Yes
9920629997816,48966921584888,ACTIVE,2.52 ct DEW Emerald Cut Certified F VS1 White Moissanite Ring For Lady 18K Gold Plated 18K Gold Plated,18K Gold Plated Vermeil / 10,,4900.00,5899.99,Yes
9920630063352,48966922010872,ACTIVE,3 ct DEW Certified Marquise Cut White Moissanite Solitaire Ring For Daughter 18K Gold P 18K Gold Plated,18K Gold Plated Vermeil / 7,GH-MOI-00643,5600.00,6799.99,Yes
9920630063352,48966922043640,ACTIVE,3 ct DEW Certified Marquise Cut White Moissanite Solitaire Ring For Daughter 18K Gold P 18K Gold Plated,18K Gold Plated Vermeil / 5,,5600.00,6799.99,Yes
9920630063352,48966922076408,ACTIVE,3 ct DEW Certified Marquise Cut White Moissanite Solitaire Ring For Daughter 18K Gold P 18K Gold Plated,18K Gold Plated Vermeil / 6,,5600.00,6799.99,Yes
9920630063352,48966922109176,ACTIVE,3 ct DEW Certified Marquise Cut White Moissanite Solitaire Ring For Daughter 18K Gold P 18K Gold Plated,18K Gold Plated Vermeil / 8,,5600.00,6799.99,Yes
9920630063352,48966922141944,ACTIVE,3 ct DEW Certified Marquise Cut White Moissanite Solitaire Ring For Daughter 18K Gold P 18K Gold Plated,18K Gold Plated Vermeil / 9,,5600.00,6799.99,Yes
9920630063352,48966922174712,ACTIVE,3 ct DEW Certified Marquise Cut White Moissanite Solitaire Ring For Daughter 18K Gold P 18K Gold Plated,18K Gold Plated Vermeil / 10,,5600.00,6799.99,Yes
9920630096120,48966922207480,ACTIVE,2.90 ct DEW Certified Emerald Cut Solitaire White Moissanite Ring For Women 18K Gold Plated,18K Gold Plated Vermeil / 7,GH-MOI-00642,4900.00,5899.99,Yes
9920630096120,48966922240248,ACTIVE,2.90 ct DEW Certified Emerald Cut Solitaire White Moissanite Ring For Women 18K Gold Plated,18K Gold Plated Vermeil / 5,,4900.00,5899.99,Yes
9920630096120,48966922273016,ACTIVE,2.90 ct DEW Certified Emerald Cut Solitaire White Moissanite Ring For Women 18K Gold Plated,18K Gold Plated Vermeil / 6,,4900.00,5899.99,Yes
9920630096120,48966922305784,ACTIVE,2.90 ct DEW Certified Emerald Cut Solitaire White Moissanite Ring For Women 18K Gold Plated,18K Gold Plated Vermeil / 8,,4900.00,5899.99,Yes
9920630096120,48966922338552,ACTIVE,2.90 ct DEW Certified Emerald Cut Solitaire White Moissanite Ring For Women 18K Gold Plated,18K Gold Plated Vermeil / 9,,4900.00,5899.99,Yes
9920630096120,48966922371320,ACTIVE,2.90 ct DEW Certified Emerald Cut Solitaire White Moissanite Ring For Women 18K Gold Plated,18K Gold Plated Vermeil / 10,,4900.00,5899.99,Yes
9920630194424,48966922830072,ACTIVE,1.30 ct DEW Certified Cushion Cut White Moissanite Solitaire Ring For Wife 18K Gold Pla 18K Gold Plated,18K Gold Plated Vermeil / 7,GH-MOI-00641,4200.00,5099.99,Yes
9920630194424,48966922862840,ACTIVE,1.30 ct DEW Certified Cushion Cut White Moissanite Solitaire Ring For Wife 18K Gold Pla 18K Gold Plated,18K Gold Plated Vermeil / 5,,4200.00,5099.99,Yes
9920630194424,48966922895608,ACTIVE,1.30 ct DEW Certified Cushion Cut White Moissanite Solitaire Ring For Wife 18K Gold Pla 18K Gold Plated,18K Gold Plated Vermeil / 6,,4200.00,5099.99,Yes
9920630194424,48966922928376,ACTIVE,1.30 ct DEW Certified Cushion Cut White Moissanite Solitaire Ring For Wife 18K Gold Pla 18K Gold Plated,18K Gold Plated Vermeil / 8,,4200.00,5099.99,Yes
9920630194424,48966922961144,ACTIVE,1.30 ct DEW Certified Cushion Cut White Moissanite Solitaire Ring For Wife 18K Gold Pla 18K Gold Plated,18K Gold Plated Vermeil / 9,,4200.00,5099.99,Yes
9920630194424,48966922993912,ACTIVE,1.30 ct DEW Certified Cushion Cut White Moissanite Solitaire Ring For Wife 18K Gold Pla 18K Gold Plated,18K Gold Plated Vermeil / 10,,4200.00,5099.99,Yes
9920630227192,48966923026680,ACTIVE,3.10 ct DEW Certified Round Cut Moissanite Solitaire Ring Special Occasion 18K Gold Pla 18K Gold Plated,18K Gold Plated Vermeil / 7,GH-MOI-00640,4900.00,5899.99,Yes
9920630227192,48966923059448,ACTIVE,3.10 ct DEW Certified Round Cut Moissanite Solitaire Ring Special Occasion 18K Gold Pla 18K Gold Plated,18K Gold Plated Vermeil / 5,,4900.00,5899.99,Yes
9920630227192,48966923092216,ACTIVE,3.10 ct DEW Certified Round Cut Moissanite Solitaire Ring Special Occasion 18K Gold Pla 18K Gold Plated,18K Gold Plated Vermeil / 6,,4900.00,5899.99,Yes
9920630227192,48966923124984,ACTIVE,3.10 ct DEW Certified Round Cut Moissanite Solitaire Ring Special Occasion 18K Gold Pla 18K Gold Plated,18K Gold Plated Vermeil / 8,,4900.00,5899.99,Yes
9920630227192,48966923157752,ACTIVE,3.10 ct DEW Certified Round Cut Moissanite Solitaire Ring Special Occasion 18K Gold Pla 18K Gold Plated,18K Gold Plated Vermeil / 9,,4900.00,5899.99,Yes
9920630227192,48966923190520,ACTIVE,3.10 ct DEW Certified Round Cut Moissanite Solitaire Ring Special Occasion 18K Gold Pla 18K Gold Plated,18K Gold Plated Vermeil / 10,,4900.00,5899.99,Yes
9920630259960,48966923649272,ACTIVE,3.5 ct DEW Certified White Round Cut Moissanite Solitaire Ring Romantic Gift 18K Gold P 18K Gold Plated,18K Gold Plated Vermeil / 7,GH-MOI-00639,5600.00,6799.99,Yes
9920630259960,48966923682040,ACTIVE,3.5 ct DEW Certified White Round Cut Moissanite Solitaire Ring Romantic Gift 18K Gold P 18K Gold Plated,18K Gold Plated Vermeil / 5,,5600.00,6799.99,Yes
9920630259960,48966923714808,ACTIVE,3.5 ct DEW Certified White Round Cut Moissanite Solitaire Ring Romantic Gift 18K Gold P 18K Gold Plated,18K Gold Plated Vermeil / 6,,5600.00,6799.99,Yes
9920630259960,48966923747576,ACTIVE,3.5 ct DEW Certified White Round Cut Moissanite Solitaire Ring Romantic Gift 18K Gold P 18K Gold Plated,18K Gold Plated Vermeil / 8,,5600.00,6799.99,Yes
9920630259960,48966923780344,ACTIVE,3.5 ct DEW Certified White Round Cut Moissanite Solitaire Ring Romantic Gift 18K Gold P 18K Gold Plated,18K Gold Plated Vermeil / 9,,5600.00,6799.99,Yes
9920630259960,48966923813112,ACTIVE,3.5 ct DEW Certified White Round Cut Moissanite Solitaire Ring Romantic Gift 18K Gold P 18K Gold Plated,18K Gold Plated Vermeil / 10,,5600.00,6799.99,Yes
9920630391032,48966923911416,ACTIVE,Certified 2.55 ct DEW White Round Moissanite Solitaire Ring in New Year Gift 18K Gold P 18K Gold Plated,18K Gold Plated Vermeil / 7,GH-MOI-00638,4200.00,5099.99,Yes
9920630391032,48966923944184,ACTIVE,Certified 2.55 ct DEW White Round Moissanite Solitaire Ring in New Year Gift 18K Gold P 18K Gold Plated,18K Gold Plated Vermeil / 5,,4200.00,5099.99,Yes
9920630391032,48966923976952,ACTIVE,Certified 2.55 ct DEW White Round Moissanite Solitaire Ring in New Year Gift 18K Gold P 18K Gold Plated,18K Gold Plated Vermeil / 6,,4200.00,5099.99,Yes
9920630391032,48966924009720,ACTIVE,Certified 2.55 ct DEW White Round Moissanite Solitaire Ring in New Year Gift 18K Gold P 18K Gold Plated,18K Gold Plated Vermeil / 8,,4200.00,5099.99,Yes
9920630391032,48966924042488,ACTIVE,Certified 2.55 ct DEW White Round Moissanite Solitaire Ring in New Year Gift 18K Gold P 18K Gold Plated,18K Gold Plated Vermeil / 9,,4200.00,5099.99,Yes
9920630391032,48966924075256,ACTIVE,Certified 2.55 ct DEW White Round Moissanite Solitaire Ring in New Year Gift 18K Gold P 18K Gold Plated,18K Gold Plated Vermeil / 10,,4200.00,5099.99,Yes
9920630423800,48966924108024,ACTIVE,3.20 ct DEW Certified Round Cut Off White Moissanite Ring In Birthday Gift 18K Gold Pla 18K Gold Plated,18K Gold Plated Vermeil / 7,GH-MOI-00637,5600.00,6799.99,Yes
9920630423800,48966924140792,ACTIVE,3.20 ct DEW Certified Round Cut Off White Moissanite Ring In Birthday Gift 18K Gold Pla 18K Gold Plated,18K Gold Plated Vermeil / 5,,5600.00,6799.99,Yes
9920630423800,48966924173560,ACTIVE,3.20 ct DEW Certified Round Cut Off White Moissanite Ring In Birthday Gift 18K Gold Pla 18K Gold Plated,18K Gold Plated Vermeil / 6,,5600.00,6799.99,Yes
9920630423800,48966924206328,ACTIVE,3.20 ct DEW Certified Round Cut Off White Moissanite Ring In Birthday Gift 18K Gold Pla 18K Gold Plated,18K Gold Plated Vermeil / 8,,5600.00,6799.99,Yes
9920630423800,48966924239096,ACTIVE,3.20 ct DEW Certified Round Cut Off White Moissanite Ring In Birthday Gift 18K Gold Pla 18K Gold Plated,18K Gold Plated Vermeil / 9,,5600.00,6799.99,Yes
9920630423800,48966924271864,ACTIVE,3.20 ct DEW Certified Round Cut Off White Moissanite Ring In Birthday Gift 18K Gold Pla 18K Gold Plated,18K Gold Plated Vermeil / 10,,5600.00,6799.99,Yes
9920630522104,48966925779192,ACTIVE,9 ct DEW Certified White Moissanite Solitaire Ring. For Anniversary Gift 18K Gold Plate 18K Gold Plated,18K Gold Plated Vermeil / 7,GH-MOI-00636,7000.00,7000.00,No (reverted)
9920630522104,48966925811960,ACTIVE,9 ct DEW Certified White Moissanite Solitaire Ring. For Anniversary Gift 18K Gold Plate 18K Gold Plated,18K Gold Plated Vermeil / 5,,7000.00,7000.00,No (reverted)
9920630522104,48966925844728,ACTIVE,9 ct DEW Certified White Moissanite Solitaire Ring. For Anniversary Gift 18K Gold Plate 18K Gold Plated,18K Gold Plated Vermeil / 6,,7000.00,7000.00,No (reverted)
9920630522104,48966925877496,ACTIVE,9 ct DEW Certified White Moissanite Solitaire Ring. For Anniversary Gift 18K Gold Plate 18K Gold Plated,18K Gold Plated Vermeil / 8,,7000.00,7000.00,No (reverted)
9920630522104,48966925910264,ACTIVE,9 ct DEW Certified White Moissanite Solitaire Ring. For Anniversary Gift 18K Gold Plate 18K Gold Plated,18K Gold Plated Vermeil / 9,,7000.00,7000.00,No (reverted)
9920630522104,48966925943032,ACTIVE,9 ct DEW Certified White Moissanite Solitaire Ring. For Anniversary Gift 18K Gold Plate 18K Gold Plated,18K Gold Plated Vermeil / 10,,7000.00,7000.00,No (reverted)
9920630587640,48966926008568,ACTIVE,12.65 ct DEW Certified Emerald Cut Moissanite Solitaire Ring in For New Year 18K Gold P 18K Gold Plated,18K Gold Plated Vermeil / 7,GH-MOI-00635,10500.00,10500.00,No (reverted)
9920630587640,48966926041336,ACTIVE,12.65 ct DEW Certified Emerald Cut Moissanite Solitaire Ring in For New Year 18K Gold P 18K Gold Plated,18K Gold Plated Vermeil / 5,,10500.00,10500.00,No (reverted)
9920630587640,48966926074104,ACTIVE,12.65 ct DEW Certified Emerald Cut Moissanite Solitaire Ring in For New Year 18K Gold P 18K Gold Plated,18K Gold Plated Vermeil / 6,,10500.00,10500.00,No (reverted)
9920630587640,48966926106872,ACTIVE,12.65 ct DEW Certified Emerald Cut Moissanite Solitaire Ring in For New Year 18K Gold P 18K Gold Plated,18K Gold Plated Vermeil / 8,,10500.00,10500.00,No (reverted)
9920630587640,48966926139640,ACTIVE,12.65 ct DEW Certified Emerald Cut Moissanite Solitaire Ring in For New Year 18K Gold P 18K Gold Plated,18K Gold Plated Vermeil / 9,,10500.00,10500.00,No (reverted)
9920630587640,48966926172408,ACTIVE,12.65 ct DEW Certified Emerald Cut Moissanite Solitaire Ring in For New Year 18K Gold P 18K Gold Plated,18K Gold Plated Vermeil / 10,,10500.00,10500.00,No (reverted)
9920630653176,48966926663928,ACTIVE,12.20 ct DEW Ascher Cut Certified Blue Moissanite Ring For Someone Special Gift 18K Gol 18K Gold Plated,18K Gold Plated Vermeil / 7,GH-MOI-00634,10500.00,10500.00,No (reverted)
9920630653176,48966926696696,ACTIVE,12.20 ct DEW Ascher Cut Certified Blue Moissanite Ring For Someone Special Gift 18K Gol 18K Gold Plated,18K Gold Plated Vermeil / 5,,10500.00,10500.00,No (reverted)
9920630653176,48966926729464,ACTIVE,12.20 ct DEW Ascher Cut Certified Blue Moissanite Ring For Someone Special Gift 18K Gol 18K Gold Plated,18K Gold Plated Vermeil / 6,,10500.00,10500.00,No (reverted)
9920630653176,48966926762232,ACTIVE,12.20 ct DEW Ascher Cut Certified Blue Moissanite Ring For Someone Special Gift 18K Gol 18K Gold Plated,18K Gold Plated Vermeil / 8,,10500.00,10500.00,No (reverted)
9920630653176,48966926795000,ACTIVE,12.20 ct DEW Ascher Cut Certified Blue Moissanite Ring For Someone Special Gift 18K Gol 18K Gold Plated,18K Gold Plated Vermeil / 9,,10500.00,10500.00,No (reverted)
9920630653176,48966926827768,ACTIVE,12.20 ct DEW Ascher Cut Certified Blue Moissanite Ring For Someone Special Gift 18K Gol 18K Gold Plated,18K Gold Plated Vermeil / 10,,10500.00,10500.00,No (reverted)
9920630751480,48966926893304,ACTIVE,18.10 ct DEW Certified Radiant Cut Moissanite Ring For Birthday Gift Idea 18K Gold Plat 18K Gold Plated,18K Gold Plated Vermeil / 7,GH-MOI-00633,15400.00,15400.00,No (reverted)
9920630751480,48966926926072,ACTIVE,18.10 ct DEW Certified Radiant Cut Moissanite Ring For Birthday Gift Idea 18K Gold Plat 18K Gold Plated,18K Gold Plated Vermeil / 5,,15400.00,15400.00,No (reverted)
9920630751480,48966926958840,ACTIVE,18.10 ct DEW Certified Radiant Cut Moissanite Ring For Birthday Gift Idea 18K Gold Plat 18K Gold Plated,18K Gold Plated Vermeil / 6,,15400.00,15400.00,No (reverted)
9920630751480,48966926991608,ACTIVE,18.10 ct DEW Certified Radiant Cut Moissanite Ring For Birthday Gift Idea 18K Gold Plat 18K Gold Plated,18K Gold Plated Vermeil / 8,,15400.00,15400.00,No (reverted)
9920630751480,48966927024376,ACTIVE,18.10 ct DEW Certified Radiant Cut Moissanite Ring For Birthday Gift Idea 18K Gold Plat 18K Gold Plated,18K Gold Plated Vermeil / 9,,15400.00,15400.00,No (reverted)
9920630751480,48966927057144,ACTIVE,18.10 ct DEW Certified Radiant Cut Moissanite Ring For Birthday Gift Idea 18K Gold Plat 18K Gold Plated,18K Gold Plated Vermeil / 10,,15400.00,15400.00,No (reverted)
9920630784248,48966927089912,ACTIVE,2.80 ct DEW Certified Round Cut White Moissanite Solitaire Ring For Wife 18K Gold Plate 18K Gold Plated,18K Gold Plated Vermeil / 7,GH-MOI-00632,4200.00,5099.99,Yes
9920630784248,48966927122680,ACTIVE,2.80 ct DEW Certified Round Cut White Moissanite Solitaire Ring For Wife 18K Gold Plate 18K Gold Plated,18K Gold Plated Vermeil / 5,,4200.00,5099.99,Yes
9920630784248,48966927155448,ACTIVE,2.80 ct DEW Certified Round Cut White Moissanite Solitaire Ring For Wife 18K Gold Plate 18K Gold Plated,18K Gold Plated Vermeil / 6,,4200.00,5099.99,Yes
9920630784248,48966927188216,ACTIVE,2.80 ct DEW Certified Round Cut White Moissanite Solitaire Ring For Wife 18K Gold Plate 18K Gold Plated,18K Gold Plated Vermeil / 8,,4200.00,5099.99,Yes
9920630784248,48966927220984,ACTIVE,2.80 ct DEW Certified Round Cut White Moissanite Solitaire Ring For Wife 18K Gold Plate 18K Gold Plated,18K Gold Plated Vermeil / 9,,4200.00,5099.99,Yes
9920630784248,48966927253752,ACTIVE,2.80 ct DEW Certified Round Cut White Moissanite Solitaire Ring For Wife 18K Gold Plate 18K Gold Plated,18K Gold Plated Vermeil / 10,,4200.00,5099.99,Yes
9920630849784,48966927778040,ACTIVE,5.36 ct DEW Radiant Cut White Moissanite Solitaire Wedding Ring 18K Gold Plated,18K Gold Plated Vermeil / 7,GH-MOI-00631,6300.00,6300.00,No (reverted)
9920630849784,48966927810808,ACTIVE,5.36 ct DEW Radiant Cut White Moissanite Solitaire Wedding Ring 18K Gold Plated,18K Gold Plated Vermeil / 5,,6300.00,6300.00,No (reverted)
9920630849784,48966927843576,ACTIVE,5.36 ct DEW Radiant Cut White Moissanite Solitaire Wedding Ring 18K Gold Plated,18K Gold Plated Vermeil / 6,,6300.00,6300.00,No (reverted)
9920630849784,48966927876344,ACTIVE,5.36 ct DEW Radiant Cut White Moissanite Solitaire Wedding Ring 18K Gold Plated,18K Gold Plated Vermeil / 8,,6300.00,6300.00,No (reverted)
9920630849784,48966927909112,ACTIVE,5.36 ct DEW Radiant Cut White Moissanite Solitaire Wedding Ring 18K Gold Plated,18K Gold Plated Vermeil / 9,,6300.00,6300.00,No (reverted)
9920630849784,48966927941880,ACTIVE,5.36 ct DEW Radiant Cut White Moissanite Solitaire Wedding Ring 18K Gold Plated,18K Gold Plated Vermeil / 10,,6300.00,6300.00,No (reverted)
9920630915320,48966928367864,ACTIVE,4 ct DEW Certified Round Cut Champagne Moissanite Ring With Accents Wedding 18K Gold Plated,18K Gold Plated Vermeil / 7,GH-MOI-00630,4900.00,5899.99,Yes
9920630915320,48966928400632,ACTIVE,4 ct DEW Certified Round Cut Champagne Moissanite Ring With Accents Wedding 18K Gold Plated,18K Gold Plated Vermeil / 5,,4900.00,5899.99,Yes
9920630915320,48966928433400,ACTIVE,4 ct DEW Certified Round Cut Champagne Moissanite Ring With Accents Wedding 18K Gold Plated,18K Gold Plated Vermeil / 6,,4900.00,5899.99,Yes
9920630915320,48966928466168,ACTIVE,4 ct DEW Certified Round Cut Champagne Moissanite Ring With Accents Wedding 18K Gold Plated,18K Gold Plated Vermeil / 8,,4900.00,5899.99,Yes
9920630915320,48966928498936,ACTIVE,4 ct DEW Certified Round Cut Champagne Moissanite Ring With Accents Wedding 18K Gold Plated,18K Gold Plated Vermeil / 9,,4900.00,5899.99,Yes
9920630915320,48966928531704,ACTIVE,4 ct DEW Certified Round Cut Champagne Moissanite Ring With Accents Wedding 18K Gold Plated,18K Gold Plated Vermeil / 10,,4900.00,5899.99,Yes
9920630980856,48966928957688,ACTIVE,Certified 2.75 ct DEW Blue Moissanite Ring Round Cut In For Sister 18K Gold Plated Verm 18K Gold Plated,18K Gold Plated Vermeil / 7,GH-MOI-00629,4200.00,5099.99,Yes
9920630980856,48966928990456,ACTIVE,Certified 2.75 ct DEW Blue Moissanite Ring Round Cut In For Sister 18K Gold Plated Verm 18K Gold Plated,18K Gold Plated Vermeil / 5,,4200.00,5099.99,Yes
9920630980856,48966929023224,ACTIVE,Certified 2.75 ct DEW Blue Moissanite Ring Round Cut In For Sister 18K Gold Plated Verm 18K Gold Plated,18K Gold Plated Vermeil / 6,,4200.00,5099.99,Yes
9920630980856,48966929055992,ACTIVE,Certified 2.75 ct DEW Blue Moissanite Ring Round Cut In For Sister 18K Gold Plated Verm 18K Gold Plated,18K Gold Plated Vermeil / 8,,4200.00,5099.99,Yes
9920630980856,48966929088760,ACTIVE,Certified 2.75 ct DEW Blue Moissanite Ring Round Cut In For Sister 18K Gold Plated Verm 18K Gold Plated,18K Gold Plated Vermeil / 9,,4200.00,5099.99,Yes
9920630980856,48966929121528,ACTIVE,Certified 2.75 ct DEW Blue Moissanite Ring Round Cut In For Sister 18K Gold Plated Verm 18K Gold Plated,18K Gold Plated Vermeil / 10,,4200.00,5099.99,Yes
9920631111928,48966931251448,ACTIVE,18.65 ct DEW Emerald Cut Certified White Moissanite Ring For Mother's Day 18K Gold Plat 18K Gold Plated,18K Gold Plated Vermeil / 7,GH-MOI-00628,18200.00,18200.00,No (reverted)
9920631111928,48966931284216,ACTIVE,18.65 ct DEW Emerald Cut Certified White Moissanite Ring For Mother's Day 18K Gold Plat 18K Gold Plated,18K Gold Plated Vermeil / 5,,18200.00,18200.00,No (reverted)
9920631111928,48966931316984,ACTIVE,18.65 ct DEW Emerald Cut Certified White Moissanite Ring For Mother's Day 18K Gold Plat 18K Gold Plated,18K Gold Plated Vermeil / 6,,18200.00,18200.00,No (reverted)
9920631111928,48966931349752,ACTIVE,18.65 ct DEW Emerald Cut Certified White Moissanite Ring For Mother's Day 18K Gold Plat 18K Gold Plated,18K Gold Plated Vermeil / 8,,18200.00,18200.00,No (reverted)
9920631111928,48966931382520,ACTIVE,18.65 ct DEW Emerald Cut Certified White Moissanite Ring For Mother's Day 18K Gold Plat 18K Gold Plated,18K Gold Plated Vermeil / 9,,18200.00,18200.00,No (reverted)
9920631111928,48966931415288,ACTIVE,18.65 ct DEW Emerald Cut Certified White Moissanite Ring For Mother's Day 18K Gold Plat 18K Gold Plated,18K Gold Plated Vermeil / 10,,18200.00,18200.00,No (reverted)
9920631144696,48966931448056,ACTIVE,6.75 ct DEW Certified White Round Cut Moissanite Ring For Birthday Gift 18K Gold Plated 18K Gold Plated,18K Gold Plated Vermeil / 7,GH-MOI-00627,7000.00,7000.00,No (reverted)
9920631144696,48966931480824,ACTIVE,6.75 ct DEW Certified White Round Cut Moissanite Ring For Birthday Gift 18K Gold Plated 18K Gold Plated,18K Gold Plated Vermeil / 5,,7000.00,7000.00,No (reverted)
9920631144696,48966931513592,ACTIVE,6.75 ct DEW Certified White Round Cut Moissanite Ring For Birthday Gift 18K Gold Plated 18K Gold Plated,18K Gold Plated Vermeil / 6,,7000.00,7000.00,No (reverted)
9920631144696,48966931546360,ACTIVE,6.75 ct DEW Certified White Round Cut Moissanite Ring For Birthday Gift 18K Gold Plated 18K Gold Plated,18K Gold Plated Vermeil / 8,,7000.00,7000.00,No (reverted)
9920631144696,48966931579128,ACTIVE,6.75 ct DEW Certified White Round Cut Moissanite Ring For Birthday Gift 18K Gold Plated 18K Gold Plated,18K Gold Plated Vermeil / 9,,7000.00,7000.00,No (reverted)
9920631144696,48966931611896,ACTIVE,6.75 ct DEW Certified White Round Cut Moissanite Ring For Birthday Gift 18K Gold Plated 18K Gold Plated,18K Gold Plated Vermeil / 10,,7000.00,7000.00,No (reverted)
9920631210232,48966932037880,ACTIVE,8.30 ct DEW Certified Cushion Cut Blue Moissanite Solitaire Ring In 18K Gold Plated Ver 18K Gold Plated,18K Gold Plated Vermeil / 7,GH-MOI-00626,7700.00,7700.00,No (reverted)
9920631210232,48966932070648,ACTIVE,8.30 ct DEW Certified Cushion Cut Blue Moissanite Solitaire Ring In 18K Gold Plated Ver 18K Gold Plated,18K Gold Plated Vermeil / 5,,7700.00,7700.00,No (reverted)
9920631210232,48966932103416,ACTIVE,8.30 ct DEW Certified Cushion Cut Blue Moissanite Solitaire Ring In 18K Gold Plated Ver 18K Gold Plated,18K Gold Plated Vermeil / 6,,7700.00,7700.00,No (reverted)
9920631210232,48966932136184,ACTIVE,8.30 ct DEW Certified Cushion Cut Blue Moissanite Solitaire Ring In 18K Gold Plated Ver 18K Gold Plated,18K Gold Plated Vermeil / 8,,7700.00,7700.00,No (reverted)
9920631210232,48966932168952,ACTIVE,8.30 ct DEW Certified Cushion Cut Blue Moissanite Solitaire Ring In 18K Gold Plated Ver 18K Gold Plated,18K Gold Plated Vermeil / 9,,7700.00,7700.00,No (reverted)
9920631210232,48966932201720,ACTIVE,8.30 ct DEW Certified Cushion Cut Blue Moissanite Solitaire Ring In 18K Gold Plated Ver 18K Gold Plated,18K Gold Plated Vermeil / 10,,7700.00,7700.00,No (reverted)
9920631243000,48966932234488,ACTIVE,8.30 ct DEW Certified Round Cut White Moissanite Solitaire 925 Sterling Ring For Wife 1 18K Gold Plated,18K Gold Plated Vermeil / 7,GH-MOI-00625,7700.00,7700.00,No (reverted)
9920631243000,48966932267256,ACTIVE,8.30 ct DEW Certified Round Cut White Moissanite Solitaire 925 Sterling Ring For Wife 1 18K Gold Plated,18K Gold Plated Vermeil / 5,,7700.00,7700.00,No (reverted)
9920631243000,48966932300024,ACTIVE,8.30 ct DEW Certified Round Cut White Moissanite Solitaire 925 Sterling Ring For Wife 1 18K Gold Plated,18K Gold Plated Vermeil / 6,,7700.00,7700.00,No (reverted)
9920631243000,48966932332792,ACTIVE,8.30 ct DEW Certified Round Cut White Moissanite Solitaire 925 Sterling Ring For Wife 1 18K Gold Plated,18K Gold Plated Vermeil / 8,,7700.00,7700.00,No (reverted)
9920631243000,48966932365560,ACTIVE,8.30 ct DEW Certified Round Cut White Moissanite Solitaire 925 Sterling Ring For Wife 1 18K Gold Plated,18K Gold Plated Vermeil / 9,,7700.00,7700.00,No (reverted)
9920631243000,48966932398328,ACTIVE,8.30 ct DEW Certified Round Cut White Moissanite Solitaire 925 Sterling Ring For Wife 1 18K Gold Plated,18K Gold Plated Vermeil / 10,,7700.00,7700.00,No (reverted)
9920631308536,48966932824312,ACTIVE,5.90 ct DEW Emerald Cut Certified White Solitaire Moissanite Ring For Mother 18K Gold P 18K Gold Plated,18K Gold Plated Vermeil / 7,GH-MOI-00624,7000.00,7000.00,No (reverted)
9920631308536,48966932857080,ACTIVE,5.90 ct DEW Emerald Cut Certified White Solitaire Moissanite Ring For Mother 18K Gold P 18K Gold Plated,18K Gold Plated Vermeil / 5,,7000.00,7000.00,No (reverted)
9920631308536,48966932889848,ACTIVE,5.90 ct DEW Emerald Cut Certified White Solitaire Moissanite Ring For Mother 18K Gold P 18K Gold Plated,18K Gold Plated Vermeil / 6,,7000.00,7000.00,No (reverted)
9920631308536,48966932922616,ACTIVE,5.90 ct DEW Emerald Cut Certified White Solitaire Moissanite Ring For Mother 18K Gold P 18K Gold Plated,18K Gold Plated Vermeil / 8,,7000.00,7000.00,No (reverted)
9920631308536,48966932955384,ACTIVE,5.90 ct DEW Emerald Cut Certified White Solitaire Moissanite Ring For Mother 18K Gold P 18K Gold Plated,18K Gold Plated Vermeil / 9,,7000.00,7000.00,No (reverted)
9920631308536,48966932988152,ACTIVE,5.90 ct DEW Emerald Cut Certified White Solitaire Moissanite Ring For Mother 18K Gold P 18K Gold Plated,18K Gold Plated Vermeil / 10,,7000.00,7000.00,No (reverted)
9920631374072,48966933414136,ACTIVE,2.4 ct DEW Certified Oval Cut White Moissanite Solitaire Ring For Engagement 18K Gold P 18K Gold Plated,18K Gold Plated Vermeil / 7,GH-MOI-00623,4900.00,5899.99,Yes
9920631374072,48966933446904,ACTIVE,2.4 ct DEW Certified Oval Cut White Moissanite Solitaire Ring For Engagement 18K Gold P 18K Gold Plated,18K Gold Plated Vermeil / 5,,4900.00,5899.99,Yes
9920631374072,48966933479672,ACTIVE,2.4 ct DEW Certified Oval Cut White Moissanite Solitaire Ring For Engagement 18K Gold P 18K Gold Plated,18K Gold Plated Vermeil / 6,,4900.00,5899.99,Yes
9920631374072,48966933512440,ACTIVE,2.4 ct DEW Certified Oval Cut White Moissanite Solitaire Ring For Engagement 18K Gold P 18K Gold Plated,18K Gold Plated Vermeil / 8,,4900.00,5899.99,Yes
9920631374072,48966933545208,ACTIVE,2.4 ct DEW Certified Oval Cut White Moissanite Solitaire Ring For Engagement 18K Gold P 18K Gold Plated,18K Gold Plated Vermeil / 9,,4900.00,5899.99,Yes
9920631374072,48966933577976,ACTIVE,2.4 ct DEW Certified Oval Cut White Moissanite Solitaire Ring For Engagement 18K Gold P 18K Gold Plated,18K Gold Plated Vermeil / 10,,4900.00,5899.99,Yes
9920631406840,48966933610744,ACTIVE,3.70 ct DEW Certified White Moissanite Asscher Cut Solitaire Rings 18K Gold Plated Verm 18K Gold Plated,18K Gold Plated Vermeil / 7,GH-MOI-00622,4200.00,5099.99,Yes
9920631406840,48966933643512,ACTIVE,3.70 ct DEW Certified White Moissanite Asscher Cut Solitaire Rings 18K Gold Plated Verm 18K Gold Plated,18K Gold Plated Vermeil / 5,,4200.00,5099.99,Yes
9920631406840,48966933676280,ACTIVE,3.70 ct DEW Certified White Moissanite Asscher Cut Solitaire Rings 18K Gold Plated Verm 18K Gold Plated,18K Gold Plated Vermeil / 6,,4200.00,5099.99,Yes
9920631406840,48966933709048,ACTIVE,3.70 ct DEW Certified White Moissanite Asscher Cut Solitaire Rings 18K Gold Plated Verm 18K Gold Plated,18K Gold Plated Vermeil / 8,,4200.00,5099.99,Yes
9920631406840,48966933741816,ACTIVE,3.70 ct DEW Certified White Moissanite Asscher Cut Solitaire Rings 18K Gold Plated Verm 18K Gold Plated,18K Gold Plated Vermeil / 9,,4200.00,5099.99,Yes
9920631406840,48966933774584,ACTIVE,3.70 ct DEW Certified White Moissanite Asscher Cut Solitaire Rings 18K Gold Plated Verm 18K Gold Plated,18K Gold Plated Vermeil / 10,,4200.00,5099.99,Yes
9920631472376,48966934200568,ACTIVE,3.50 Cts Certified Round Cut White Moissanite Solitaire Ring In 18K Gold Plated Ver 18K Gold Plated,18K Gold Plated Vermeil / 7,GH-MOI-00621,4200.00,5099.99,Yes
9920631472376,48966934233336,ACTIVE,3.50 Cts Certified Round Cut White Moissanite Solitaire Ring In 18K Gold Plated Ver 18K Gold Plated,18K Gold Plated Vermeil / 5,,4200.00,5099.99,Yes
9920631472376,48966934266104,ACTIVE,3.50 Cts Certified Round Cut White Moissanite Solitaire Ring In 18K Gold Plated Ver 18K Gold Plated,18K Gold Plated Vermeil / 6,,4200.00,5099.99,Yes
9920631472376,48966934298872,ACTIVE,3.50 Cts Certified Round Cut White Moissanite Solitaire Ring In 18K Gold Plated Ver 18K Gold Plated,18K Gold Plated Vermeil / 8,,4200.00,5099.99,Yes
9920631472376,48966934331640,ACTIVE,3.50 Cts Certified Round Cut White Moissanite Solitaire Ring In 18K Gold Plated Ver 18K Gold Plated,18K Gold Plated Vermeil / 9,,4200.00,5099.99,Yes
9920631472376,48966934364408,ACTIVE,3.50 Cts Certified Round Cut White Moissanite Solitaire Ring In 18K Gold Plated Ver 18K Gold Plated,18K Gold Plated Vermeil / 10,,4200.00,5099.99,Yes
9920631505144,48966934397176,ACTIVE,Solitaire 3.50 ct DEW Oval Cut White Moissanite in Engagement Ring 18K Gold Plated Verm 18K Gold Plated,18K Gold Plated Vermeil / 7,GH-MOI-00620,5600.00,6799.99,Yes
9920631505144,48966934429944,ACTIVE,Solitaire 3.50 ct DEW Oval Cut White Moissanite in Engagement Ring 18K Gold Plated Verm 18K Gold Plated,18K Gold Plated Vermeil / 5,,5600.00,6799.99,Yes
9920631505144,48966934462712,ACTIVE,Solitaire 3.50 ct DEW Oval Cut White Moissanite in Engagement Ring 18K Gold Plated Verm 18K Gold Plated,18K Gold Plated Vermeil / 6,,5600.00,6799.99,Yes
9920631505144,48966934495480,ACTIVE,Solitaire 3.50 ct DEW Oval Cut White Moissanite in Engagement Ring 18K Gold Plated Verm 18K Gold Plated,18K Gold Plated Vermeil / 8,,5600.00,6799.99,Yes
9920631505144,48966934528248,ACTIVE,Solitaire 3.50 ct DEW Oval Cut White Moissanite in Engagement Ring 18K Gold Plated Verm 18K Gold Plated,18K Gold Plated Vermeil / 9,,5600.00,6799.99,Yes
9920631505144,48966934561016,ACTIVE,Solitaire 3.50 ct DEW Oval Cut White Moissanite in Engagement Ring 18K Gold Plated Verm 18K Gold Plated,18K Gold Plated Vermeil / 10,,5600.00,6799.99,Yes
9920631603448,48966935019768,ACTIVE,11.20 ct DEW Certified Heart Cut Blue Moissanite Engagement Ring 18K Gold Plated Vermei 18K Gold Plated,18K Gold Plated Vermeil / 7,GH-MOI-00619,8400.00,8400.00,No (reverted)
9920631603448,48966935052536,ACTIVE,11.20 ct DEW Certified Heart Cut Blue Moissanite Engagement Ring 18K Gold Plated Vermei 18K Gold Plated,18K Gold Plated Vermeil / 5,,8400.00,8400.00,No (reverted)
9920631603448,48966935085304,ACTIVE,11.20 ct DEW Certified Heart Cut Blue Moissanite Engagement Ring 18K Gold Plated Vermei 18K Gold Plated,18K Gold Plated Vermeil / 6,,8400.00,8400.00,No (reverted)
9920631603448,48966935118072,ACTIVE,11.20 ct DEW Certified Heart Cut Blue Moissanite Engagement Ring 18K Gold Plated Vermei 18K Gold Plated,18K Gold Plated Vermeil / 8,,8400.00,8400.00,No (reverted)
9920631603448,48966935150840,ACTIVE,11.20 ct DEW Certified Heart Cut Blue Moissanite Engagement Ring 18K Gold Plated Vermei 18K Gold Plated,18K Gold Plated Vermeil / 9,,8400.00,8400.00,No (reverted)
9920631603448,48966935183608,ACTIVE,11.20 ct DEW Certified Heart Cut Blue Moissanite Engagement Ring 18K Gold Plated Vermei 18K Gold Plated,18K Gold Plated Vermeil / 10,,8400.00,8400.00,No (reverted)
9920631668984,48966935609592,ACTIVE,Certified 11.30 ct DEW Oval Cut White Moissanite Solitaire Ring In 18K Gold Plated Verm 18K Gold Plated,18K Gold Plated Vermeil / 7,GH-MOI-00618,11900.00,11900.00,No (reverted)
9920631668984,48966935642360,ACTIVE,Certified 11.30 ct DEW Oval Cut White Moissanite Solitaire Ring In 18K Gold Plated Verm 18K Gold Plated,18K Gold Plated Vermeil / 5,,11900.00,11900.00,No (reverted)
9920631668984,48966935675128,ACTIVE,Certified 11.30 ct DEW Oval Cut White Moissanite Solitaire Ring In 18K Gold Plated Verm 18K Gold Plated,18K Gold Plated Vermeil / 6,,11900.00,11900.00,No (reverted)
9920631668984,48966935707896,ACTIVE,Certified 11.30 ct DEW Oval Cut White Moissanite Solitaire Ring In 18K Gold Plated Verm 18K Gold Plated,18K Gold Plated Vermeil / 8,,11900.00,11900.00,No (reverted)
9920631668984,48966935740664,ACTIVE,Certified 11.30 ct DEW Oval Cut White Moissanite Solitaire Ring In 18K Gold Plated Verm 18K Gold Plated,18K Gold Plated Vermeil / 9,,11900.00,11900.00,No (reverted)
9920631668984,48966935773432,ACTIVE,Certified 11.30 ct DEW Oval Cut White Moissanite Solitaire Ring In 18K Gold Plated Verm 18K Gold Plated,18K Gold Plated Vermeil / 10,,11900.00,11900.00,No (reverted)
9920631767288,48966936232184,ACTIVE,11.75 ct DEW Certified Round Cut Blue Moissanite Solitaire Ring 18K Gold Plated,18K Gold Plated Vermeil / 7,GH-MOI-00617,8400.00,8400.00,No (reverted)
9920631767288,48966936264952,ACTIVE,11.75 ct DEW Certified Round Cut Blue Moissanite Solitaire Ring 18K Gold Plated,18K Gold Plated Vermeil / 5,,8400.00,8400.00,No (reverted)
9920631767288,48966936297720,ACTIVE,11.75 ct DEW Certified Round Cut Blue Moissanite Solitaire Ring 18K Gold Plated,18K Gold Plated Vermeil / 6,,8400.00,8400.00,No (reverted)
9920631767288,48966936330488,ACTIVE,11.75 ct DEW Certified Round Cut Blue Moissanite Solitaire Ring 18K Gold Plated,18K Gold Plated Vermeil / 8,,8400.00,8400.00,No (reverted)
9920631767288,48966936363256,ACTIVE,11.75 ct DEW Certified Round Cut Blue Moissanite Solitaire Ring 18K Gold Plated,18K Gold Plated Vermeil / 9,,8400.00,8400.00,No (reverted)
9920631767288,48966936396024,ACTIVE,11.75 ct DEW Certified Round Cut Blue Moissanite Solitaire Ring 18K Gold Plated,18K Gold Plated Vermeil / 10,,8400.00,8400.00,No (reverted)
9920631832824,48966936822008,ACTIVE,Certified 2.80 ct DEW Round Cut Blue Moissanite Solitaire For Engagement Ring 18K Gold P 18K Gold Plated,18K Gold Plated Vermeil / 7,GH-MOI-00616,4200.00,5099.99,Yes
9920631832824,48966936854776,ACTIVE,Certified 2.80 ct DEW Round Cut Blue Moissanite Solitaire For Engagement Ring 18K Gold P 18K Gold Plated,18K Gold Plated Vermeil / 5,,4200.00,5099.99,Yes
9920631832824,48966936887544,ACTIVE,Certified 2.80 ct DEW Round Cut Blue Moissanite Solitaire For Engagement Ring 18K Gold P 18K Gold Plated,18K Gold Plated Vermeil / 6,,4200.00,5099.99,Yes
9920631832824,48966936920312,ACTIVE,Certified 2.80 ct DEW Round Cut Blue Moissanite Solitaire For Engagement Ring 18K Gold P 18K Gold Plated,18K Gold Plated Vermeil / 8,,4200.00,5099.99,Yes
9920631832824,48966936953080,ACTIVE,Certified 2.80 ct DEW Round Cut Blue Moissanite Solitaire For Engagement Ring 18K Gold P 18K Gold Plated,18K Gold Plated Vermeil / 9,,4200.00,5099.99,Yes
9920631832824,48966936985848,ACTIVE,Certified 2.80 ct DEW Round Cut Blue Moissanite Solitaire For Engagement Ring 18K Gold P 18K Gold Plated,18K Gold Plated Vermeil / 10,,4200.00,5099.99,Yes
9920631898360,48966937411832,ACTIVE,"Certified 2 ct DEW Round White Moissanite Solitaire Ring, Double Prongs 18K Gold Plated",18K Gold Plated Vermeil / 7,GH-MOI-00615,4200.00,5099.99,Yes
9920631898360,48966937444600,ACTIVE,"Certified 2 ct DEW Round White Moissanite Solitaire Ring, Double Prongs 18K Gold Plated",18K Gold Plated Vermeil / 5,,4200.00,5099.99,Yes
9920631898360,48966937477368,ACTIVE,"Certified 2 ct DEW Round White Moissanite Solitaire Ring, Double Prongs 18K Gold Plated",18K Gold Plated Vermeil / 6,,4200.00,5099.99,Yes
9920631898360,48966937510136,ACTIVE,"Certified 2 ct DEW Round White Moissanite Solitaire Ring, Double Prongs 18K Gold Plated",18K Gold Plated Vermeil / 8,,4200.00,5099.99,Yes
9920631898360,48966937542904,ACTIVE,"Certified 2 ct DEW Round White Moissanite Solitaire Ring, Double Prongs 18K Gold Plated",18K Gold Plated Vermeil / 9,,4200.00,5099.99,Yes
9920631898360,48966937575672,ACTIVE,"Certified 2 ct DEW Round White Moissanite Solitaire Ring, Double Prongs 18K Gold Plated",18K Gold Plated Vermeil / 10,,4200.00,5099.99,Yes
9920631963896,48966938001656,ACTIVE,5.20 ct DEW Emerald Cut Certified White Solitaire Moissanite Ring 18K Gold Plated Verme 18K Gold Plated,18K Gold Plated Vermeil / 7,GH-MOI-00614,5600.00,6799.99,Yes
9920631963896,48966938034424,ACTIVE,5.20 ct DEW Emerald Cut Certified White Solitaire Moissanite Ring 18K Gold Plated Verme 18K Gold Plated,18K Gold Plated Vermeil / 5,,5600.00,6799.99,Yes
9920631963896,48966938067192,ACTIVE,5.20 ct DEW Emerald Cut Certified White Solitaire Moissanite Ring 18K Gold Plated Verme 18K Gold Plated,18K Gold Plated Vermeil / 6,,5600.00,6799.99,Yes
9920631963896,48966938099960,ACTIVE,5.20 ct DEW Emerald Cut Certified White Solitaire Moissanite Ring 18K Gold Plated Verme 18K Gold Plated,18K Gold Plated Vermeil / 8,,5600.00,6799.99,Yes
9920631963896,48966938132728,ACTIVE,5.20 ct DEW Emerald Cut Certified White Solitaire Moissanite Ring 18K Gold Plated Verme 18K Gold Plated,18K Gold Plated Vermeil / 9,,5600.00,6799.99,Yes
9920631963896,48966938165496,ACTIVE,5.20 ct DEW Emerald Cut Certified White Solitaire Moissanite Ring 18K Gold Plated Verme 18K Gold Plated,18K Gold Plated Vermeil / 10,,5600.00,6799.99,Yes
9920632062200,48966938624248,ACTIVE,2.50 ct DEW White Round Cut Certified Moissanite Solitaire Ring 18K Gold Plated,18K Gold Plated Vermeil / 7,GH-MOI-00613,4200.00,5099.99,Yes
9920632062200,48966938657016,ACTIVE,2.50 ct DEW White Round Cut Certified Moissanite Solitaire Ring 18K Gold Plated,18K Gold Plated Vermeil / 5,,4200.00,5099.99,Yes
9920632062200,48966938689784,ACTIVE,2.50 ct DEW White Round Cut Certified Moissanite Solitaire Ring 18K Gold Plated,18K Gold Plated Vermeil / 6,,4200.00,5099.99,Yes
9920632062200,48966938722552,ACTIVE,2.50 ct DEW White Round Cut Certified Moissanite Solitaire Ring 18K Gold Plated,18K Gold Plated Vermeil / 8,,4200.00,5099.99,Yes
9920632062200,48966938755320,ACTIVE,2.50 ct DEW White Round Cut Certified Moissanite Solitaire Ring 18K Gold Plated,18K Gold Plated Vermeil / 9,,4200.00,5099.99,Yes
9920632062200,48966938788088,ACTIVE,2.50 ct DEW White Round Cut Certified Moissanite Solitaire Ring 18K Gold Plated,18K Gold Plated Vermeil / 10,,4200.00,5099.99,Yes
9920632127736,48966939214072,ACTIVE,4.10 ct DEW Certified Radiant Cut White Solitaire Moissanite Ring 18K Gold Plated Verme 18K Gold Plated,18K Gold Plated Vermeil / 7,GH-MOI-00612,4900.00,5899.99,Yes
9920632127736,48966939246840,ACTIVE,4.10 ct DEW Certified Radiant Cut White Solitaire Moissanite Ring 18K Gold Plated Verme 18K Gold Plated,18K Gold Plated Vermeil / 5,,4900.00,5899.99,Yes
9920632127736,48966939279608,ACTIVE,4.10 ct DEW Certified Radiant Cut White Solitaire Moissanite Ring 18K Gold Plated Verme 18K Gold Plated,18K Gold Plated Vermeil / 6,,4900.00,5899.99,Yes
9920632127736,48966939312376,ACTIVE,4.10 ct DEW Certified Radiant Cut White Solitaire Moissanite Ring 18K Gold Plated Verme 18K Gold Plated,18K Gold Plated Vermeil / 8,,4900.00,5899.99,Yes
9920632127736,48966939345144,ACTIVE,4.10 ct DEW Certified Radiant Cut White Solitaire Moissanite Ring 18K Gold Plated Verme 18K Gold Plated,18K Gold Plated Vermeil / 9,,4900.00,5899.99,Yes
9920632127736,48966939377912,ACTIVE,4.10 ct DEW Certified Radiant Cut White Solitaire Moissanite Ring 18K Gold Plated Verme 18K Gold Plated,18K Gold Plated Vermeil / 10,,4900.00,5899.99,Yes
9920632193272,48966939803896,ACTIVE,8.55 ct DEW Certified Round Cut Blue Moissanite Solitaire Ring 18K Gold Plated,18K Gold Plated Vermeil / 7,GH-MOI-00611,7700.00,7700.00,No (reverted)
9920632193272,48966939836664,ACTIVE,8.55 ct DEW Certified Round Cut Blue Moissanite Solitaire Ring 18K Gold Plated,18K Gold Plated Vermeil / 5,,7700.00,7700.00,No (reverted)
9920632193272,48966939869432,ACTIVE,8.55 ct DEW Certified Round Cut Blue Moissanite Solitaire Ring 18K Gold Plated,18K Gold Plated Vermeil / 6,,7700.00,7700.00,No (reverted)
9920632193272,48966939902200,ACTIVE,8.55 ct DEW Certified Round Cut Blue Moissanite Solitaire Ring 18K Gold Plated,18K Gold Plated Vermeil / 8,,7700.00,7700.00,No (reverted)
9920632193272,48966939934968,ACTIVE,8.55 ct DEW Certified Round Cut Blue Moissanite Solitaire Ring 18K Gold Plated,18K Gold Plated Vermeil / 9,,7700.00,7700.00,No (reverted)
9920632193272,48966939967736,ACTIVE,8.55 ct DEW Certified Round Cut Blue Moissanite Solitaire Ring 18K Gold Plated,18K Gold Plated Vermeil / 10,,7700.00,7700.00,No (reverted)
9920632258808,48966940393720,ACTIVE,4.25 ct DEW Round Brilliant Cut Certified Champagne Moissanite Ring 18K Gold Plated Ver 18K Gold Plated,18K Gold Plated Vermeil / 7,GH-MOI-00610,4900.00,5899.99,Yes
9920632258808,48966940426488,ACTIVE,4.25 ct DEW Round Brilliant Cut Certified Champagne Moissanite Ring 18K Gold Plated Ver 18K Gold Plated,18K Gold Plated Vermeil / 5,,4900.00,5899.99,Yes
9920632258808,48966940459256,ACTIVE,4.25 ct DEW Round Brilliant Cut Certified Champagne Moissanite Ring 18K Gold Plated Ver 18K Gold Plated,18K Gold Plated Vermeil / 6,,4900.00,5899.99,Yes
9920632258808,48966940492024,ACTIVE,4.25 ct DEW Round Brilliant Cut Certified Champagne Moissanite Ring 18K Gold Plated Ver 18K Gold Plated,18K Gold Plated Vermeil / 8,,4900.00,5899.99,Yes
9920632258808,48966940524792,ACTIVE,4.25 ct DEW Round Brilliant Cut Certified Champagne Moissanite Ring 18K Gold Plated Ver 18K Gold Plated,18K Gold Plated Vermeil / 9,,4900.00,5899.99,Yes
9920632258808,48966940557560,ACTIVE,4.25 ct DEW Round Brilliant Cut Certified Champagne Moissanite Ring 18K Gold Plated Ver 18K Gold Plated,18K Gold Plated Vermeil / 10,,4900.00,5899.99,Yes
9920632291576,48966940590328,ACTIVE,4.00 ct DEW Certified Heart Cut Solitaire White Moissanite In Ring 18K Gold Plated Verm 18K Gold Plated,18K Gold Plated Vermeil / 7,GH-MOI-00609,7000.00,7000.00,No (reverted)
9920632291576,48966940623096,ACTIVE,4.00 ct DEW Certified Heart Cut Solitaire White Moissanite In Ring 18K Gold Plated Verm 18K Gold Plated,18K Gold Plated Vermeil / 5,,7000.00,7000.00,No (reverted)
9920632291576,48966940655864,ACTIVE,4.00 ct DEW Certified Heart Cut Solitaire White Moissanite In Ring 18K Gold Plated Verm 18K Gold Plated,18K Gold Plated Vermeil / 6,,7000.00,7000.00,No (reverted)
9920632291576,48966940688632,ACTIVE,4.00 ct DEW Certified Heart Cut Solitaire White Moissanite In Ring 18K Gold Plated Verm 18K Gold Plated,18K Gold Plated Vermeil / 8,,7000.00,7000.00,No (reverted)
9920632291576,48966940721400,ACTIVE,4.00 ct DEW Certified Heart Cut Solitaire White Moissanite In Ring 18K Gold Plated Verm 18K Gold Plated,18K Gold Plated Vermeil / 9,,7000.00,7000.00,No (reverted)
9920632291576,48966940754168,ACTIVE,4.00 ct DEW Certified Heart Cut Solitaire White Moissanite In Ring 18K Gold Plated Verm 18K Gold Plated,18K Gold Plated Vermeil / 10,,7000.00,7000.00,No (reverted)
9920632357112,48966941212920,ACTIVE,Certified 3.50 ct DEW Cushion Cut White Moissanite Solitaire Ring 18K Gold Plated Vermei 18K Gold Plated,18K Gold Plated Vermeil / 7,GH-MOI-00608,5600.00,6799.99,Yes
9920632357112,48966941245688,ACTIVE,Certified 3.50 ct DEW Cushion Cut White Moissanite Solitaire Ring 18K Gold Plated Vermei 18K Gold Plated,18K Gold Plated Vermeil / 5,,5600.00,6799.99,Yes
9920632357112,48966941278456,ACTIVE,Certified 3.50 ct DEW Cushion Cut White Moissanite Solitaire Ring 18K Gold Plated Vermei 18K Gold Plated,18K Gold Plated Vermeil / 6,,5600.00,6799.99,Yes
9920632357112,48966941311224,ACTIVE,Certified 3.50 ct DEW Cushion Cut White Moissanite Solitaire Ring 18K Gold Plated Vermei 18K Gold Plated,18K Gold Plated Vermeil / 8,,5600.00,6799.99,Yes
9920632357112,48966941343992,ACTIVE,Certified 3.50 ct DEW Cushion Cut White Moissanite Solitaire Ring 18K Gold Plated Vermei 18K Gold Plated,18K Gold Plated Vermeil / 9,,5600.00,6799.99,Yes
9920632357112,48966941376760,ACTIVE,Certified 3.50 ct DEW Cushion Cut White Moissanite Solitaire Ring 18K Gold Plated Vermei 18K Gold Plated,18K Gold Plated Vermeil / 10,,5600.00,6799.99,Yes
9920632422648,48966941409528,ACTIVE,Certified 5.95 ct DEW Round Cut White Moissanite Ring For Mother's Day 18K Gold Plated 18K Gold Plated,18K Gold Plated Vermeil / 7,GH-MOI-00607,7000.00,7000.00,No (reverted)
9920632422648,48966941442296,ACTIVE,Certified 5.95 ct DEW Round Cut White Moissanite Ring For Mother's Day 18K Gold Plated 18K Gold Plated,18K Gold Plated Vermeil / 5,,7000.00,7000.00,No (reverted)
9920632422648,48966941475064,ACTIVE,Certified 5.95 ct DEW Round Cut White Moissanite Ring For Mother's Day 18K Gold Plated 18K Gold Plated,18K Gold Plated Vermeil / 6,,7000.00,7000.00,No (reverted)
9920632422648,48966941507832,ACTIVE,Certified 5.95 ct DEW Round Cut White Moissanite Ring For Mother's Day 18K Gold Plated 18K Gold Plated,18K Gold Plated Vermeil / 8,,7000.00,7000.00,No (reverted)
9920632422648,48966941540600,ACTIVE,Certified 5.95 ct DEW Round Cut White Moissanite Ring For Mother's Day 18K Gold Plated 18K Gold Plated,18K Gold Plated Vermeil / 9,,7000.00,7000.00,No (reverted)
9920632422648,48966941573368,ACTIVE,Certified 5.95 ct DEW Round Cut White Moissanite Ring For Mother's Day 18K Gold Plated 18K Gold Plated,18K Gold Plated Vermeil / 10,,7000.00,7000.00,No (reverted)
9920632488184,48966941999352,ACTIVE,Certified 4.80 ct DEW Round Cut White Moissanite Solitaire Statement Ring 18K Gold Plat 18K Gold Plated,18K Gold Plated Vermeil / 7,GH-MOI-00606,5600.00,6799.99,Yes
9920632488184,48966942032120,ACTIVE,Certified 4.80 ct DEW Round Cut White Moissanite Solitaire Statement Ring 18K Gold Plat 18K Gold Plated,18K Gold Plated Vermeil / 5,,5600.00,6799.99,Yes
9920632488184,48966942064888,ACTIVE,Certified 4.80 ct DEW Round Cut White Moissanite Solitaire Statement Ring 18K Gold Plat 18K Gold Plated,18K Gold Plated Vermeil / 6,,5600.00,6799.99,Yes
9920632488184,48966942097656,ACTIVE,Certified 4.80 ct DEW Round Cut White Moissanite Solitaire Statement Ring 18K Gold Plat 18K Gold Plated,18K Gold Plated Vermeil / 8,,5600.00,6799.99,Yes
9920632488184,48966942130424,ACTIVE,Certified 4.80 ct DEW Round Cut White Moissanite Solitaire Statement Ring 18K Gold Plat 18K Gold Plated,18K Gold Plated Vermeil / 9,,5600.00,6799.99,Yes
9920632488184,48966942163192,ACTIVE,Certified 4.80 ct DEW Round Cut White Moissanite Solitaire Statement Ring 18K Gold Plat 18K Gold Plated,18K Gold Plated Vermeil / 10,,5600.00,6799.99,Yes
9920632553720,48966942195960,ACTIVE,10.10 ct DEW Certified Blue Moissanite Asscher Cut Solitaire Ring Ring 18K Gold Plated 18K Gold Plated,18K Gold Plated Vermeil / 7,GH-MOI-00605,7700.00,7700.00,No (reverted)
9920632553720,48966942228728,ACTIVE,10.10 ct DEW Certified Blue Moissanite Asscher Cut Solitaire Ring Ring 18K Gold Plated 18K Gold Plated,18K Gold Plated Vermeil / 5,,7700.00,7700.00,No (reverted)
9920632553720,48966942261496,ACTIVE,10.10 ct DEW Certified Blue Moissanite Asscher Cut Solitaire Ring Ring 18K Gold Plated 18K Gold Plated,18K Gold Plated Vermeil / 6,,7700.00,7700.00,No (reverted)
9920632553720,48966942294264,ACTIVE,10.10 ct DEW Certified Blue Moissanite Asscher Cut Solitaire Ring Ring 18K Gold Plated 18K Gold Plated,18K Gold Plated Vermeil / 8,,7700.00,7700.00,No (reverted)
9920632553720,48966942327032,ACTIVE,10.10 ct DEW Certified Blue Moissanite Asscher Cut Solitaire Ring Ring 18K Gold Plated 18K Gold Plated,18K Gold Plated Vermeil / 9,,7700.00,7700.00,No (reverted)
9920632553720,48966942359800,ACTIVE,10.10 ct DEW Certified Blue Moissanite Asscher Cut Solitaire Ring Ring 18K Gold Plated 18K Gold Plated,18K Gold Plated Vermeil / 10,,7700.00,7700.00,No (reverted)
9920632586488,48966942785784,ACTIVE,4 ct DEW Cushion Cut White Moissanite Ring 18K Gold Plated,18K Gold Plated Vermeil / 7,GH-MOI-00604,4900.00,5899.99,Yes
9920632586488,48966942818552,ACTIVE,4 ct DEW Cushion Cut White Moissanite Ring 18K Gold Plated,18K Gold Plated Vermeil / 5,,4900.00,5899.99,Yes
9920632586488,48966942851320,ACTIVE,4 ct DEW Cushion Cut White Moissanite Ring 18K Gold Plated,18K Gold Plated Vermeil / 6,,4900.00,5899.99,Yes
9920632586488,48966942884088,ACTIVE,4 ct DEW Cushion Cut White Moissanite Ring 18K Gold Plated,18K Gold Plated Vermeil / 8,,4900.00,5899.99,Yes
9920632586488,48966942916856,ACTIVE,4 ct DEW Cushion Cut White Moissanite Ring 18K Gold Plated,18K Gold Plated Vermeil / 9,,4900.00,5899.99,Yes
9920632586488,48966942949624,ACTIVE,4 ct DEW Cushion Cut White Moissanite Ring 18K Gold Plated,18K Gold Plated Vermeil / 10,,4900.00,5899.99,Yes
9920632684792,48966943801592,ACTIVE,Certified 4.90 ct DEW White Princess Cut Moissanite Ring For Women 18K Gold Plated Verm 18K Gold Plated,18K Gold Plated Vermeil / 7,GH-MOI-00603,5600.00,6799.99,Yes
9920632684792,48966943834360,ACTIVE,Certified 4.90 ct DEW White Princess Cut Moissanite Ring For Women 18K Gold Plated Verm 18K Gold Plated,18K Gold Plated Vermeil / 5,,5600.00,6799.99,Yes
9920632684792,48966943867128,ACTIVE,Certified 4.90 ct DEW White Princess Cut Moissanite Ring For Women 18K Gold Plated Verm 18K Gold Plated,18K Gold Plated Vermeil / 6,,5600.00,6799.99,Yes
9920632684792,48966943899896,ACTIVE,Certified 4.90 ct DEW White Princess Cut Moissanite Ring For Women 18K Gold Plated Verm 18K Gold Plated,18K Gold Plated Vermeil / 8,,5600.00,6799.99,Yes
9920632684792,48966943932664,ACTIVE,Certified 4.90 ct DEW White Princess Cut Moissanite Ring For Women 18K Gold Plated Verm 18K Gold Plated,18K Gold Plated Vermeil / 9,,5600.00,6799.99,Yes
9920632684792,48966943965432,ACTIVE,Certified 4.90 ct DEW White Princess Cut Moissanite Ring For Women 18K Gold Plated Verm 18K Gold Plated,18K Gold Plated Vermeil / 10,,5600.00,6799.99,Yes
9920632750328,48966943998200,ACTIVE,5.85 ct DEW Emerald Cut Blue Moissanite Ring In With Certificate 18K Gold Plated Vermei 18K Gold Plated,18K Gold Plated Vermeil / 7,GH-MOI-00602,5600.00,6799.99,Yes
9920632750328,48966944030968,ACTIVE,5.85 ct DEW Emerald Cut Blue Moissanite Ring In With Certificate 18K Gold Plated Vermei 18K Gold Plated,18K Gold Plated Vermeil / 5,,5600.00,6799.99,Yes
9920632750328,48966944063736,ACTIVE,5.85 ct DEW Emerald Cut Blue Moissanite Ring In With Certificate 18K Gold Plated Vermei 18K Gold Plated,18K Gold Plated Vermeil / 6,,5600.00,6799.99,Yes
9920632750328,48966944096504,ACTIVE,5.85 ct DEW Emerald Cut Blue Moissanite Ring In With Certificate 18K Gold Plated Vermei 18K Gold Plated,18K Gold Plated Vermeil / 8,,5600.00,6799.99,Yes
9920632750328,48966944129272,ACTIVE,5.85 ct DEW Emerald Cut Blue Moissanite Ring In With Certificate 18K Gold Plated Vermei 18K Gold Plated,18K Gold Plated Vermeil / 9,,5600.00,6799.99,Yes
9920632750328,48966944162040,ACTIVE,5.85 ct DEW Emerald Cut Blue Moissanite Ring In With Certificate 18K Gold Plated Vermei 18K Gold Plated,18K Gold Plated Vermeil / 10,,5600.00,6799.99,Yes
9920632815864,48966944588024,ACTIVE,5 ct DEW Certified Radiant Cut White Moissanite Ring For Women 18K Gold Plated,18K Gold Plated Vermeil / 7,GH-MOI-00601,7000.00,7000.00,No (reverted)
9920632815864,48966944620792,ACTIVE,5 ct DEW Certified Radiant Cut White Moissanite Ring For Women 18K Gold Plated,18K Gold Plated Vermeil / 5,,7000.00,7000.00,No (reverted)
9920632815864,48966944653560,ACTIVE,5 ct DEW Certified Radiant Cut White Moissanite Ring For Women 18K Gold Plated,18K Gold Plated Vermeil / 6,,7000.00,7000.00,No (reverted)
9920632815864,48966944686328,ACTIVE,5 ct DEW Certified Radiant Cut White Moissanite Ring For Women 18K Gold Plated,18K Gold Plated Vermeil / 8,,7000.00,7000.00,No (reverted)
9920632815864,48966944719096,ACTIVE,5 ct DEW Certified Radiant Cut White Moissanite Ring For Women 18K Gold Plated,18K Gold Plated Vermeil / 9,,7000.00,7000.00,No (reverted)
9920632815864,48966944751864,ACTIVE,5 ct DEW Certified Radiant Cut White Moissanite Ring For Women 18K Gold Plated,18K Gold Plated Vermeil / 10,,7000.00,7000.00,No (reverted)
9920632881400,48966945177848,ACTIVE,Certified 3.50 ct DEW Round Cut White Solitaire Moissanite Engagement Ring 18K Gold Pla 18K Gold Plated,18K Gold Plated Vermeil / 7,GH-MOI-00600,4900.00,5899.99,Yes
9920632881400,48966945210616,ACTIVE,Certified 3.50 ct DEW Round Cut White Solitaire Moissanite Engagement Ring 18K Gold Pla 18K Gold Plated,18K Gold Plated Vermeil / 5,,4900.00,5899.99,Yes
9920632881400,48966945243384,ACTIVE,Certified 3.50 ct DEW Round Cut White Solitaire Moissanite Engagement Ring 18K Gold Pla 18K Gold Plated,18K Gold Plated Vermeil / 6,,4900.00,5899.99,Yes
9920632881400,48966945276152,ACTIVE,Certified 3.50 ct DEW Round Cut White Solitaire Moissanite Engagement Ring 18K Gold Pla 18K Gold Plated,18K Gold Plated Vermeil / 8,,4900.00,5899.99,Yes
9920632881400,48966945308920,ACTIVE,Certified 3.50 ct DEW Round Cut White Solitaire Moissanite Engagement Ring 18K Gold Pla 18K Gold Plated,18K Gold Plated Vermeil / 9,,4900.00,5899.99,Yes
9920632881400,48966945341688,ACTIVE,Certified 3.50 ct DEW Round Cut White Solitaire Moissanite Engagement Ring 18K Gold Pla 18K Gold Plated,18K Gold Plated Vermeil / 10,,4900.00,5899.99,Yes
9920633012472,48966945472760,ACTIVE,Certified 3.60 ct DEW Assher Cut White Moissanite Solitaire Statement Ring 18K Gold Pla 18K Gold Plated,18K Gold Plated Vermeil / 7,GH-MOI-00599,4900.00,5899.99,Yes
9920633012472,48966945505528,ACTIVE,Certified 3.60 ct DEW Assher Cut White Moissanite Solitaire Statement Ring 18K Gold Pla 18K Gold Plated,18K Gold Plated Vermeil / 5,,4900.00,5899.99,Yes
9920633012472,48966945538296,ACTIVE,Certified 3.60 ct DEW Assher Cut White Moissanite Solitaire Statement Ring 18K Gold Pla 18K Gold Plated,18K Gold Plated Vermeil / 6,,4900.00,5899.99,Yes
9920633012472,48966945571064,ACTIVE,Certified 3.60 ct DEW Assher Cut White Moissanite Solitaire Statement Ring 18K Gold Pla 18K Gold Plated,18K Gold Plated Vermeil / 8,,4900.00,5899.99,Yes
9920633012472,48966945603832,ACTIVE,Certified 3.60 ct DEW Assher Cut White Moissanite Solitaire Statement Ring 18K Gold Pla 18K Gold Plated,18K Gold Plated Vermeil / 9,,4900.00,5899.99,Yes
9920633012472,48966945636600,ACTIVE,Certified 3.60 ct DEW Assher Cut White Moissanite Solitaire Statement Ring 18K Gold Pla 18K Gold Plated,18K Gold Plated Vermeil / 10,,4900.00,5899.99,Yes
9920633078008,48966946062584,ACTIVE,3.50 ct DEW Oval Cut White Solitaire Moissanite in Engagement Ring 18K Gold Plated Verm 18K Gold Plated,18K Gold Plated Vermeil / 7,GH-MOI-00598,5600.00,6799.99,Yes
9920633078008,48966946095352,ACTIVE,3.50 ct DEW Oval Cut White Solitaire Moissanite in Engagement Ring 18K Gold Plated Verm 18K Gold Plated,18K Gold Plated Vermeil / 5,,5600.00,6799.99,Yes
9920633078008,48966946128120,ACTIVE,3.50 ct DEW Oval Cut White Solitaire Moissanite in Engagement Ring 18K Gold Plated Verm 18K Gold Plated,18K Gold Plated Vermeil / 6,,5600.00,6799.99,Yes
9920633078008,48966946160888,ACTIVE,3.50 ct DEW Oval Cut White Solitaire Moissanite in Engagement Ring 18K Gold Plated Verm 18K Gold Plated,18K Gold Plated Vermeil / 8,,5600.00,6799.99,Yes
9920633078008,48966946193656,ACTIVE,3.50 ct DEW Oval Cut White Solitaire Moissanite in Engagement Ring 18K Gold Plated Verm 18K Gold Plated,18K Gold Plated Vermeil / 9,,5600.00,6799.99,Yes
9920633078008,48966946226424,ACTIVE,3.50 ct DEW Oval Cut White Solitaire Moissanite in Engagement Ring 18K Gold Plated Verm 18K Gold Plated,18K Gold Plated Vermeil / 10,,5600.00,6799.99,Yes
9920633143544,48966946652408,ACTIVE,Certified 3.40 ct DEW Pear Cut White Moissanite Solitaire Statement Ring 18K Gold Plate 18K Gold Plated,18K Gold Plated Vermeil / 7,GH-MOI-00597,4200.00,5099.99,Yes
9920633143544,48966946685176,ACTIVE,Certified 3.40 ct DEW Pear Cut White Moissanite Solitaire Statement Ring 18K Gold Plate 18K Gold Plated,18K Gold Plated Vermeil / 5,,4200.00,5099.99,Yes
9920633143544,48966946717944,ACTIVE,Certified 3.40 ct DEW Pear Cut White Moissanite Solitaire Statement Ring 18K Gold Plate 18K Gold Plated,18K Gold Plated Vermeil / 6,,4200.00,5099.99,Yes
9920633143544,48966946750712,ACTIVE,Certified 3.40 ct DEW Pear Cut White Moissanite Solitaire Statement Ring 18K Gold Plate 18K Gold Plated,18K Gold Plated Vermeil / 8,,4200.00,5099.99,Yes
9920633143544,48966946783480,ACTIVE,Certified 3.40 ct DEW Pear Cut White Moissanite Solitaire Statement Ring 18K Gold Plate 18K Gold Plated,18K Gold Plated Vermeil / 9,,4200.00,5099.99,Yes
9920633143544,48966946816248,ACTIVE,Certified 3.40 ct DEW Pear Cut White Moissanite Solitaire Statement Ring 18K Gold Plate 18K Gold Plated,18K Gold Plated Vermeil / 10,,4200.00,5099.99,Yes
9920633274616,48966946947320,ACTIVE,Certified 2.20 ct DEW Emerald Cut White Round Moissanite Solitaire Ring in 18K Gold Plated,18K Gold Plated Vermeil / 7,GH-MOI-00596,3500.00,4199.99,Yes
9920633274616,48966946980088,ACTIVE,Certified 2.20 ct DEW Emerald Cut White Round Moissanite Solitaire Ring in 18K Gold Plated,18K Gold Plated Vermeil / 5,,3500.00,4199.99,Yes
9920633274616,48966947012856,ACTIVE,Certified 2.20 ct DEW Emerald Cut White Round Moissanite Solitaire Ring in 18K Gold Plated,18K Gold Plated Vermeil / 6,,3500.00,4199.99,Yes
9920633274616,48966947045624,ACTIVE,Certified 2.20 ct DEW Emerald Cut White Round Moissanite Solitaire Ring in 18K Gold Plated,18K Gold Plated Vermeil / 8,,3500.00,4199.99,Yes
9920633274616,48966947078392,ACTIVE,Certified 2.20 ct DEW Emerald Cut White Round Moissanite Solitaire Ring in 18K Gold Plated,18K Gold Plated Vermeil / 9,,3500.00,4199.99,Yes
9920633274616,48966947111160,ACTIVE,Certified 2.20 ct DEW Emerald Cut White Round Moissanite Solitaire Ring in 18K Gold Plated,18K Gold Plated Vermeil / 10,,3500.00,4199.99,Yes
9920633372920,48966947537144,ACTIVE,11.30 ct DEW Certified Pear Cut White Moissanite Solitaire Ring In 18K Gold Plated Verm 18K Gold Plated,18K Gold Plated Vermeil / 7,GH-MOI-00595,11900.00,11900.00,No (reverted)
9920633372920,48966947569912,ACTIVE,11.30 ct DEW Certified Pear Cut White Moissanite Solitaire Ring In 18K Gold Plated Verm 18K Gold Plated,18K Gold Plated Vermeil / 5,,11900.00,11900.00,No (reverted)
9920633372920,48966947602680,ACTIVE,11.30 ct DEW Certified Pear Cut White Moissanite Solitaire Ring In 18K Gold Plated Verm 18K Gold Plated,18K Gold Plated Vermeil / 6,,11900.00,11900.00,No (reverted)
9920633372920,48966947635448,ACTIVE,11.30 ct DEW Certified Pear Cut White Moissanite Solitaire Ring In 18K Gold Plated Verm 18K Gold Plated,18K Gold Plated Vermeil / 8,,11900.00,11900.00,No (reverted)
9920633372920,48966947668216,ACTIVE,11.30 ct DEW Certified Pear Cut White Moissanite Solitaire Ring In 18K Gold Plated Verm 18K Gold Plated,18K Gold Plated Vermeil / 9,,11900.00,11900.00,No (reverted)
9920633372920,48966947700984,ACTIVE,11.30 ct DEW Certified Pear Cut White Moissanite Solitaire Ring In 18K Gold Plated Verm 18K Gold Plated,18K Gold Plated Vermeil / 10,,11900.00,11900.00,No (reverted)
9920633471224,48966948225272,ACTIVE,3.50 ct DEW Certified White Round Cut Moissanite Solitaire Ring 18K Gold Plated,18K Gold Plated Vermeil / 7,GH-MOI-00594,4200.00,5099.99,Yes
9920633471224,48966948258040,ACTIVE,3.50 ct DEW Certified White Round Cut Moissanite Solitaire Ring 18K Gold Plated,18K Gold Plated Vermeil / 5,,4200.00,5099.99,Yes
9920633471224,48966948290808,ACTIVE,3.50 ct DEW Certified White Round Cut Moissanite Solitaire Ring 18K Gold Plated,18K Gold Plated Vermeil / 6,,4200.00,5099.99,Yes
9920633471224,48966948323576,ACTIVE,3.50 ct DEW Certified White Round Cut Moissanite Solitaire Ring 18K Gold Plated,18K Gold Plated Vermeil / 8,,4200.00,5099.99,Yes
9920633471224,48966948356344,ACTIVE,3.50 ct DEW Certified White Round Cut Moissanite Solitaire Ring 18K Gold Plated,18K Gold Plated Vermeil / 9,,4200.00,5099.99,Yes
9920633471224,48966948389112,ACTIVE,3.50 ct DEW Certified White Round Cut Moissanite Solitaire Ring 18K Gold Plated,18K Gold Plated Vermeil / 10,,4200.00,5099.99,Yes
9920633503992,48966948421880,ACTIVE,9.80 ct DEW Certified Round Cut Blue Moissanite Solitaire Ring In 18K Gold Plated Verme 18K Gold Plated,18K Gold Plated Vermeil / 7,GH-MOI-00593,7000.00,7000.00,No (reverted)
9920633503992,48966948454648,ACTIVE,9.80 ct DEW Certified Round Cut Blue Moissanite Solitaire Ring In 18K Gold Plated Verme 18K Gold Plated,18K Gold Plated Vermeil / 5,,7000.00,7000.00,No (reverted)
9920633503992,48966948487416,ACTIVE,9.80 ct DEW Certified Round Cut Blue Moissanite Solitaire Ring In 18K Gold Plated Verme 18K Gold Plated,18K Gold Plated Vermeil / 6,,7000.00,7000.00,No (reverted)
9920633503992,48966948520184,ACTIVE,9.80 ct DEW Certified Round Cut Blue Moissanite Solitaire Ring In 18K Gold Plated Verme 18K Gold Plated,18K Gold Plated Vermeil / 8,,7000.00,7000.00,No (reverted)
9920633503992,48966948552952,ACTIVE,9.80 ct DEW Certified Round Cut Blue Moissanite Solitaire Ring In 18K Gold Plated Verme 18K Gold Plated,18K Gold Plated Vermeil / 9,,7000.00,7000.00,No (reverted)
9920633503992,48966948585720,ACTIVE,9.80 ct DEW Certified Round Cut Blue Moissanite Solitaire Ring In 18K Gold Plated Verme 18K Gold Plated,18K Gold Plated Vermeil / 10,,7000.00,7000.00,No (reverted)
9920633569528,48966949044472,ACTIVE,2.90 ct DEW Certified Round Cut Off White Moissanite Ring In 18K Gold Plated,18K Gold Plated Vermeil / 7,GH-MOI-00592,4200.00,5099.99,Yes
9920633569528,48966949077240,ACTIVE,2.90 ct DEW Certified Round Cut Off White Moissanite Ring In 18K Gold Plated,18K Gold Plated Vermeil / 5,,4200.00,5099.99,Yes
9920633569528,48966949110008,ACTIVE,2.90 ct DEW Certified Round Cut Off White Moissanite Ring In 18K Gold Plated,18K Gold Plated Vermeil / 6,,4200.00,5099.99,Yes
9920633569528,48966949142776,ACTIVE,2.90 ct DEW Certified Round Cut Off White Moissanite Ring In 18K Gold Plated,18K Gold Plated Vermeil / 8,,4200.00,5099.99,Yes
9920633569528,48966949175544,ACTIVE,2.90 ct DEW Certified Round Cut Off White Moissanite Ring In 18K Gold Plated,18K Gold Plated Vermeil / 9,,4200.00,5099.99,Yes
9920633569528,48966949208312,ACTIVE,2.90 ct DEW Certified Round Cut Off White Moissanite Ring In 18K Gold Plated,18K Gold Plated Vermeil / 10,,4200.00,5099.99,Yes
9920633667832,48966949667064,ACTIVE,2.40 ct DEW Certified Asscher Cut Off White Moissanite Ring 18K Gold Plated,18K Gold Plated Vermeil / 7,GH-MOI-00591,4200.00,5099.99,Yes
9920633667832,48966949699832,ACTIVE,2.40 ct DEW Certified Asscher Cut Off White Moissanite Ring 18K Gold Plated,18K Gold Plated Vermeil / 5,,4200.00,5099.99,Yes
9920633667832,48966949732600,ACTIVE,2.40 ct DEW Certified Asscher Cut Off White Moissanite Ring 18K Gold Plated,18K Gold Plated Vermeil / 6,,4200.00,5099.99,Yes
9920633667832,48966949765368,ACTIVE,2.40 ct DEW Certified Asscher Cut Off White Moissanite Ring 18K Gold Plated,18K Gold Plated Vermeil / 8,,4200.00,5099.99,Yes
9920633667832,48966949798136,ACTIVE,2.40 ct DEW Certified Asscher Cut Off White Moissanite Ring 18K Gold Plated,18K Gold Plated Vermeil / 9,,4200.00,5099.99,Yes
9920633667832,48966949830904,ACTIVE,2.40 ct DEW Certified Asscher Cut Off White Moissanite Ring 18K Gold Plated,18K Gold Plated Vermeil / 10,,4200.00,5099.99,Yes
9920633700600,48966949863672,ACTIVE,3.70 ct DEW Certified White Moissanite Asscher Cut Solitaire Ring 18K Gold Plated Verme 18K Gold Plated,18K Gold Plated Vermeil / 7,GH-MOI-00590,4200.00,5099.99,Yes
9920633700600,48966949896440,ACTIVE,3.70 ct DEW Certified White Moissanite Asscher Cut Solitaire Ring 18K Gold Plated Verme 18K Gold Plated,18K Gold Plated Vermeil / 5,,4200.00,5099.99,Yes
9920633700600,48966949929208,ACTIVE,3.70 ct DEW Certified White Moissanite Asscher Cut Solitaire Ring 18K Gold Plated Verme 18K Gold Plated,18K Gold Plated Vermeil / 6,,4200.00,5099.99,Yes
9920633700600,48966949961976,ACTIVE,3.70 ct DEW Certified White Moissanite Asscher Cut Solitaire Ring 18K Gold Plated Verme 18K Gold Plated,18K Gold Plated Vermeil / 8,,4200.00,5099.99,Yes
9920633700600,48966949994744,ACTIVE,3.70 ct DEW Certified White Moissanite Asscher Cut Solitaire Ring 18K Gold Plated Verme 18K Gold Plated,18K Gold Plated Vermeil / 9,,4200.00,5099.99,Yes
9920633700600,48966950027512,ACTIVE,3.70 ct DEW Certified White Moissanite Asscher Cut Solitaire Ring 18K Gold Plated Verme 18K Gold Plated,18K Gold Plated Vermeil / 10,,4200.00,5099.99,Yes
9920633766136,48966950519032,ACTIVE,1.50 ct DEW Certified Marquise Cut White Moissanite Ring In 18K Gold Plated,18K Gold Plated Vermeil / 7,GH-MOI-00589,5600.00,6799.99,Yes
9920633766136,48966950551800,ACTIVE,1.50 ct DEW Certified Marquise Cut White Moissanite Ring In 18K Gold Plated,18K Gold Plated Vermeil / 5,,5600.00,6799.99,Yes
9920633766136,48966950584568,ACTIVE,1.50 ct DEW Certified Marquise Cut White Moissanite Ring In 18K Gold Plated,18K Gold Plated Vermeil / 6,,5600.00,6799.99,Yes
9920633766136,48966950617336,ACTIVE,1.50 ct DEW Certified Marquise Cut White Moissanite Ring In 18K Gold Plated,18K Gold Plated Vermeil / 8,,5600.00,6799.99,Yes
9920633766136,48966950650104,ACTIVE,1.50 ct DEW Certified Marquise Cut White Moissanite Ring In 18K Gold Plated,18K Gold Plated Vermeil / 9,,5600.00,6799.99,Yes
9920633766136,48966950682872,ACTIVE,1.50 ct DEW Certified Marquise Cut White Moissanite Ring In 18K Gold Plated,18K Gold Plated Vermeil / 10,,5600.00,6799.99,Yes
9920633798904,48966951698680,ACTIVE,2.90 ct DEW Certified Emerald Cut Solitaire White Moissanite Ring 18K Gold Plated Verme 18K Gold Plated,18K Gold Plated Vermeil / 7,GH-MOI-00588,4900.00,5899.99,Yes
9920633798904,48966951731448,ACTIVE,2.90 ct DEW Certified Emerald Cut Solitaire White Moissanite Ring 18K Gold Plated Verme 18K Gold Plated,18K Gold Plated Vermeil / 5,,4200.00,5099.99,Yes
9920633798904,48966951764216,ACTIVE,2.90 ct DEW Certified Emerald Cut Solitaire White Moissanite Ring 18K Gold Plated Verme 18K Gold Plated,18K Gold Plated Vermeil / 6,,4200.00,5099.99,Yes
9920633798904,48966951796984,ACTIVE,2.90 ct DEW Certified Emerald Cut Solitaire White Moissanite Ring 18K Gold Plated Verme 18K Gold Plated,18K Gold Plated Vermeil / 8,,4200.00,5099.99,Yes
9920633798904,48966951829752,ACTIVE,2.90 ct DEW Certified Emerald Cut Solitaire White Moissanite Ring 18K Gold Plated Verme 18K Gold Plated,18K Gold Plated Vermeil / 9,,4200.00,5099.99,Yes
9920633798904,48966951862520,ACTIVE,2.90 ct DEW Certified Emerald Cut Solitaire White Moissanite Ring 18K Gold Plated Verme 18K Gold Plated,18K Gold Plated Vermeil / 10,,4200.00,5099.99,Yes
9920633864440,48966952321272,ACTIVE,2.20 ct DEW Round Cut White Moissanite Solitaire in Engagement Ring 18K Gold Plated Ver 18K Gold Plated,18K Gold Plated Vermeil / 7,GH-MOI-00587,4200.00,5099.99,Yes
9920633864440,48966952354040,ACTIVE,2.20 ct DEW Round Cut White Moissanite Solitaire in Engagement Ring 18K Gold Plated Ver 18K Gold Plated,18K Gold Plated Vermeil / 5,,3500.00,4199.99,Yes
9920633864440,48966952386808,ACTIVE,2.20 ct DEW Round Cut White Moissanite Solitaire in Engagement Ring 18K Gold Plated Ver 18K Gold Plated,18K Gold Plated Vermeil / 6,,3500.00,4199.99,Yes
9920633864440,48966952419576,ACTIVE,2.20 ct DEW Round Cut White Moissanite Solitaire in Engagement Ring 18K Gold Plated Ver 18K Gold Plated,18K Gold Plated Vermeil / 8,,3500.00,4199.99,Yes
9920633864440,48966952452344,ACTIVE,2.20 ct DEW Round Cut White Moissanite Solitaire in Engagement Ring 18K Gold Plated Ver 18K Gold Plated,18K Gold Plated Vermeil / 9,,3500.00,4199.99,Yes
9920633864440,48966952485112,ACTIVE,2.20 ct DEW Round Cut White Moissanite Solitaire in Engagement Ring 18K Gold Plated Ver 18K Gold Plated,18K Gold Plated Vermeil / 10,,3500.00,4199.99,Yes
9920633929976,48966952911096,ACTIVE,32.60 ct DEW Radiant Cut Blue Moissanite Ring 18K Gold Plated,18K Gold Plated Vermeil / 7,GH-MOI-00586,16800.00,16800.00,No (reverted)
9920633929976,48966952943864,ACTIVE,32.60 ct DEW Radiant Cut Blue Moissanite Ring 18K Gold Plated,18K Gold Plated Vermeil / 5,,18900.00,18900.00,No (reverted)
9920633929976,48966952976632,ACTIVE,32.60 ct DEW Radiant Cut Blue Moissanite Ring 18K Gold Plated,18K Gold Plated Vermeil / 6,,18900.00,18900.00,No (reverted)
9920633929976,48966953009400,ACTIVE,32.60 ct DEW Radiant Cut Blue Moissanite Ring 18K Gold Plated,18K Gold Plated Vermeil / 8,,18900.00,18900.00,No (reverted)
9920633929976,48966953042168,ACTIVE,32.60 ct DEW Radiant Cut Blue Moissanite Ring 18K Gold Plated,18K Gold Plated Vermeil / 9,,18900.00,18900.00,No (reverted)
9920633929976,48966953074936,ACTIVE,32.60 ct DEW Radiant Cut Blue Moissanite Ring 18K Gold Plated,18K Gold Plated Vermeil / 10,,18900.00,18900.00,No (reverted)
9920633962744,48966953107704,ACTIVE,7.50 ct DEW Certified Radiant Cut White Moissanite Solitaire Ring In 18K Gold Plated Ve 18K Gold Plated,18K Gold Plated Vermeil / 7,GH-MOI-00585,7700.00,7700.00,No (reverted)
9920633962744,48966953140472,ACTIVE,7.50 ct DEW Certified Radiant Cut White Moissanite Solitaire Ring In 18K Gold Plated Ve 18K Gold Plated,18K Gold Plated Vermeil / 5,,7700.00,7700.00,No (reverted)
9920633962744,48966953173240,ACTIVE,7.50 ct DEW Certified Radiant Cut White Moissanite Solitaire Ring In 18K Gold Plated Ve 18K Gold Plated,18K Gold Plated Vermeil / 6,,7700.00,7700.00,No (reverted)
9920633962744,48966953206008,ACTIVE,7.50 ct DEW Certified Radiant Cut White Moissanite Solitaire Ring In 18K Gold Plated Ve 18K Gold Plated,18K Gold Plated Vermeil / 8,,7700.00,7700.00,No (reverted)
9920633962744,48966953238776,ACTIVE,7.50 ct DEW Certified Radiant Cut White Moissanite Solitaire Ring In 18K Gold Plated Ve 18K Gold Plated,18K Gold Plated Vermeil / 9,,7700.00,7700.00,No (reverted)
9920633962744,48966953271544,ACTIVE,7.50 ct DEW Certified Radiant Cut White Moissanite Solitaire Ring In 18K Gold Plated Ve 18K Gold Plated,18K Gold Plated Vermeil / 10,,7700.00,7700.00,No (reverted)
9920634028280,48966953697528,ACTIVE,Certified 3.75 ct DEW Heart Cut White Moissanite Solitaire Ring In 18K Gold Plated Verm 18K Gold Plated,18K Gold Plated Vermeil / 7,GH-MOI-00584,5600.00,6799.99,Yes
9920634028280,48966953730296,ACTIVE,Certified 3.75 ct DEW Heart Cut White Moissanite Solitaire Ring In 18K Gold Plated Verm 18K Gold Plated,18K Gold Plated Vermeil / 5,GH-MOI-00584-5,5600.00,6799.99,Yes
9920634028280,48966953763064,ACTIVE,Certified 3.75 ct DEW Heart Cut White Moissanite Solitaire Ring In 18K Gold Plated Verm 18K Gold Plated,18K Gold Plated Vermeil / 6,GH-MOI-00584-6,5600.00,6799.99,Yes
9920634028280,48966953795832,ACTIVE,Certified 3.75 ct DEW Heart Cut White Moissanite Solitaire Ring In 18K Gold Plated Verm 18K Gold Plated,18K Gold Plated Vermeil / 8,GH-MOI-00584-8,5600.00,6799.99,Yes
9920634028280,48966953828600,ACTIVE,Certified 3.75 ct DEW Heart Cut White Moissanite Solitaire Ring In 18K Gold Plated Verm 18K Gold Plated,18K Gold Plated Vermeil / 9,GH-MOI-00584-9,5600.00,6799.99,Yes
9920634028280,48966953861368,ACTIVE,Certified 3.75 ct DEW Heart Cut White Moissanite Solitaire Ring In 18K Gold Plated Verm 18K Gold Plated,18K Gold Plated Vermeil / 10,GH-MOI-00584-10,5600.00,6799.99,Yes
9920634126584,48966954320120,ACTIVE,3.50 ct DEW Certified Round Cut White Moissanite Solitaire Ring In 18K Gold Plated Verm 18K Gold Plated,18K Gold Plated Vermeil / 7,GH-MOI-00583,4200.00,5099.99,Yes
9920634126584,48966954352888,ACTIVE,3.50 ct DEW Certified Round Cut White Moissanite Solitaire Ring In 18K Gold Plated Verm 18K Gold Plated,18K Gold Plated Vermeil / 5,GH-MOI-00583-5,4200.00,5099.99,Yes
9920634126584,48966954385656,ACTIVE,3.50 ct DEW Certified Round Cut White Moissanite Solitaire Ring In 18K Gold Plated Verm 18K Gold Plated,18K Gold Plated Vermeil / 6,GH-MOI-00583-6,4200.00,5099.99,Yes
9920634126584,48966954418424,ACTIVE,3.50 ct DEW Certified Round Cut White Moissanite Solitaire Ring In 18K Gold Plated Verm 18K Gold Plated,18K Gold Plated Vermeil / 8,GH-MOI-00583-8,4200.00,5099.99,Yes
9920634126584,48966954451192,ACTIVE,3.50 ct DEW Certified Round Cut White Moissanite Solitaire Ring In 18K Gold Plated Verm 18K Gold Plated,18K Gold Plated Vermeil / 9,GH-MOI-00583-9,4200.00,5099.99,Yes
9920634126584,48966954483960,ACTIVE,3.50 ct DEW Certified Round Cut White Moissanite Solitaire Ring In 18K Gold Plated Verm 18K Gold Plated,18K Gold Plated Vermeil / 10,GH-MOI-00583-10,4200.00,5099.99,Yes
9920634192120,48966954549496,ACTIVE,7.10 Cts Certified Emerald Cut Solitaire White Moissanite Ring 18K Gold Plated Verm 18K Gold Plated,18K Gold Plated Vermeil / 7,GH-MOI-00582,7000.00,7000.00,No (reverted)
9920634192120,48966954582264,ACTIVE,7.10 Cts Certified Emerald Cut Solitaire White Moissanite Ring 18K Gold Plated Verm 18K Gold Plated,18K Gold Plated Vermeil / 5,GH-MOI-00582-5,7000.00,7000.00,No (reverted)
9920634192120,48966954615032,ACTIVE,7.10 Cts Certified Emerald Cut Solitaire White Moissanite Ring 18K Gold Plated Verm 18K Gold Plated,18K Gold Plated Vermeil / 6,GH-MOI-00582-6,7000.00,7000.00,No (reverted)
9920634192120,48966954647800,ACTIVE,7.10 Cts Certified Emerald Cut Solitaire White Moissanite Ring 18K Gold Plated Verm 18K Gold Plated,18K Gold Plated Vermeil / 8,GH-MOI-00582-8,7000.00,7000.00,No (reverted)
9920634192120,48966954680568,ACTIVE,7.10 Cts Certified Emerald Cut Solitaire White Moissanite Ring 18K Gold Plated Verm 18K Gold Plated,18K Gold Plated Vermeil / 9,GH-MOI-00582-9,7000.00,7000.00,No (reverted)
9920634192120,48966954713336,ACTIVE,7.10 Cts Certified Emerald Cut Solitaire White Moissanite Ring 18K Gold Plated Verm 18K Gold Plated,18K Gold Plated Vermeil / 10,GH-MOI-00582-10,7000.00,7000.00,No (reverted)
9920634257656,48966955139320,ACTIVE,2.80 ct DEW Certified Round Cut White Moissanite Solitaire Ring 18K Gold Plated,18K Gold Plated Vermeil / 7,GH-MOI-00581,5600.00,6799.99,Yes
9920634257656,48966955172088,ACTIVE,2.80 ct DEW Certified Round Cut White Moissanite Solitaire Ring 18K Gold Plated,18K Gold Plated Vermeil / 5,GH-MOI-00581-5,5600.00,6799.99,Yes
9920634257656,48966955204856,ACTIVE,2.80 ct DEW Certified Round Cut White Moissanite Solitaire Ring 18K Gold Plated,18K Gold Plated Vermeil / 6,GH-MOI-00581-6,5600.00,6799.99,Yes
9920634257656,48966955237624,ACTIVE,2.80 ct DEW Certified Round Cut White Moissanite Solitaire Ring 18K Gold Plated,18K Gold Plated Vermeil / 8,GH-MOI-00581-8,5600.00,6799.99,Yes
9920634257656,48966955270392,ACTIVE,2.80 ct DEW Certified Round Cut White Moissanite Solitaire Ring 18K Gold Plated,18K Gold Plated Vermeil / 9,GH-MOI-00581-9,5600.00,6799.99,Yes
9920634257656,48966955303160,ACTIVE,2.80 ct DEW Certified Round Cut White Moissanite Solitaire Ring 18K Gold Plated,18K Gold Plated Vermeil / 10,GH-MOI-00581-10,5600.00,6799.99,Yes
9920634290424,48966955335928,ACTIVE,2.70 ct DEW Round Cut White Moissanite Solitaire Ring Certified 18K Gold Plated,18K Gold Plated Vermeil / 7,GH-MOI-00580,4200.00,5099.99,Yes
9920634290424,48966955368696,ACTIVE,2.70 ct DEW Round Cut White Moissanite Solitaire Ring Certified 18K Gold Plated,18K Gold Plated Vermeil / 5,GH-MOI-00580-5,4200.00,5099.99,Yes
9920634290424,48966955401464,ACTIVE,2.70 ct DEW Round Cut White Moissanite Solitaire Ring Certified 18K Gold Plated,18K Gold Plated Vermeil / 6,GH-MOI-00580-6,4200.00,5099.99,Yes
9920634290424,48966955434232,ACTIVE,2.70 ct DEW Round Cut White Moissanite Solitaire Ring Certified 18K Gold Plated,18K Gold Plated Vermeil / 8,GH-MOI-00580-8,4200.00,5099.99,Yes
9920634290424,48966955467000,ACTIVE,2.70 ct DEW Round Cut White Moissanite Solitaire Ring Certified 18K Gold Plated,18K Gold Plated Vermeil / 9,GH-MOI-00580-9,4200.00,5099.99,Yes
9920634290424,48966955499768,ACTIVE,2.70 ct DEW Round Cut White Moissanite Solitaire Ring Certified 18K Gold Plated,18K Gold Plated Vermeil / 10,GH-MOI-00580-10,4200.00,5099.99,Yes
9920634355960,48966956187896,ACTIVE,Certified 3 ct DEW Round Cut White Moissanite Solitaire Ring in 18K Gold Plated Vermei 18K Gold Plated,18K Gold Plated Vermeil / 7,GH-MOI-00579,4200.00,5099.99,Yes
9920634355960,48966956220664,ACTIVE,Certified 3 ct DEW Round Cut White Moissanite Solitaire Ring in 18K Gold Plated Vermei 18K Gold Plated,18K Gold Plated Vermeil / 5,GH-MOI-00579-5,4200.00,5099.99,Yes
9920634355960,48966956253432,ACTIVE,Certified 3 ct DEW Round Cut White Moissanite Solitaire Ring in 18K Gold Plated Vermei 18K Gold Plated,18K Gold Plated Vermeil / 6,GH-MOI-00579-6,4200.00,5099.99,Yes
9920634355960,48966956286200,ACTIVE,Certified 3 ct DEW Round Cut White Moissanite Solitaire Ring in 18K Gold Plated Vermei 18K Gold Plated,18K Gold Plated Vermeil / 8,GH-MOI-00579-8,4200.00,5099.99,Yes
9920634355960,48966956318968,ACTIVE,Certified 3 ct DEW Round Cut White Moissanite Solitaire Ring in 18K Gold Plated Vermei 18K Gold Plated,18K Gold Plated Vermeil / 9,GH-MOI-00579-9,4200.00,5099.99,Yes
9920634355960,48966956351736,ACTIVE,Certified 3 ct DEW Round Cut White Moissanite Solitaire Ring in 18K Gold Plated Vermei 18K Gold Plated,18K Gold Plated Vermeil / 10,GH-MOI-00579-10,4200.00,5099.99,Yes
9920634388728,48966956777720,ACTIVE,Certified 4.60 ct DEW Round Cut White Moissanite Solitaire Statement Ring In 18K Gold P 18K Gold Plated,18K Gold Plated Vermeil / 7,GH-MOI-00578,4900.00,5899.99,Yes
9920634388728,48966956810488,ACTIVE,Certified 4.60 ct DEW Round Cut White Moissanite Solitaire Statement Ring In 18K Gold P 18K Gold Plated,18K Gold Plated Vermeil / 5,GH-MOI-00578-5,4900.00,5899.99,Yes
9920634388728,48966956843256,ACTIVE,Certified 4.60 ct DEW Round Cut White Moissanite Solitaire Statement Ring In 18K Gold P 18K Gold Plated,18K Gold Plated Vermeil / 6,GH-MOI-00578-6,4900.00,5899.99,Yes
9920634388728,48966956876024,ACTIVE,Certified 4.60 ct DEW Round Cut White Moissanite Solitaire Statement Ring In 18K Gold P 18K Gold Plated,18K Gold Plated Vermeil / 8,GH-MOI-00578-8,4900.00,5899.99,Yes
9920634388728,48966956908792,ACTIVE,Certified 4.60 ct DEW Round Cut White Moissanite Solitaire Statement Ring In 18K Gold P 18K Gold Plated,18K Gold Plated Vermeil / 9,GH-MOI-00578-9,4900.00,5899.99,Yes
9920634388728,48966956941560,ACTIVE,Certified 4.60 ct DEW Round Cut White Moissanite Solitaire Statement Ring In 18K Gold P 18K Gold Plated,18K Gold Plated Vermeil / 10,GH-MOI-00578-10,4900.00,5899.99,Yes
9920634454264,48966956974328,ACTIVE,Certified 3.50 ct DEW Cushion Cut White Soliatire Moissanite Solitaire Ring 18K Gold Pla 18K Gold Plated,18K Gold Plated Vermeil / 7,GH-MOI-00577,5600.00,6799.99,Yes
9920634454264,48966957007096,ACTIVE,Certified 3.50 ct DEW Cushion Cut White Soliatire Moissanite Solitaire Ring 18K Gold Pla 18K Gold Plated,18K Gold Plated Vermeil / 5,GH-MOI-00577-5,5600.00,6799.99,Yes
9920634454264,48966957039864,ACTIVE,Certified 3.50 ct DEW Cushion Cut White Soliatire Moissanite Solitaire Ring 18K Gold Pla 18K Gold Plated,18K Gold Plated Vermeil / 6,GH-MOI-00577-6,5600.00,6799.99,Yes
9920634454264,48966957072632,ACTIVE,Certified 3.50 ct DEW Cushion Cut White Soliatire Moissanite Solitaire Ring 18K Gold Pla 18K Gold Plated,18K Gold Plated Vermeil / 8,GH-MOI-00577-8,5600.00,6799.99,Yes
9920634454264,48966957105400,ACTIVE,Certified 3.50 ct DEW Cushion Cut White Soliatire Moissanite Solitaire Ring 18K Gold Pla 18K Gold Plated,18K Gold Plated Vermeil / 9,GH-MOI-00577-9,5600.00,6799.99,Yes
9920634454264,48966957138168,ACTIVE,Certified 3.50 ct DEW Cushion Cut White Soliatire Moissanite Solitaire Ring 18K Gold Pla 18K Gold Plated,18K Gold Plated Vermeil / 10,GH-MOI-00577-10,5600.00,6799.99,Yes
9920634519800,48966957564152,ACTIVE,2.55 ct DEW Certified Round Cut White Moissanite Solitaire Ring 18K Gold Plated,18K Gold Plated Vermeil / 7,GH-MOI-00576,4900.00,5899.99,Yes
9920634519800,48966957596920,ACTIVE,2.55 ct DEW Certified Round Cut White Moissanite Solitaire Ring 18K Gold Plated,18K Gold Plated Vermeil / 5,GH-MOI-00576-5,4900.00,5899.99,Yes
9920634519800,48966957629688,ACTIVE,2.55 ct DEW Certified Round Cut White Moissanite Solitaire Ring 18K Gold Plated,18K Gold Plated Vermeil / 6,GH-MOI-00576-6,4900.00,5899.99,Yes
9920634519800,48966957662456,ACTIVE,2.55 ct DEW Certified Round Cut White Moissanite Solitaire Ring 18K Gold Plated,18K Gold Plated Vermeil / 8,GH-MOI-00576-8,4900.00,5899.99,Yes
9920634519800,48966957695224,ACTIVE,2.55 ct DEW Certified Round Cut White Moissanite Solitaire Ring 18K Gold Plated,18K Gold Plated Vermeil / 9,GH-MOI-00576-9,4900.00,5899.99,Yes
9920634519800,48966957727992,ACTIVE,2.55 ct DEW Certified Round Cut White Moissanite Solitaire Ring 18K Gold Plated,18K Gold Plated Vermeil / 10,GH-MOI-00576-10,4900.00,5899.99,Yes
9920634585336,48966957793528,ACTIVE,4 ct DEW Certified Cushion Cut White Soliatire Moissanite Ring 18K Gold Plated,18K Gold Plated Vermeil / 7,GH-MOI-00575,4900.00,5899.99,Yes
9920634585336,48966957826296,ACTIVE,4 ct DEW Certified Cushion Cut White Soliatire Moissanite Ring 18K Gold Plated,18K Gold Plated Vermeil / 5,GH-MOI-00575-5,4900.00,5899.99,Yes
9920634585336,48966957859064,ACTIVE,4 ct DEW Certified Cushion Cut White Soliatire Moissanite Ring 18K Gold Plated,18K Gold Plated Vermeil / 6,GH-MOI-00575-6,4900.00,5899.99,Yes
9920634585336,48966957891832,ACTIVE,4 ct DEW Certified Cushion Cut White Soliatire Moissanite Ring 18K Gold Plated,18K Gold Plated Vermeil / 8,GH-MOI-00575-8,4900.00,5899.99,Yes
9920634585336,48966957924600,ACTIVE,4 ct DEW Certified Cushion Cut White Soliatire Moissanite Ring 18K Gold Plated,18K Gold Plated Vermeil / 9,GH-MOI-00575-9,4900.00,5899.99,Yes
9920634585336,48966957957368,ACTIVE,4 ct DEW Certified Cushion Cut White Soliatire Moissanite Ring 18K Gold Plated,18K Gold Plated Vermeil / 10,GH-MOI-00575-10,4900.00,5899.99,Yes
9920634650872,48966958383352,ACTIVE,3.10 ct DEW Certified Princess Cut White Solitaire Moissanite Ring 18K Gold Plated Verm 18K Gold Plated,18K Gold Plated Vermeil / 7,GH-MOI-00574,4900.00,5899.99,Yes
9920634650872,48966958416120,ACTIVE,3.10 ct DEW Certified Princess Cut White Solitaire Moissanite Ring 18K Gold Plated Verm 18K Gold Plated,18K Gold Plated Vermeil / 5,GH-MOI-00574-5,4900.00,5899.99,Yes
9920634650872,48966958448888,ACTIVE,3.10 ct DEW Certified Princess Cut White Solitaire Moissanite Ring 18K Gold Plated Verm 18K Gold Plated,18K Gold Plated Vermeil / 6,GH-MOI-00574-6,4900.00,5899.99,Yes
9920634650872,48966958481656,ACTIVE,3.10 ct DEW Certified Princess Cut White Solitaire Moissanite Ring 18K Gold Plated Verm 18K Gold Plated,18K Gold Plated Vermeil / 8,GH-MOI-00574-8,4900.00,5899.99,Yes
9920634650872,48966958514424,ACTIVE,3.10 ct DEW Certified Princess Cut White Solitaire Moissanite Ring 18K Gold Plated Verm 18K Gold Plated,18K Gold Plated Vermeil / 9,GH-MOI-00574-9,4900.00,5899.99,Yes
9920634650872,48966958547192,ACTIVE,3.10 ct DEW Certified Princess Cut White Solitaire Moissanite Ring 18K Gold Plated Verm 18K Gold Plated,18K Gold Plated Vermeil / 10,GH-MOI-00574-10,4900.00,5899.99,Yes
9920634683640,48966958579960,ACTIVE,5.85 ct DEW Certified Cushion Cut White Solitaire Moissanite Ring 18K Gold Plated Verme 18K Gold Plated,18K Gold Plated Vermeil / 7,GH-MOI-00573,7000.00,7000.00,No (reverted)
9920634683640,48966958612728,ACTIVE,5.85 ct DEW Certified Cushion Cut White Solitaire Moissanite Ring 18K Gold Plated Verme 18K Gold Plated,18K Gold Plated Vermeil / 5,GH-MOI-00573-5,7000.00,7000.00,No (reverted)
9920634683640,48966958645496,ACTIVE,5.85 ct DEW Certified Cushion Cut White Solitaire Moissanite Ring 18K Gold Plated Verme 18K Gold Plated,18K Gold Plated Vermeil / 6,GH-MOI-00573-6,7000.00,7000.00,No (reverted)
9920634683640,48966958678264,ACTIVE,5.85 ct DEW Certified Cushion Cut White Solitaire Moissanite Ring 18K Gold Plated Verme 18K Gold Plated,18K Gold Plated Vermeil / 8,GH-MOI-00573-8,7000.00,7000.00,No (reverted)
9920634683640,48966958711032,ACTIVE,5.85 ct DEW Certified Cushion Cut White Solitaire Moissanite Ring 18K Gold Plated Verme 18K Gold Plated,18K Gold Plated Vermeil / 9,GH-MOI-00573-9,7000.00,7000.00,No (reverted)
9920634683640,48966958743800,ACTIVE,5.85 ct DEW Certified Cushion Cut White Solitaire Moissanite Ring 18K Gold Plated Verme 18K Gold Plated,18K Gold Plated Vermeil / 10,GH-MOI-00573-10,7000.00,7000.00,No (reverted)
9920634749176,48966959169784,ACTIVE,4.50 ct DEW Certified Radiant Cut White Solitaire Moissanite Ring 18K Gold Plated Verme 18K Gold Plated,18K Gold Plated Vermeil / 7,GH-MOI-00572,5600.00,6799.99,Yes
9920634749176,48966959202552,ACTIVE,4.50 ct DEW Certified Radiant Cut White Solitaire Moissanite Ring 18K Gold Plated Verme 18K Gold Plated,18K Gold Plated Vermeil / 5,GH-MOI-00572-5,5600.00,6799.99,Yes
9920634749176,48966959235320,ACTIVE,4.50 ct DEW Certified Radiant Cut White Solitaire Moissanite Ring 18K Gold Plated Verme 18K Gold Plated,18K Gold Plated Vermeil / 6,GH-MOI-00572-6,5600.00,6799.99,Yes
9920634749176,48966959268088,ACTIVE,4.50 ct DEW Certified Radiant Cut White Solitaire Moissanite Ring 18K Gold Plated Verme 18K Gold Plated,18K Gold Plated Vermeil / 8,GH-MOI-00572-8,5600.00,6799.99,Yes
9920634749176,48966959300856,ACTIVE,4.50 ct DEW Certified Radiant Cut White Solitaire Moissanite Ring 18K Gold Plated Verme 18K Gold Plated,18K Gold Plated Vermeil / 9,GH-MOI-00572-9,5600.00,6799.99,Yes
9920634749176,48966959333624,ACTIVE,4.50 ct DEW Certified Radiant Cut White Solitaire Moissanite Ring 18K Gold Plated Verme 18K Gold Plated,18K Gold Plated Vermeil / 10,GH-MOI-00572-10,5600.00,6799.99,Yes
9920634814712,48966959759608,ACTIVE,2.70 ct DEW Certified Round Cut White Moissanite Solitaire Ring 18K Gold Plated,18K Gold Plated Vermeil / 7,GH-MOI-00571,4200.00,5099.99,Yes
9920634814712,48966959792376,ACTIVE,2.70 ct DEW Certified Round Cut White Moissanite Solitaire Ring 18K Gold Plated,18K Gold Plated Vermeil / 5,GH-MOI-00571-5,4200.00,5099.99,Yes
9920634814712,48966959825144,ACTIVE,2.70 ct DEW Certified Round Cut White Moissanite Solitaire Ring 18K Gold Plated,18K Gold Plated Vermeil / 6,GH-MOI-00571-6,4200.00,5099.99,Yes
9920634814712,48966959857912,ACTIVE,2.70 ct DEW Certified Round Cut White Moissanite Solitaire Ring 18K Gold Plated,18K Gold Plated Vermeil / 8,GH-MOI-00571-8,4200.00,5099.99,Yes
9920634814712,48966959890680,ACTIVE,2.70 ct DEW Certified Round Cut White Moissanite Solitaire Ring 18K Gold Plated,18K Gold Plated Vermeil / 9,GH-MOI-00571-9,4200.00,5099.99,Yes
9920634814712,48966959923448,ACTIVE,2.70 ct DEW Certified Round Cut White Moissanite Solitaire Ring 18K Gold Plated,18K Gold Plated Vermeil / 10,GH-MOI-00571-10,4200.00,5099.99,Yes
9920634847480,48966959956216,ACTIVE,3.95 ct DEW Certified Radiant Cut Solitaire White Moissanite Ring 18K Gold Plated Verme 18K Gold Plated,18K Gold Plated Vermeil / 7,GH-MOI-00570,3500.00,4199.99,Yes
9920634847480,48966959988984,ACTIVE,3.95 ct DEW Certified Radiant Cut Solitaire White Moissanite Ring 18K Gold Plated Verme 18K Gold Plated,18K Gold Plated Vermeil / 5,GH-MOI-00570-5,3500.00,4199.99,Yes
9920634847480,48966960021752,ACTIVE,3.95 ct DEW Certified Radiant Cut Solitaire White Moissanite Ring 18K Gold Plated Verme 18K Gold Plated,18K Gold Plated Vermeil / 6,GH-MOI-00570-6,3500.00,4199.99,Yes
9920634847480,48966960054520,ACTIVE,3.95 ct DEW Certified Radiant Cut Solitaire White Moissanite Ring 18K Gold Plated Verme 18K Gold Plated,18K Gold Plated Vermeil / 8,GH-MOI-00570-8,3500.00,4199.99,Yes
9920634847480,48966960087288,ACTIVE,3.95 ct DEW Certified Radiant Cut Solitaire White Moissanite Ring 18K Gold Plated Verme 18K Gold Plated,18K Gold Plated Vermeil / 9,GH-MOI-00570-9,3500.00,4199.99,Yes
9920634847480,48966960120056,ACTIVE,3.95 ct DEW Certified Radiant Cut Solitaire White Moissanite Ring 18K Gold Plated Verme 18K Gold Plated,18K Gold Plated Vermeil / 10,GH-MOI-00570-10,3500.00,4199.99,Yes
9920634913016,48966960546040,ACTIVE,5.10 ct DEW Certified Heart Cut Solitaire White Soliatire Moissanite Ring 18K Gold Plat 18K Gold Plated,18K Gold Plated Vermeil / 7,GH-MOI-00569,7000.00,7000.00,No (reverted)
9920634913016,48966960578808,ACTIVE,5.10 ct DEW Certified Heart Cut Solitaire White Soliatire Moissanite Ring 18K Gold Plat 18K Gold Plated,18K Gold Plated Vermeil / 5,GH-MOI-00569-5,7000.00,7000.00,No (reverted)
9920634913016,48966960611576,ACTIVE,5.10 ct DEW Certified Heart Cut Solitaire White Soliatire Moissanite Ring 18K Gold Plat 18K Gold Plated,18K Gold Plated Vermeil / 6,GH-MOI-00569-6,7000.00,7000.00,No (reverted)
9920634913016,48966960644344,ACTIVE,5.10 ct DEW Certified Heart Cut Solitaire White Soliatire Moissanite Ring 18K Gold Plat 18K Gold Plated,18K Gold Plated Vermeil / 8,GH-MOI-00569-8,7000.00,7000.00,No (reverted)
9920634913016,48966960677112,ACTIVE,5.10 ct DEW Certified Heart Cut Solitaire White Soliatire Moissanite Ring 18K Gold Plat 18K Gold Plated,18K Gold Plated Vermeil / 9,GH-MOI-00569-9,7000.00,7000.00,No (reverted)
9920634913016,48966960709880,ACTIVE,5.10 ct DEW Certified Heart Cut Solitaire White Soliatire Moissanite Ring 18K Gold Plat 18K Gold Plated,18K Gold Plated Vermeil / 10,GH-MOI-00569-10,7000.00,7000.00,No (reverted)
9920634945784,48966960742648,ACTIVE,2.80 ct DEW Round Cut White Moissanite Solitaire Ring Certified 18K Gold Plated,18K Gold Plated Vermeil / 7,GH-MOI-00568,4200.00,5099.99,Yes
9920634945784,48966960775416,ACTIVE,2.80 ct DEW Round Cut White Moissanite Solitaire Ring Certified 18K Gold Plated,18K Gold Plated Vermeil / 5,GH-MOI-00568-5,4200.00,5099.99,Yes
9920634945784,48966960808184,ACTIVE,2.80 ct DEW Round Cut White Moissanite Solitaire Ring Certified 18K Gold Plated,18K Gold Plated Vermeil / 6,GH-MOI-00568-6,4200.00,5099.99,Yes
9920634945784,48966960840952,ACTIVE,2.80 ct DEW Round Cut White Moissanite Solitaire Ring Certified 18K Gold Plated,18K Gold Plated Vermeil / 8,GH-MOI-00568-8,4200.00,5099.99,Yes
9920634945784,48966960873720,ACTIVE,2.80 ct DEW Round Cut White Moissanite Solitaire Ring Certified 18K Gold Plated,18K Gold Plated Vermeil / 9,GH-MOI-00568-9,4200.00,5099.99,Yes
9920634945784,48966960906488,ACTIVE,2.80 ct DEW Round Cut White Moissanite Solitaire Ring Certified 18K Gold Plated,18K Gold Plated Vermeil / 10,GH-MOI-00568-10,4200.00,5099.99,Yes
9920635011320,48966961332472,ACTIVE,3.25 ct DEW Certified Pear Cut White Moissanite Solitaire Ring 18K Gold Plated,18K Gold Plated Vermeil / 7,GH-MOI-00567,4900.00,5899.99,Yes
9920635011320,48966961365240,ACTIVE,3.25 ct DEW Certified Pear Cut White Moissanite Solitaire Ring 18K Gold Plated,18K Gold Plated Vermeil / 5,GH-MOI-00567-5,4900.00,5899.99,Yes
9920635011320,48966961398008,ACTIVE,3.25 ct DEW Certified Pear Cut White Moissanite Solitaire Ring 18K Gold Plated,18K Gold Plated Vermeil / 6,GH-MOI-00567-6,4900.00,5899.99,Yes
9920635011320,48966961430776,ACTIVE,3.25 ct DEW Certified Pear Cut White Moissanite Solitaire Ring 18K Gold Plated,18K Gold Plated Vermeil / 8,GH-MOI-00567-8,4900.00,5899.99,Yes
9920635011320,48966961463544,ACTIVE,3.25 ct DEW Certified Pear Cut White Moissanite Solitaire Ring 18K Gold Plated,18K Gold Plated Vermeil / 9,GH-MOI-00567-9,4900.00,5899.99,Yes
9920635011320,48966961496312,ACTIVE,3.25 ct DEW Certified Pear Cut White Moissanite Solitaire Ring 18K Gold Plated,18K Gold Plated Vermeil / 10,GH-MOI-00567-10,4900.00,5899.99,Yes
9920635076856,48966961922296,ACTIVE,2.40 ct DEW Certified Asscher Cut White Solitaire Moissanite Ring 18K Gold Plated Verme 18K Gold Plated,18K Gold Plated Vermeil / 7,GH-MOI-00566,4200.00,5099.99,Yes
9920635076856,48966961955064,ACTIVE,2.40 ct DEW Certified Asscher Cut White Solitaire Moissanite Ring 18K Gold Plated Verme 18K Gold Plated,18K Gold Plated Vermeil / 5,GH-MOI-00566-5,4200.00,5099.99,Yes
9920635076856,48966961987832,ACTIVE,2.40 ct DEW Certified Asscher Cut White Solitaire Moissanite Ring 18K Gold Plated Verme 18K Gold Plated,18K Gold Plated Vermeil / 6,GH-MOI-00566-6,4200.00,5099.99,Yes
9920635076856,48966962020600,ACTIVE,2.40 ct DEW Certified Asscher Cut White Solitaire Moissanite Ring 18K Gold Plated Verme 18K Gold Plated,18K Gold Plated Vermeil / 8,GH-MOI-00566-8,4200.00,5099.99,Yes
9920635076856,48966962053368,ACTIVE,2.40 ct DEW Certified Asscher Cut White Solitaire Moissanite Ring 18K Gold Plated Verme 18K Gold Plated,18K Gold Plated Vermeil / 9,GH-MOI-00566-9,4200.00,5099.99,Yes
9920635076856,48966962086136,ACTIVE,2.40 ct DEW Certified Asscher Cut White Solitaire Moissanite Ring 18K Gold Plated Verme 18K Gold Plated,18K Gold Plated Vermeil / 10,GH-MOI-00566-10,4200.00,5099.99,Yes
9920635109624,48966962118904,ACTIVE,3.20 ct DEW Certified Round Cut White Moissanite Solitaire Ring 18K Gold Plated,18K Gold Plated Vermeil / 7,GH-MOI-00565,5600.00,6799.99,Yes
9920635109624,48966962151672,ACTIVE,3.20 ct DEW Certified Round Cut White Moissanite Solitaire Ring 18K Gold Plated,18K Gold Plated Vermeil / 5,GH-MOI-00565-5,5600.00,6799.99,Yes
9920635109624,48966962184440,ACTIVE,3.20 ct DEW Certified Round Cut White Moissanite Solitaire Ring 18K Gold Plated,18K Gold Plated Vermeil / 6,GH-MOI-00565-6,5600.00,6799.99,Yes
9920635109624,48966962217208,ACTIVE,3.20 ct DEW Certified Round Cut White Moissanite Solitaire Ring 18K Gold Plated,18K Gold Plated Vermeil / 8,GH-MOI-00565-8,5600.00,6799.99,Yes
9920635109624,48966962249976,ACTIVE,3.20 ct DEW Certified Round Cut White Moissanite Solitaire Ring 18K Gold Plated,18K Gold Plated Vermeil / 9,GH-MOI-00565-9,5600.00,6799.99,Yes
9920635109624,48966962282744,ACTIVE,3.20 ct DEW Certified Round Cut White Moissanite Solitaire Ring 18K Gold Plated,18K Gold Plated Vermeil / 10,GH-MOI-00565-10,5600.00,6799.99,Yes
9920635175160,48966962708728,ACTIVE,Certified 3.40 ct DEW White Moissanite Solitaire Statement Ring 18K Gold Plated,18K Gold Plated Vermeil / 7,GH-MOI-00564,4200.00,5099.99,Yes
9920635175160,48966962741496,ACTIVE,Certified 3.40 ct DEW White Moissanite Solitaire Statement Ring 18K Gold Plated,18K Gold Plated Vermeil / 5,GH-MOI-00564-5,4200.00,5099.99,Yes
9920635175160,48966962774264,ACTIVE,Certified 3.40 ct DEW White Moissanite Solitaire Statement Ring 18K Gold Plated,18K Gold Plated Vermeil / 6,GH-MOI-00564-6,4200.00,5099.99,Yes
9920635175160,48966962807032,ACTIVE,Certified 3.40 ct DEW White Moissanite Solitaire Statement Ring 18K Gold Plated,18K Gold Plated Vermeil / 8,GH-MOI-00564-8,4200.00,5099.99,Yes
9920635175160,48966962839800,ACTIVE,Certified 3.40 ct DEW White Moissanite Solitaire Statement Ring 18K Gold Plated,18K Gold Plated Vermeil / 9,GH-MOI-00564-9,4200.00,5099.99,Yes
9920635175160,48966962872568,ACTIVE,Certified 3.40 ct DEW White Moissanite Solitaire Statement Ring 18K Gold Plated,18K Gold Plated Vermeil / 10,GH-MOI-00564-10,4200.00,5099.99,Yes
9920635273464,48966963331320,ACTIVE,2.30 ct DEW Certified Cushion Cut White Solitaire Moissanite Ring 18K Gold Plated Verme 18K Gold Plated,18K Gold Plated Vermeil / 7,GH-MOI-00563,3500.00,4199.99,Yes
9920635273464,48966963364088,ACTIVE,2.30 ct DEW Certified Cushion Cut White Solitaire Moissanite Ring 18K Gold Plated Verme 18K Gold Plated,18K Gold Plated Vermeil / 5,GH-MOI-00563-5,3500.00,4199.99,Yes
9920635273464,48966963396856,ACTIVE,2.30 ct DEW Certified Cushion Cut White Solitaire Moissanite Ring 18K Gold Plated Verme 18K Gold Plated,18K Gold Plated Vermeil / 6,GH-MOI-00563-6,3500.00,4199.99,Yes
9920635273464,48966963429624,ACTIVE,2.30 ct DEW Certified Cushion Cut White Solitaire Moissanite Ring 18K Gold Plated Verme 18K Gold Plated,18K Gold Plated Vermeil / 8,GH-MOI-00563-8,3500.00,4199.99,Yes
9920635273464,48966963462392,ACTIVE,2.30 ct DEW Certified Cushion Cut White Solitaire Moissanite Ring 18K Gold Plated Verme 18K Gold Plated,18K Gold Plated Vermeil / 9,GH-MOI-00563-9,3500.00,4199.99,Yes
9920635273464,48966963495160,ACTIVE,2.30 ct DEW Certified Cushion Cut White Solitaire Moissanite Ring 18K Gold Plated Verme 18K Gold Plated,18K Gold Plated Vermeil / 10,GH-MOI-00563-10,3500.00,4199.99,Yes
9920635306232,48966963527928,ACTIVE,3.25 ct DEW Certified Radiant Cut White Solitaire Moissanite Ring 18K Gold Plated Verme 18K Gold Plated,18K Gold Plated Vermeil / 7,GH-MOI-00562,3500.00,4199.99,Yes
9920635306232,48966963560696,ACTIVE,3.25 ct DEW Certified Radiant Cut White Solitaire Moissanite Ring 18K Gold Plated Verme 18K Gold Plated,18K Gold Plated Vermeil / 5,GH-MOI-00562-5,3500.00,4199.99,Yes
9920635306232,48966963593464,ACTIVE,3.25 ct DEW Certified Radiant Cut White Solitaire Moissanite Ring 18K Gold Plated Verme 18K Gold Plated,18K Gold Plated Vermeil / 6,GH-MOI-00562-6,3500.00,4199.99,Yes
9920635306232,48966963626232,ACTIVE,3.25 ct DEW Certified Radiant Cut White Solitaire Moissanite Ring 18K Gold Plated Verme 18K Gold Plated,18K Gold Plated Vermeil / 8,GH-MOI-00562-8,3500.00,4199.99,Yes
9920635306232,48966963659000,ACTIVE,3.25 ct DEW Certified Radiant Cut White Solitaire Moissanite Ring 18K Gold Plated Verme 18K Gold Plated,18K Gold Plated Vermeil / 9,GH-MOI-00562-9,3500.00,4199.99,Yes
9920635306232,48966963691768,ACTIVE,3.25 ct DEW Certified Radiant Cut White Solitaire Moissanite Ring 18K Gold Plated Verme 18K Gold Plated,18K Gold Plated Vermeil / 10,GH-MOI-00562-10,3500.00,4199.99,Yes
9920635371768,48966964117752,ACTIVE,3.90 ct DEW Oval Cut White Moissanite Ring For Engagement 18K Gold Plated,18K Gold Plated Vermeil / 7,GH-MOI-00561,4900.00,5899.99,Yes
9920635371768,48966964150520,ACTIVE,3.90 ct DEW Oval Cut White Moissanite Ring For Engagement 18K Gold Plated,18K Gold Plated Vermeil / 5,GH-MOI-00561-5,4900.00,5899.99,Yes
9920635371768,48966964183288,ACTIVE,3.90 ct DEW Oval Cut White Moissanite Ring For Engagement 18K Gold Plated,18K Gold Plated Vermeil / 6,GH-MOI-00561-6,4900.00,5899.99,Yes
9920635371768,48966964216056,ACTIVE,3.90 ct DEW Oval Cut White Moissanite Ring For Engagement 18K Gold Plated,18K Gold Plated Vermeil / 8,GH-MOI-00561-8,4900.00,5899.99,Yes
9920635371768,48966964248824,ACTIVE,3.90 ct DEW Oval Cut White Moissanite Ring For Engagement 18K Gold Plated,18K Gold Plated Vermeil / 9,GH-MOI-00561-9,4900.00,5899.99,Yes
9920635371768,48966964281592,ACTIVE,3.90 ct DEW Oval Cut White Moissanite Ring For Engagement 18K Gold Plated,18K Gold Plated Vermeil / 10,GH-MOI-00561-10,4900.00,5899.99,Yes
9920635437304,48966964707576,ACTIVE,Certified 2.60 Cts Cushion Cut White Moissanite Solitaire Ring 18K Gold Plated Verm 18K Gold Plated,18K Gold Plated Vermeil / 7,GH-MOI-00560,4200.00,5099.99,Yes
9920635437304,48966964740344,ACTIVE,Certified 2.60 Cts Cushion Cut White Moissanite Solitaire Ring 18K Gold Plated Verm 18K Gold Plated,18K Gold Plated Vermeil / 5,GH-MOI-00560-5,4200.00,5099.99,Yes
9920635437304,48966964773112,ACTIVE,Certified 2.60 Cts Cushion Cut White Moissanite Solitaire Ring 18K Gold Plated Verm 18K Gold Plated,18K Gold Plated Vermeil / 6,GH-MOI-00560-6,4200.00,5099.99,Yes
9920635437304,48966964805880,ACTIVE,Certified 2.60 Cts Cushion Cut White Moissanite Solitaire Ring 18K Gold Plated Verm 18K Gold Plated,18K Gold Plated Vermeil / 8,GH-MOI-00560-8,4200.00,5099.99,Yes
9920635437304,48966964838648,ACTIVE,Certified 2.60 Cts Cushion Cut White Moissanite Solitaire Ring 18K Gold Plated Verm 18K Gold Plated,18K Gold Plated Vermeil / 9,GH-MOI-00560-9,4200.00,5099.99,Yes
9920635437304,48966964871416,ACTIVE,Certified 2.60 Cts Cushion Cut White Moissanite Solitaire Ring 18K Gold Plated Verm 18K Gold Plated,18K Gold Plated Vermeil / 10,GH-MOI-00560-10,4200.00,5099.99,Yes
9920635535608,48966965330168,ACTIVE,Certified 2.50 ct DEW Pear Cut White Moissanite Solitaire Ring In 18K Gold Plated Verme 18K Gold Plated,18K Gold Plated Vermeil / 7,GH-MOI-00559,4900.00,5899.99,Yes
9920635535608,48966965362936,ACTIVE,Certified 2.50 ct DEW Pear Cut White Moissanite Solitaire Ring In 18K Gold Plated Verme 18K Gold Plated,18K Gold Plated Vermeil / 5,GH-MOI-00559-5,4900.00,5899.99,Yes
9920635535608,48966965395704,ACTIVE,Certified 2.50 ct DEW Pear Cut White Moissanite Solitaire Ring In 18K Gold Plated Verme 18K Gold Plated,18K Gold Plated Vermeil / 6,GH-MOI-00559-6,4900.00,5899.99,Yes
9920635535608,48966965428472,ACTIVE,Certified 2.50 ct DEW Pear Cut White Moissanite Solitaire Ring In 18K Gold Plated Verme 18K Gold Plated,18K Gold Plated Vermeil / 8,GH-MOI-00559-8,4900.00,5899.99,Yes
9920635535608,48966965461240,ACTIVE,Certified 2.50 ct DEW Pear Cut White Moissanite Solitaire Ring In 18K Gold Plated Verme 18K Gold Plated,18K Gold Plated Vermeil / 9,GH-MOI-00559-9,4900.00,5899.99,Yes
9920635535608,48966965494008,ACTIVE,Certified 2.50 ct DEW Pear Cut White Moissanite Solitaire Ring In 18K Gold Plated Verme 18K Gold Plated,18K Gold Plated Vermeil / 10,GH-MOI-00559-10,4900.00,5899.99,Yes
9920635568376,48966965526776,ACTIVE,Certified 3.28 ct DEW Round Cut White Moissanite Solitaire Ring In 18K Gold Plated Verme 18K Gold Plated,18K Gold Plated Vermeil / 7,GH-MOI-00558,4200.00,5099.99,Yes
9920635568376,48966965559544,ACTIVE,Certified 3.28 ct DEW Round Cut White Moissanite Solitaire Ring In 18K Gold Plated Verme 18K Gold Plated,18K Gold Plated Vermeil / 5,GH-MOI-00558-5,4200.00,5099.99,Yes
9920635568376,48966965592312,ACTIVE,Certified 3.28 ct DEW Round Cut White Moissanite Solitaire Ring In 18K Gold Plated Verme 18K Gold Plated,18K Gold Plated Vermeil / 6,GH-MOI-00558-6,4200.00,5099.99,Yes
9920635568376,48966965625080,ACTIVE,Certified 3.28 ct DEW Round Cut White Moissanite Solitaire Ring In 18K Gold Plated Verme 18K Gold Plated,18K Gold Plated Vermeil / 8,GH-MOI-00558-8,4200.00,5099.99,Yes
9920635568376,48966965657848,ACTIVE,Certified 3.28 ct DEW Round Cut White Moissanite Solitaire Ring In 18K Gold Plated Verme 18K Gold Plated,18K Gold Plated Vermeil / 9,GH-MOI-00558-9,4200.00,5099.99,Yes
9920635568376,48966965690616,ACTIVE,Certified 3.28 ct DEW Round Cut White Moissanite Solitaire Ring In 18K Gold Plated Verme 18K Gold Plated,18K Gold Plated Vermeil / 10,GH-MOI-00558-10,4200.00,5099.99,Yes
9920635633912,48966966116600,ACTIVE,2.50 ct DEW Certified Cushion Cut White Moissanite Solitaire Ring 18K Gold Plated Verme 18K Gold Plated,18K Gold Plated Vermeil / 7,GH-MOI-00557,4200.00,5099.99,Yes
9920635633912,48966966149368,ACTIVE,2.50 ct DEW Certified Cushion Cut White Moissanite Solitaire Ring 18K Gold Plated Verme 18K Gold Plated,18K Gold Plated Vermeil / 5,GH-MOI-00557-5,4200.00,5099.99,Yes
9920635633912,48966966182136,ACTIVE,2.50 ct DEW Certified Cushion Cut White Moissanite Solitaire Ring 18K Gold Plated Verme 18K Gold Plated,18K Gold Plated Vermeil / 6,GH-MOI-00557-6,4200.00,5099.99,Yes
9920635633912,48966966214904,ACTIVE,2.50 ct DEW Certified Cushion Cut White Moissanite Solitaire Ring 18K Gold Plated Verme 18K Gold Plated,18K Gold Plated Vermeil / 8,GH-MOI-00557-8,4200.00,5099.99,Yes
9920635633912,48966966247672,ACTIVE,2.50 ct DEW Certified Cushion Cut White Moissanite Solitaire Ring 18K Gold Plated Verme 18K Gold Plated,18K Gold Plated Vermeil / 9,GH-MOI-00557-9,4200.00,5099.99,Yes
9920635633912,48966966280440,ACTIVE,2.50 ct DEW Certified Cushion Cut White Moissanite Solitaire Ring 18K Gold Plated Verme 18K Gold Plated,18K Gold Plated Vermeil / 10,GH-MOI-00557-10,4200.00,5099.99,Yes
9920635699448,48966966706424,ACTIVE,2.60 ct DEW Certified Cushion Cut White Moissanite Ring For Wedding 18K Gold Plated Ver 18K Gold Plated,18K Gold Plated Vermeil / 7,GH-MOI-00556,4200.00,5099.99,Yes
9920635699448,48966966739192,ACTIVE,2.60 ct DEW Certified Cushion Cut White Moissanite Ring For Wedding 18K Gold Plated Ver 18K Gold Plated,18K Gold Plated Vermeil / 5,GH-MOI-00556-5,4200.00,5099.99,Yes
9920635699448,48966966771960,ACTIVE,2.60 ct DEW Certified Cushion Cut White Moissanite Ring For Wedding 18K Gold Plated Ver 18K Gold Plated,18K Gold Plated Vermeil / 6,GH-MOI-00556-6,4200.00,5099.99,Yes
9920635699448,48966966804728,ACTIVE,2.60 ct DEW Certified Cushion Cut White Moissanite Ring For Wedding 18K Gold Plated Ver 18K Gold Plated,18K Gold Plated Vermeil / 8,GH-MOI-00556-8,4200.00,5099.99,Yes
9920635699448,48966966837496,ACTIVE,2.60 ct DEW Certified Cushion Cut White Moissanite Ring For Wedding 18K Gold Plated Ver 18K Gold Plated,18K Gold Plated Vermeil / 9,GH-MOI-00556-9,4200.00,5099.99,Yes
9920635699448,48966966870264,ACTIVE,2.60 ct DEW Certified Cushion Cut White Moissanite Ring For Wedding 18K Gold Plated Ver 18K Gold Plated,18K Gold Plated Vermeil / 10,GH-MOI-00556-10,4200.00,5099.99,Yes
9920635732216,48966966903032,ACTIVE,2 ct DEW Certified Cushion Cut Off White Moissanite Solitaire Ring 18K Gold Plated Verm 18K Gold Plated,18K Gold Plated Vermeil / 7,GH-MOI-00555,4200.00,5099.99,Yes
9920635732216,48966966935800,ACTIVE,2 ct DEW Certified Cushion Cut Off White Moissanite Solitaire Ring 18K Gold Plated Verm 18K Gold Plated,18K Gold Plated Vermeil / 5,GH-MOI-00555-5,4200.00,5099.99,Yes
9920635732216,48966966968568,ACTIVE,2 ct DEW Certified Cushion Cut Off White Moissanite Solitaire Ring 18K Gold Plated Verm 18K Gold Plated,18K Gold Plated Vermeil / 6,GH-MOI-00555-6,4200.00,5099.99,Yes
9920635732216,48966967001336,ACTIVE,2 ct DEW Certified Cushion Cut Off White Moissanite Solitaire Ring 18K Gold Plated Verm 18K Gold Plated,18K Gold Plated Vermeil / 8,GH-MOI-00555-8,4200.00,5099.99,Yes
9920635732216,48966967034104,ACTIVE,2 ct DEW Certified Cushion Cut Off White Moissanite Solitaire Ring 18K Gold Plated Verm 18K Gold Plated,18K Gold Plated Vermeil / 9,GH-MOI-00555-9,4200.00,5099.99,Yes
9920635732216,48966967066872,ACTIVE,2 ct DEW Certified Cushion Cut Off White Moissanite Solitaire Ring 18K Gold Plated Verm 18K Gold Plated,18K Gold Plated Vermeil / 10,GH-MOI-00555-10,4200.00,5099.99,Yes
9920635797752,48966967492856,ACTIVE,2.90 ct DEW Emerald Cut Certified White Moissanite Ring For Women 18K Gold Plated Verme 18K Gold Plated,18K Gold Plated Vermeil / 7,GH-MOI-00554,4200.00,5099.99,Yes
9920635797752,48966967525624,ACTIVE,2.90 ct DEW Emerald Cut Certified White Moissanite Ring For Women 18K Gold Plated Verme 18K Gold Plated,18K Gold Plated Vermeil / 5,GH-MOI-00554-5,4200.00,5099.99,Yes
9920635797752,48966967558392,ACTIVE,2.90 ct DEW Emerald Cut Certified White Moissanite Ring For Women 18K Gold Plated Verme 18K Gold Plated,18K Gold Plated Vermeil / 6,GH-MOI-00554-6,4200.00,5099.99,Yes
9920635797752,48966967591160,ACTIVE,2.90 ct DEW Emerald Cut Certified White Moissanite Ring For Women 18K Gold Plated Verme 18K Gold Plated,18K Gold Plated Vermeil / 8,GH-MOI-00554-8,4200.00,5099.99,Yes
9920635797752,48966967623928,ACTIVE,2.90 ct DEW Emerald Cut Certified White Moissanite Ring For Women 18K Gold Plated Verme 18K Gold Plated,18K Gold Plated Vermeil / 9,GH-MOI-00554-9,4200.00,5099.99,Yes
9920635797752,48966967656696,ACTIVE,2.90 ct DEW Emerald Cut Certified White Moissanite Ring For Women 18K Gold Plated Verme 18K Gold Plated,18K Gold Plated Vermeil / 10,GH-MOI-00554-10,4200.00,5099.99,Yes
9920635863288,48966968082680,ACTIVE,"Certified 2.50 ct DEW Round Cut Moissanite Solitaire Ring, Double Prongs 18K Gold Plate 18K Gold Plated",18K Gold Plated Vermeil / 7,GH-MOI-00553,2800.00,4199.99,Yes (raised to 4199.99 minimum)
9920635863288,48966968115448,ACTIVE,"Certified 2.50 ct DEW Round Cut Moissanite Solitaire Ring, Double Prongs 18K Gold Plate 18K Gold Plated",18K Gold Plated Vermeil / 5,GH-MOI-00553-5,2800.00,4199.99,Yes (raised to 4199.99 minimum)
9920635863288,48966968148216,ACTIVE,"Certified 2.50 ct DEW Round Cut Moissanite Solitaire Ring, Double Prongs 18K Gold Plate 18K Gold Plated",18K Gold Plated Vermeil / 6,GH-MOI-00553-6,2800.00,4199.99,Yes (raised to 4199.99 minimum)
9920635863288,48966968180984,ACTIVE,"Certified 2.50 ct DEW Round Cut Moissanite Solitaire Ring, Double Prongs 18K Gold Plate 18K Gold Plated",18K Gold Plated Vermeil / 8,GH-MOI-00553-8,2800.00,4199.99,Yes (raised to 4199.99 minimum)
9920635863288,48966968213752,ACTIVE,"Certified 2.50 ct DEW Round Cut Moissanite Solitaire Ring, Double Prongs 18K Gold Plate 18K Gold Plated",18K Gold Plated Vermeil / 9,GH-MOI-00553-9,2800.00,4199.99,Yes (raised to 4199.99 minimum)
9920635863288,48966968246520,ACTIVE,"Certified 2.50 ct DEW Round Cut Moissanite Solitaire Ring, Double Prongs 18K Gold Plate 18K Gold Plated",18K Gold Plated Vermeil / 10,GH-MOI-00553-10,2800.00,4199.99,Yes (raised to 4199.99 minimum)
9920635896056,48966968279288,ACTIVE,2.30 ct DEW Certified Round Cut White Moissanite Sterling Solitaire Ring 18K Gold Plat 18K Gold Plated,18K Gold Plated Vermeil / 7,GH-MOI-00552,3500.00,4199.99,Yes
9920635896056,48966968312056,ACTIVE,2.30 ct DEW Certified Round Cut White Moissanite Sterling Solitaire Ring 18K Gold Plat 18K Gold Plated,18K Gold Plated Vermeil / 5,GH-MOI-00552-5,3500.00,4199.99,Yes
9920635896056,48966968344824,ACTIVE,2.30 ct DEW Certified Round Cut White Moissanite Sterling Solitaire Ring 18K Gold Plat 18K Gold Plated,18K Gold Plated Vermeil / 6,GH-MOI-00552-6,3500.00,4199.99,Yes
9920635896056,48966968377592,ACTIVE,2.30 ct DEW Certified Round Cut White Moissanite Sterling Solitaire Ring 18K Gold Plat 18K Gold Plated,18K Gold Plated Vermeil / 8,GH-MOI-00552-8,3500.00,4199.99,Yes
9920635896056,48966968410360,ACTIVE,2.30 ct DEW Certified Round Cut White Moissanite Sterling Solitaire Ring 18K Gold Plat 18K Gold Plated,18K Gold Plated Vermeil / 9,GH-MOI-00552-9,3500.00,4199.99,Yes
9920635896056,48966968443128,ACTIVE,2.30 ct DEW Certified Round Cut White Moissanite Sterling Solitaire Ring 18K Gold Plat 18K Gold Plated,18K Gold Plated Vermeil / 10,GH-MOI-00552-10,3500.00,4199.99,Yes
9920635961592,48966968869112,ACTIVE,Certified 2.60 ct DEW Cushion Cut White Moissanite Solitaire Ring 18K Gold Plated Vermei 18K Gold Plated,18K Gold Plated Vermeil / 7,GH-MOI-00551,4200.00,5099.99,Yes
9920635961592,48966968901880,ACTIVE,Certified 2.60 ct DEW Cushion Cut White Moissanite Solitaire Ring 18K Gold Plated Vermei 18K Gold Plated,18K Gold Plated Vermeil / 5,GH-MOI-00551-5,4200.00,5099.99,Yes
9920635961592,48966968934648,ACTIVE,Certified 2.60 ct DEW Cushion Cut White Moissanite Solitaire Ring 18K Gold Plated Vermei 18K Gold Plated,18K Gold Plated Vermeil / 6,GH-MOI-00551-6,4200.00,5099.99,Yes
9920635961592,48966968967416,ACTIVE,Certified 2.60 ct DEW Cushion Cut White Moissanite Solitaire Ring 18K Gold Plated Vermei 18K Gold Plated,18K Gold Plated Vermeil / 8,GH-MOI-00551-8,4200.00,5099.99,Yes
9920635961592,48966969000184,ACTIVE,Certified 2.60 ct DEW Cushion Cut White Moissanite Solitaire Ring 18K Gold Plated Vermei 18K Gold Plated,18K Gold Plated Vermeil / 9,GH-MOI-00551-9,4200.00,5099.99,Yes
9920635961592,48966969032952,ACTIVE,Certified 2.60 ct DEW Cushion Cut White Moissanite Solitaire Ring 18K Gold Plated Vermei 18K Gold Plated,18K Gold Plated Vermeil / 10,GH-MOI-00551-10,4200.00,5099.99,Yes
9920636027128,48966969458936,ACTIVE,Certified 3.50 ct DEW Round Cut White Moissanite Solitaire Engagement Ring 18K Gold Pla 18K Gold Plated,18K Gold Plated Vermeil / 7,GH-MOI-00550,4200.00,5099.99,Yes
9920636027128,48966969491704,ACTIVE,Certified 3.50 ct DEW Round Cut White Moissanite Solitaire Engagement Ring 18K Gold Pla 18K Gold Plated,18K Gold Plated Vermeil / 5,GH-MOI-00550-5,4200.00,5099.99,Yes
9920636027128,48966969524472,ACTIVE,Certified 3.50 ct DEW Round Cut White Moissanite Solitaire Engagement Ring 18K Gold Pla 18K Gold Plated,18K Gold Plated Vermeil / 6,GH-MOI-00550-6,4200.00,5099.99,Yes
9920636027128,48966969557240,ACTIVE,Certified 3.50 ct DEW Round Cut White Moissanite Solitaire Engagement Ring 18K Gold Pla 18K Gold Plated,18K Gold Plated Vermeil / 8,GH-MOI-00550-8,4200.00,5099.99,Yes
9920636027128,48966969590008,ACTIVE,Certified 3.50 ct DEW Round Cut White Moissanite Solitaire Engagement Ring 18K Gold Pla 18K Gold Plated,18K Gold Plated Vermeil / 9,GH-MOI-00550-9,4200.00,5099.99,Yes
9920636027128,48966969622776,ACTIVE,Certified 3.50 ct DEW Round Cut White Moissanite Solitaire Engagement Ring 18K Gold Pla 18K Gold Plated,18K Gold Plated Vermeil / 10,GH-MOI-00550-10,4200.00,5099.99,Yes
9920636059896,48966969655544,ACTIVE,3.90 Cts Certified Oval Cut White Moissanite Solitaire Ring 18K Gold Plated,18K Gold Plated Vermeil / 7,GH-MOI-00549,5600.00,6799.99,Yes
9920636059896,48966969688312,ACTIVE,3.90 Cts Certified Oval Cut White Moissanite Solitaire Ring 18K Gold Plated,18K Gold Plated Vermeil / 5,GH-MOI-00549-5,5600.00,6799.99,Yes
9920636059896,48966969721080,ACTIVE,3.90 Cts Certified Oval Cut White Moissanite Solitaire Ring 18K Gold Plated,18K Gold Plated Vermeil / 6,GH-MOI-00549-6,5600.00,6799.99,Yes
9920636059896,48966969753848,ACTIVE,3.90 Cts Certified Oval Cut White Moissanite Solitaire Ring 18K Gold Plated,18K Gold Plated Vermeil / 8,GH-MOI-00549-8,5600.00,6799.99,Yes
9920636059896,48966969786616,ACTIVE,3.90 Cts Certified Oval Cut White Moissanite Solitaire Ring 18K Gold Plated,18K Gold Plated Vermeil / 9,GH-MOI-00549-9,5600.00,6799.99,Yes
9920636059896,48966969819384,ACTIVE,3.90 Cts Certified Oval Cut White Moissanite Solitaire Ring 18K Gold Plated,18K Gold Plated Vermeil / 10,GH-MOI-00549-10,5600.00,6799.99,Yes
9920636125432,48966970245368,ACTIVE,22.70 ct DEW Certified Radiant Cut White Moissanite Solitaire Ring 18K Gold Plated Verm 18K Gold Plated,18K Gold Plated Vermeil / 7,GH-MOI-00548,15400.00,15400.00,No (reverted)
9920636125432,48966970278136,ACTIVE,22.70 ct DEW Certified Radiant Cut White Moissanite Solitaire Ring 18K Gold Plated Verm 18K Gold Plated,18K Gold Plated Vermeil / 5,GH-MOI-00548-5,15400.00,15400.00,No (reverted)
9920636125432,48966970310904,ACTIVE,22.70 ct DEW Certified Radiant Cut White Moissanite Solitaire Ring 18K Gold Plated Verm 18K Gold Plated,18K Gold Plated Vermeil / 6,GH-MOI-00548-6,15400.00,15400.00,No (reverted)
9920636125432,48966970343672,ACTIVE,22.70 ct DEW Certified Radiant Cut White Moissanite Solitaire Ring 18K Gold Plated Verm 18K Gold Plated,18K Gold Plated Vermeil / 8,GH-MOI-00548-8,15400.00,15400.00,No (reverted)
9920636125432,48966970376440,ACTIVE,22.70 ct DEW Certified Radiant Cut White Moissanite Solitaire Ring 18K Gold Plated Verm 18K Gold Plated,18K Gold Plated Vermeil / 9,GH-MOI-00548-9,15400.00,15400.00,No (reverted)
9920636125432,48966970409208,ACTIVE,22.70 ct DEW Certified Radiant Cut White Moissanite Solitaire Ring 18K Gold Plated Verm 18K Gold Plated,18K Gold Plated Vermeil / 10,GH-MOI-00548-10,15400.00,15400.00,No (reverted)
9920636190968,48966970835192,ACTIVE,2.50 ct DEW Certified Cushion Cut White Moissanite Ring For Women 18K Gold Plated Verme 18K Gold Plated,18K Gold Plated Vermeil / 7,GH-MOI-00547,4200.00,5099.99,Yes
9920636190968,48966970867960,ACTIVE,2.50 ct DEW Certified Cushion Cut White Moissanite Ring For Women 18K Gold Plated Verme 18K Gold Plated,18K Gold Plated Vermeil / 5,GH-MOI-00547-5,4200.00,5099.99,Yes
9920636190968,48966970900728,ACTIVE,2.50 ct DEW Certified Cushion Cut White Moissanite Ring For Women 18K Gold Plated Verme 18K Gold Plated,18K Gold Plated Vermeil / 6,GH-MOI-00547-6,4200.00,5099.99,Yes
9920636190968,48966970933496,ACTIVE,2.50 ct DEW Certified Cushion Cut White Moissanite Ring For Women 18K Gold Plated Verme 18K Gold Plated,18K Gold Plated Vermeil / 8,GH-MOI-00547-8,4200.00,5099.99,Yes
9920636190968,48966970966264,ACTIVE,2.50 ct DEW Certified Cushion Cut White Moissanite Ring For Women 18K Gold Plated Verme 18K Gold Plated,18K Gold Plated Vermeil / 9,GH-MOI-00547-9,4200.00,5099.99,Yes
9920636190968,48966970999032,ACTIVE,2.50 ct DEW Certified Cushion Cut White Moissanite Ring For Women 18K Gold Plated Verme 18K Gold Plated,18K Gold Plated Vermeil / 10,GH-MOI-00547-10,4200.00,5099.99,Yes
9920636223736,48966971031800,ACTIVE,8.50 ct DEW Certified Round Cut White Moissanite Solitaire Ring In 18K Gold Plated Verm 18K Gold Plated,18K Gold Plated Vermeil / 7,GH-MOI-00546,8400.00,8400.00,No (reverted)
9920636223736,48966971064568,ACTIVE,8.50 ct DEW Certified Round Cut White Moissanite Solitaire Ring In 18K Gold Plated Verm 18K Gold Plated,18K Gold Plated Vermeil / 5,GH-MOI-00546-5,8400.00,8400.00,No (reverted)
9920636223736,48966971097336,ACTIVE,8.50 ct DEW Certified Round Cut White Moissanite Solitaire Ring In 18K Gold Plated Verm 18K Gold Plated,18K Gold Plated Vermeil / 6,GH-MOI-00546-6,8400.00,8400.00,No (reverted)
9920636223736,48966971130104,ACTIVE,8.50 ct DEW Certified Round Cut White Moissanite Solitaire Ring In 18K Gold Plated Verm 18K Gold Plated,18K Gold Plated Vermeil / 8,GH-MOI-00546-8,8400.00,8400.00,No (reverted)
9920636223736,48966971162872,ACTIVE,8.50 ct DEW Certified Round Cut White Moissanite Solitaire Ring In 18K Gold Plated Verm 18K Gold Plated,18K Gold Plated Vermeil / 9,GH-MOI-00546-9,8400.00,8400.00,No (reverted)
9920636223736,48966971195640,ACTIVE,8.50 ct DEW Certified Round Cut White Moissanite Solitaire Ring In 18K Gold Plated Verm 18K Gold Plated,18K Gold Plated Vermeil / 10,GH-MOI-00546-10,8400.00,8400.00,No (reverted)
9920636289272,48966971621624,ACTIVE,2.55 ct DEW Certified White Round Cut Certified Moissanite Solitaire Ring 18K Gold Plat 18K Gold Plated,18K Gold Plated Vermeil / 7,GH-MOI-00545,4900.00,5899.99,Yes
9920636289272,48966971654392,ACTIVE,2.55 ct DEW Certified White Round Cut Certified Moissanite Solitaire Ring 18K Gold Plat 18K Gold Plated,18K Gold Plated Vermeil / 5,GH-MOI-00545-5,4900.00,5899.99,Yes
9920636289272,48966971687160,ACTIVE,2.55 ct DEW Certified White Round Cut Certified Moissanite Solitaire Ring 18K Gold Plat 18K Gold Plated,18K Gold Plated Vermeil / 6,GH-MOI-00545-6,4900.00,5899.99,Yes
9920636289272,48966971719928,ACTIVE,2.55 ct DEW Certified White Round Cut Certified Moissanite Solitaire Ring 18K Gold Plat 18K Gold Plated,18K Gold Plated Vermeil / 8,GH-MOI-00545-8,4900.00,5899.99,Yes
9920636289272,48966971752696,ACTIVE,2.55 ct DEW Certified White Round Cut Certified Moissanite Solitaire Ring 18K Gold Plat 18K Gold Plated,18K Gold Plated Vermeil / 9,GH-MOI-00545-9,4900.00,5899.99,Yes
9920636289272,48966971785464,ACTIVE,2.55 ct DEW Certified White Round Cut Certified Moissanite Solitaire Ring 18K Gold Plat 18K Gold Plated,18K Gold Plated Vermeil / 10,GH-MOI-00545-10,4900.00,5899.99,Yes
9920636420344,48966972276984,ACTIVE,Certified 2.70 ct DEW Round Cut White Moissanite Solitaire Ring 18K Gold Plated,18K Gold Plated Vermeil / 7,GH-MOI-00544,4200.00,5099.99,Yes
9920636420344,48966972309752,ACTIVE,Certified 2.70 ct DEW Round Cut White Moissanite Solitaire Ring 18K Gold Plated,18K Gold Plated Vermeil / 5,GH-MOI-00544-5,4200.00,5099.99,Yes
9920636420344,48966972342520,ACTIVE,Certified 2.70 ct DEW Round Cut White Moissanite Solitaire Ring 18K Gold Plated,18K Gold Plated Vermeil / 6,GH-MOI-00544-6,4200.00,5099.99,Yes
9920636420344,48966972375288,ACTIVE,Certified 2.70 ct DEW Round Cut White Moissanite Solitaire Ring 18K Gold Plated,18K Gold Plated Vermeil / 8,GH-MOI-00544-8,4200.00,5099.99,Yes
9920636420344,48966972408056,ACTIVE,Certified 2.70 ct DEW Round Cut White Moissanite Solitaire Ring 18K Gold Plated,18K Gold Plated Vermeil / 9,GH-MOI-00544-9,4200.00,5099.99,Yes
9920636420344,48966972440824,ACTIVE,Certified 2.70 ct DEW Round Cut White Moissanite Solitaire Ring 18K Gold Plated,18K Gold Plated Vermeil / 10,GH-MOI-00544-10,4200.00,5099.99,Yes
9920636518648,48966972899576,ACTIVE,3.40 ct DEW Certified Treated White Moissanite Solitaire Stud Earrings in 18K Gold Plated Vermeil,18K Gold Plated Vermeil,GH-MOI-00542,5600.00,6799.99,Yes
9920636584184,48966972965112,ACTIVE,4 ct DEW Certified Treated White Moissanite Solitaire Studs Great Shine 18K Gold Plated,18K Gold Plated Vermeil,GH-MOI-00541,4200.00,5099.99,Yes
9920636649720,48966972997880,ACTIVE,Certified 4.40 ct DEW Round Cut Treated White Moissanite Solitaire Stud Earrings in 18K Gold Plated Vermeil,18K Gold Plated Vermeil,GH-MOI-00540,4900.00,5899.99,Yes
9920636682488,48966973423864,ACTIVE,Round Moissanite Double Drop Stud Earrings 18K Gold Plated Gift for Women Wife Anniversary Birthday,18K Gold Plated Vermeil,GH-MOI-00539,4200.00,5099.99,Yes
9920636748024,48966973849848,ACTIVE,2.80 ct DEW Certified Treated White Moissanite Solitaire Stud Earrings in 18K Gold Plated Vermeil,18K Gold Plated Vermeil,GH-MOI-00538,3500.00,4199.99,Yes
9920636780792,48966973882616,ACTIVE,3.20 ct DEW Certified Treated White Moissanite Solitaire Stud Earrings in 18K Gold Plated Vermeil,18K Gold Plated Vermeil,GH-MOI-00537,3500.00,4199.99,Yes
9920636911864,48966974374136,ACTIVE,3.60 ct DEW Certified Treated White Moissanite Solitaire Stud Earrings in 18K Gold Plated Vermeil,18K Gold Plated Vermeil,GH-MOI-00536,4200.00,5099.99,Yes
9920636944632,48966974406904,ACTIVE,2.60 ct DEW Certified Treated White Moissanite Solitaire Stud Earrings in 18K Gold Plated Vermeil,18K Gold Plated Vermeil,GH-MOI-00535,3500.00,4199.99,Yes
9920637010168,48966974832888,ACTIVE,2 ct DEW Certified Treated White Moissanite Solitaire Studs Great Shine 18K Gold Plated,18K Gold Plated Vermeil,GH-MOI-00534,2800.00,4199.99,Yes (raised to 4199.99 minimum)
9920637960440,48966985089272,ACTIVE,2.50 ct DEW Certified Treated White Moissanite Solitaire Stud Earrings in 18K Gold Plated Vermeil,18K Gold Plated Vermeil,GH-MOI-00533,3500.00,4199.99,Yes
9920638025976,48966985154808,ACTIVE,3 ct DEW Certified Treated Off-White Moissanite Solitaire Studs Great Shine 18K Gold Plated,18K Gold Plated Vermeil,GH-MOI-00532,3500.00,4199.99,Yes
9920638157048,48966985646328,ACTIVE,3 ct DEW Round Cut White Moissanite Solitaire Ring In Gold Vermeil Certified,Gold Vermeil,GH-MOI-00531,7000.00,7000.00,No (reverted)
9920638222584,48966986072312,ACTIVE,Certified 2ct Round Cut White Moissanite In Gold Vermeil Jewellery Ring,Gold Vermeil,GH-MOI-00530,7000.00,7000.00,No (reverted)
9920638255352,48966987120888,ACTIVE,9.85 ct DEW Certified White Moissanite Ring In Gold Vermeil– Rare Wedding Gift Idea,Gold Vermeil,GH-MOI-00529,9100.00,9100.00,No (reverted)
9920680526072,48967240581368,ARCHIVED,7.50 ct DEW Asscher Cut Certified Blue Moissanite Ring In Gold Vermeil Sterling,Gold Vermeil,GH-MOI-00528,12999.99,12999.99,No (reverted)
9920680591608,48967241007352,ACTIVE,9.45 ct DEW Certified Radiant Cut Moissanite Solitaire Ring in Gold Vermeil,Gold Vermeil,GH-MOI-00527,9100.00,9100.00,No (reverted)
9920680624376,48967241040120,ARCHIVED,3.65 ct DEW Certified Blue Moissanite Solitaire Ring Gold Vermeil For Wedding,Gold Vermeil,GH-MOI-00526,12999.99,12999.99,No (reverted)
9920680722680,48967241498872,ARCHIVED,10.00 ct DEW Pear Cut White Moissanite Solitaire Engagement Ring Gold Vermeil,Gold Vermeil,GH-MOI-00525,12999.99,12999.99,No (reverted)
9920680755448,48967241531640,ARCHIVED,8.30 ct DEW Certified Cushion Solitaire Round Cut Blue Moissanite Ring Gold Vermeil,Gold Vermeil,GH-MOI-00524,12999.99,12999.99,No (reverted)
9920680820984,48967241990392,ARCHIVED,4.70 ct DEW Certified Asscher Cut White Moissanite Solitaire Ring In Gold Vermeil,Gold Vermeil,GH-MOI-00523,12999.99,12999.99,No (reverted)
9920680886520,48967242449144,ARCHIVED,3.70 ct DEW Certified Moissanite Solitaire Ring Gold Vermeil For Birthday Gift,Gold Vermeil,GH-MOI-00522,12999.99,12999.99,No (reverted)
9920681017592,48967242973432,ARCHIVED,17.2 ct DEW Certified Round Cut Blue Moissanite Gold Vermeil Ring for Cyber Monday,Gold Vermeil,GH-MOI-00521,19999.99,19999.99,No (reverted)
9920681214200,48967244349688,ARCHIVED,4.7 ct DEW Pear Cut Blue Moissanite Gold Vermeil Ring Cyber Monday Jewellery Sale,Gold Vermeil,GH-MOI-00520,12999.99,12999.99,No (reverted)
9920681312504,48967244808440,ARCHIVED,5.50 ct DEW Certified Blue Moissanite Ring Gold Vermeil Limited Time Holiday Offer,Gold Vermeil,GH-MOI-00519,12999.99,12999.99,No (reverted)
9920681345272,48967244906744,ARCHIVED,10.40 ct DEW Blue Moissanite Radiant Cut Ring Gold Vermeil,Gold Vermeil,GH-MOI-00518,12999.99,12999.99,No (reverted)
9920681410808,48967245365496,ARCHIVED,4.90 ct DEW Certified Asscher Cut Moissanite Gold Vermeil Ring New Year Special Gift,Gold Vermeil,GH-MOI-00517,12999.99,12999.99,No (reverted)
9920681443576,48967245463800,ARCHIVED,8.30 ct DEW EGL Certified White Moissanite Solitaire Ring Anniversary Gold Vermeil,Gold Vermeil,GH-MOI-00516,12999.99,12999.99,No (reverted)
9920681541880,48967245922552,ARCHIVED,Moissanite 6.20 ct DEW Certified Radiant Cut Moisanite Gold Vermeil Ring Birthday Gift for Her,Gold Vermeil,GH-MOI-00515,12999.99,12999.99,No (reverted)
9920681607416,48967246381304,ARCHIVED,17.00 ct DEW Certified Asscher Cut Moissanite Gold Vermeil Ring for Mother’s Day,Gold Vermeil,GH-MOI-00514,19999.99,19999.99,No (reverted)
9920681672952,48967246872824,ARCHIVED,8.35 ct DEW Certified Moissanite Ring In Gold Vermeil Mother's Day Gift for Mom,Gold Vermeil,GH-MOI-00513,12999.99,12999.99,No (reverted)
9920681738488,48967247331576,ARCHIVED,Certified 5.40 ct DEW White Moissanite Solitaire Proposal Ring for Her Gold Vermeil,Gold Vermeil,GH-MOI-00512,12999.99,12999.99,No (reverted)
9920681804024,48967247757560,ARCHIVED,4.25 ct DEW Certified Princess Cut White Moissanite Gold Vermeil Engagement Ring,Gold Vermeil,GH-MOI-00511,12999.99,12999.99,No (reverted)
9920681902328,48967248249080,ARCHIVED,8.70 ct DEW Certified Moissanite Ring in Gold Vermeil Romantic Ring for Girlfriend,Gold Vermeil,GH-MOI-00510,12999.99,12999.99,No (reverted)
9920681967864,48967248707832,ARCHIVED,27.5 ct DEW Certified Emerald Cut Moissanite Ring in Gold Vermeil Birthday Gift,Gold Vermeil,GH-MOI-00509,19999.99,19999.99,No (reverted)
9920682066168,48967249166584,ARCHIVED,4.20 ct DEW Certified F Moissanite Solitaire Ring Gold Vermeil Anniversary Gift,Gold Vermeil,GH-MOI-00508,12999.99,12999.99,No (reverted)
9920682197240,48967249658104,ARCHIVED,4.50 ct DEW Certified Emerald Cut White Moissanite Solitaire Ring Gold Vermeil,Gold Vermeil,GH-MOI-00507,12999.99,12999.99,No (reverted)
9920682295544,48967250149624,ARCHIVED,Certified 4.80 ct DEW White Moissanite Solitaire Statement Ring Gold Vermeil,Gold Vermeil,GH-MOI-00506,12999.99,12999.99,No (reverted)
9920682393848,48967250608376,ARCHIVED,6.30 ct DEW Certified Champagne Moissanite Gold Vermeil Ring Accents Wedding Gift,Gold Vermeil,GH-MOI-00504,12999.99,12999.99,No (reverted)
9920682459384,48967251034360,ARCHIVED,Moissanite 4.55 ct DEW Certified Round Cut White Moisanite Solitaire Ring For Mom Gold Vermeil,Gold Vermeil,GH-MOI-00503,12999.99,12999.99,No (reverted)
9920682492152,48967251067128,ARCHIVED,29.50 ct DEW Emerald Cut Certified White Moissanite Gold Vermeil Ring For Sister,Gold Vermeil,GH-MOI-00502,19999.99,19999.99,No (reverted)
9920682590456,48967252082936,ARCHIVED,7.85 ct DEW EGL Certified Asscher Cut White Moissanite Gold Vermeil Ring For Girls,Gold Vermeil,GH-MOI-00501,12999.99,12999.99,No (reverted)
9920682721528,48967252181240,ACTIVE,4.70 ct DEW Gold Vermeil Pear Cut Blue Moissanite Solitaire Ring,Gold Vermeil,GH-MOI-00500,9100.00,9100.00,No (reverted)
9920683016440,48967252869368,ARCHIVED,4.55 ct DEW Certified Cushion Cut White Moissanite Gold Vermeil Ring For Girlfriend,Gold Vermeil,GH-MOI-00499,12999.99,12999.99,No (reverted)
9920683114744,48967253197048,ARCHIVED,5.30 ct DEW Certified Cushion Cut F VS1 CVD Moissanite Gold Vermeil Proposal Ring,Gold Vermeil,GH-MOI-00498,12999.99,12999.99,No (reverted)
9920683180280,48967253623032,ARCHIVED,9.45 ct DEW Radiant Cut Moissanite Solitaire Ring in Gold Vermeil Mother's Day,Gold Vermeil,GH-MOI-00497,12999.99,12999.99,No (reverted)
9920683213048,48967253655800,ARCHIVED,Certified 5.30 ct DEW Moissanite Solitaire Ring In Gold Vermeil Christmas Gift,Gold Vermeil,GH-MOI-00496,12999.99,12999.99,No (reverted)
9920683278584,48967253688568,ARCHIVED,5.7 ct DEW Certified White Moissanite Asscher Cut Solitaire Ring Gold Vermeil Wedding,Gold Vermeil,GH-MOI-00495,12999.99,12999.99,No (reverted)
9920683311352,48967253721336,ARCHIVED,16.50 ct DEW Emerald Cut White Moissanite Gold Vermeil Promise Ring For Wife,Gold Vermeil,GH-MOI-00494,19999.99,19999.99,No (reverted)
9920683475192,48967253754104,ARCHIVED,Moissanite 6.70 ct DEW Certified Champagne Moisanite Solitaire in Gold Vermeil Engagement Ring,Gold Vermeil,GH-MOI-00493,12999.99,12999.99,No (reverted)
9920683573496,48967254180088,ARCHIVED,5.20 ct DEW Certified Round Cut White Moissanite Gold Vermeil Ring Valentine's Gift,Gold Vermeil,GH-MOI-00492,12999.99,12999.99,No (reverted)
9920683704568,48967254212856,ARCHIVED,Certified 9.25 ct DEW White Moissanite Emerald Cut Solitaire Gold Vermeil Ring,Gold Vermeil,GH-MOI-00491,12999.99,12999.99,No (reverted)
9920683737336,48967254245624,ARCHIVED,18.65 ct DEW EGL Certified Emerald Cut White Moissanite Gold Vermeil Ring,Gold Vermeil,GH-MOI-00490,19999.99,19999.99,No (reverted)
9920683802872,48967254671608,ACTIVE,Certified 10.50 ct DEW Round Cut Champagne Moissanite Ring Gold Vermeil Jewellery,Gold Vermeil,GH-MOI-00489,9100.00,9100.00,No (reverted)
9920683835640,48967254704376,ARCHIVED,Certified 4.70 ct DEW Champagne Emerald Cut Moissanite Solitaire Ring Gold Vermeil,Gold Vermeil,GH-MOI-00488,12999.99,12999.99,No (reverted)
9920683868408,48967254737144,ACTIVE,2.80 ct DEW Round Cut Certified Blue Moissanite Engagement Ring In Gold Vermeil,Gold Vermeil,GH-MOI-00487,9100.00,9100.00,No (reverted)
9920683933944,48967255163128,ARCHIVED,7.65 ct DEW Certified Round White Moissanite Solitaire Ring Gold Vermeil,Gold Vermeil,GH-MOI-00486,12999.99,12999.99,No (reverted)
9920683966712,48967255195896,ARCHIVED,25.50 ct DEW Certified Radiant Cut Champagne Moissanite Ring In Gold Vermeil,Gold Vermeil,GH-MOI-00485,19999.99,19999.99,No (reverted)
9920684032248,48967255621880,ARCHIVED,Certified 6.30 ct DEW Asscher Cut Blue Moissanite Solitaire Ring Gold Vermeil,Gold Vermeil,GH-MOI-00484,12999.99,12999.99,No (reverted)
9920684097784,48967255687416,ARCHIVED,19.50 ct DEW Certified Emerald Cut Blue Moissanite Solitaire Ring In Gold Vermeil,Gold Vermeil,GH-MOI-00483,19999.99,19999.99,No (reverted)
9920684163320,48967256113400,ARCHIVED,7.20 ct DEW EGL Certified Heart Cut Solitaire White Moissanite Gold Vermeil Ring,Gold Vermeil,GH-MOI-00482,12999.99,12999.99,No (reverted)
9920684261624,48967256211704,ARCHIVED,9.50 ct DEW EGL Certified Asscher Cut Off White Moissanite Gold Vermeil Ring,Gold Vermeil,GH-MOI-00481,12999.99,12999.99,No (reverted)
9920684294392,48967256244472,ARCHIVED,23.50 ct DEW Certified Asscher Cut Moissanite Solitaire Ring in Gold Vermeil,Gold Vermeil,GH-MOI-00480,19999.99,19999.99,No (reverted)
9920684392696,48967256735992,ARCHIVED,25.50 ct DEW EGL Certified Emerald Cut Moissanite Solitaire Ring in Gold Vermeil,Gold Vermeil,GH-MOI-00479,19999.99,19999.99,No (reverted)
9920684425464,48967256768760,ARCHIVED,4.80 ct DEW Certified Emerald Cut White Moissanite Solitaire Ring Gold Vermeil,Gold Vermeil,GH-MOI-00478,12999.99,12999.99,No (reverted)
9920684491000,48967257194744,ARCHIVED,14.60 ct DEW Certified Radiant Cut Off White Moissanite Gold Vermeil Ring,Gold Vermeil,GH-MOI-00477,12999.99,12999.99,No (reverted)
9920684523768,48967257293048,ARCHIVED,20.00 ct DEW Certified Asscher Champagne Moissanite Ring Gold Vermeil Prong Setting,Gold Vermeil,GH-MOI-00476,19999.99,19999.99,No (reverted)
9920684589304,48967257882872,ARCHIVED,7.00 ct DEW Certified Cushion Cut Blue Moissanite Solitaire Gold Vermeil Ring,Gold Vermeil,GH-MOI-00475,12999.99,12999.99,No (reverted)
9920684687608,48967258341624,ARCHIVED,13.60 ct DEW Certified Oval Cut Champagne Moissanite Solitaire Ring in Gold Vermeil,Gold Vermeil,GH-MOI-00474,12999.99,12999.99,No (reverted)
9920684785912,48967258439928,ARCHIVED,Certified 13.30 ct DEW Cushion Cut Blue Moissanite Solitaire Ring Gold Vermeil,Gold Vermeil,GH-MOI-00473,19999.99,19999.99,No (reverted)
9920684884216,48967259259128,ARCHIVED,5.50 ct DEW Princess Cut EGL Certified Blue Moissanite Ring In Gold Vermeil,Gold Vermeil,GH-MOI-00472,12999.99,12999.99,No (reverted)
9920684916984,48967259291896,ACTIVE,RARE 16.10 ct DEW Certified Treated Blue Moissanite Solitaire Ring In Gold Vermeil,Gold Vermeil,GH-MOI-00471,9100.00,9100.00,No (reverted)
9920684949752,48967259324664,ARCHIVED,9.30 ct DEW Asscher Cut Champagne Moissanite Ring Gold Vermeil Prong Setting,Gold Vermeil,GH-MOI-00470,12999.99,12999.99,No (reverted)
9920685015288,48967259750648,ARCHIVED,18.60 ct DEW Emerald Cut Blue Moissanite Ring In Gold Vermeil EGL Certified,Gold Vermeil,GH-MOI-00469,19999.99,19999.99,No (reverted)
9920685080824,48967259816184,ACTIVE,17.2 ct DEW Certified Round Cut Blue Moissanite Gold Vermeil Solitaire Ring,Gold Vermeil,GH-MOI-00468,14000.00,14000.00,No (reverted)
9920685146360,48967260242168,ARCHIVED,Certified 10 ct DEW Emerald Cut Blue Moissanite Solitaire In Gold Vermeil Ring,Gold Vermeil,GH-MOI-00467,12999.99,12999.99,No (reverted)
9920685179128,48967260274936,ARCHIVED,15.20 ct DEW Emerald Cut Blue Moissanite Ring Gold Vermeil With EGL Certificate,Gold Vermeil,GH-MOI-00466,19999.99,19999.99,No (reverted)
9920685277432,48967260733688,ARCHIVED,10.40 ct DEW Radiant Cut Blue Moissanite Solitaire Ring In Gold Vermeil Ring,Gold Vermeil,GH-MOI-00465,12999.99,12999.99,No (reverted)
9920685342968,48967260799224,ARCHIVED,4.65 ct DEW EGL Certified Cushion Cut White Moissanite Ring In Gold Vermeil,Gold Vermeil,GH-MOI-00464,12999.99,12999.99,No (reverted)
9920685375736,48967260831992,ARCHIVED,21 ct DEW Certified Oval Cut Champagne Moissanite Ring Gold Vermeil Prong Setting,Gold Vermeil,GH-MOI-00463,19999.99,19999.99,No (reverted)
9920685441272,48967261257976,ARCHIVED,6.70 ct DEW Certified Emerald Cut Champagne Moissanite Solitaire Ring Gold Vermeil,Gold Vermeil,GH-MOI-00462,12999.99,12999.99,No (reverted)
9920685474040,48967261290744,ACTIVE,10.10 ct DEW Oval Cut Blue Moissanite Cushion Cut Solitaire Ring Gold Vermeil,Gold Vermeil,GH-MOI-00461,9100.00,9100.00,No (reverted)
9920685506808,48967261323512,ARCHIVED,4.80 ct DEW Certified Oval Shape Certified Blue Moissanite Ring Gold Vermeil,Gold Vermeil,GH-MOI-00460,12999.99,12999.99,No (reverted)
9920685605112,48967261815032,ARCHIVED,5.30 ct DEW Certified Emerald Cut Solitaire White F VS1 Moissanite Gold Vermeil Ring,Gold Vermeil,GH-MOI-00459,12999.99,12999.99,No (reverted)
9920685703416,48967262241016,ARCHIVED,8.15 ct DEW Radiant Cut White Certified Solitaire Moissanite Gold Vermeil Ring,Gold Vermeil,GH-MOI-00458,12999.99,12999.99,No (reverted)
9920685736184,48967262273784,ARCHIVED,10.50 ct DEW Certified Round Cut Blue Moissanite Solitaire Ring In Gold Vermeil,Gold Vermeil,GH-MOI-00457,12999.99,12999.99,No (reverted)
9920685768952,48967262306552,ACTIVE,27.50 ct DEW Certified Emerald Cut White Moissanite Solitaire Ring in Gold Vermeil,Gold Vermeil,GH-MOI-00456,14000.00,14000.00,No (reverted)
9920685834488,48967262732536,ARCHIVED,8.30 ct DEW Certified Radiant Cut White Moissanite Solitaire Gold Vermeil Ring,Gold Vermeil,GH-MOI-00455,12999.99,12999.99,No (reverted)
9920685867256,48967262798072,ACTIVE,Certified 5.90 ct DEW Round Cut White Moissanite Solitaire Ring In Gold Vermeil,Gold Vermeil,GH-MOI-00454,9100.00,9100.00,No (reverted)
9920685965560,48967263224056,ARCHIVED,22.60 ct DEW Certified Emerald Cut White Solitaire Moissanite Gold Vermeil Ring,Gold Vermeil,GH-MOI-00453,19999.99,19999.99,No (reverted)
9920686031096,48967263650040,ARCHIVED,Certified 16.10 ct DEW Radiant Cut White Moissanite Solitaire Ring In Gold Vermeil,Gold Vermeil,GH-MOI-00452,12999.99,12999.99,No (reverted)
9920686063864,48967264141560,ARCHIVED,7.50 ct DEW Certified Emerald Champagne Moissanite Ring Gold Vermeil Prong Setting,Gold Vermeil,GH-MOI-00451,12999.99,12999.99,No (reverted)
9920686129400,48967264174328,ARCHIVED,12.65 ct DEW Certified Emerald Cut Moissanite Solitaire Ring in Gold Vermeil,Gold Vermeil,GH-MOI-00450,12999.99,12999.99,No (reverted)
9920686194936,48967264600312,ARCHIVED,5.95 ct DEW Certified Round Cut White Solitaire Moissanite Gold Vermeil Ring,Gold Vermeil,GH-MOI-00449,12999.99,12999.99,No (reverted)
9920686227704,48967265059064,ARCHIVED,5.70 ct DEW Certified Radiant Cut White Moissanite Solitaire Ring In Gold Vermeil,Gold Vermeil,GH-MOI-00448,12999.99,12999.99,No (reverted)
9920686358776,48967265124600,ACTIVE,24.30 ct DEW Certified Radiant Cut White Solitaire Moissanite Gold Vermeil Ring,Gold Vermeil,GH-MOI-00447,14000.00,14000.00,No (reverted)
9920686457080,48967266566392,ARCHIVED,5.36 ct DEW Radiant Cut White Moissanite Solitaire Gold Vermeil Engagement Ring,Gold Vermeil,GH-MOI-00446,12999.99,12999.99,No (reverted)
9920686522616,48967266631928,ARCHIVED,5.80 ct DEW Certified Round Cut Blue Moissanite Solitaire Ring In Gold Vermeil,Gold Vermeil,GH-MOI-00445,12999.99,12999.99,No (reverted)
9920686588152,48967267057912,ARCHIVED,Certified 4.80 ct DEW Round Cut White Moissanite Solitaire Gold Vermeil Ring,Gold Vermeil,GH-MOI-00444,12999.99,12999.99,No (reverted)
9920686620920,48967267156216,ARCHIVED,16.90 ct DEW Certified Emerald Cut Moissanite Solitaire Ring in Gold Vermeil,Gold Vermeil,GH-MOI-00443,12999.99,12999.99,No (reverted)
9920686686456,48967267680504,ARCHIVED,4.85 ct DEW Certified Oval Cut White Moissanite Gold Vermeil Ring For Women,Gold Vermeil,GH-MOI-00442,12999.99,12999.99,No (reverted)
9920686784760,48967267778808,ARCHIVED,4 ct DEW Certified Radiant Cut White Moissanite Solitaire Ring In Gold Vermeil,Gold Vermeil,GH-MOI-00441,12999.99,12999.99,No (reverted)
9920686850296,48967268204792,ARCHIVED,19.20 ct DEW Certified Emerald Cut Moissanite Solitaire Ring in Gold Vermeil,Gold Vermeil,GH-MOI-00440,19999.99,19999.99,No (reverted)
9920686883064,48967268237560,ACTIVE,2.90 ct DEW Certified Round Cut Blue Moissanite Solitaire Ring Gold Vermeil,Gold Vermeil,GH-MOI-00439,9100.00,9100.00,No (reverted)
9920686948600,48967269646584,ACTIVE,6.65 ct DEW Certified Round Cut White Moissanite Solitaire Ring Gold Vermeil,Gold Vermeil,GH-MOI-00438,9100.00,9100.00,No (reverted)
9920687046904,48967270170872,ACTIVE,Certified 2.80 ct DEW Round Cut Blue Solitaire Moissanite Ring In Gold Vermeil,Gold Vermeil,GH-MOI-00437,9100.00,9100.00,No (reverted)
9920687079672,48967270203640,ARCHIVED,4.90 ct DEW EGL Certified White Princess Cut Moissanite Ring Gold Vermeil,Gold Vermeil,GH-MOI-00436,12999.99,12999.99,No (reverted)
9920687145208,48967270629624,ARCHIVED,Certified 7.10 ct DEW Round Cut Champagne Moissanite Men's Ring in Gold Vermeil,Gold Vermeil,GH-MOI-00435,12999.99,12999.99,No (reverted)
9920687243512,48967271088376,ARCHIVED,6.60 ct DEW Certified Round Cut White Moissanite Solitaire Ring Gold Vermeil,Gold Vermeil,GH-MOI-00434,12999.99,12999.99,No (reverted)
9920687276280,48967271121144,ACTIVE,Certified 3.20 ct DEW Round Cut Blue Moissanite Engagement Ring In Gold Vermeil,Gold Vermeil,GH-MOI-00433,9100.00,9100.00,No (reverted)
9920687341816,48967271547128,ACTIVE,9.40 ct DEW Certified Round Cut White Moissanite Solitaire Ring Gold Vermeil,Gold Vermeil,GH-MOI-00432,9100.00,9100.00,No (reverted)
9920687407352,48967271973112,ACTIVE,6 ct DEW Certified Radiant Cut White Soliaire Moissanite Gold Vermeil Ring,Gold Vermeil,GH-MOI-00431,9100.00,9100.00,No (reverted)
9920757727480,48968046182648,ARCHIVED,4.15 ct DEW Certified White Emerald Cut Moissanite Solitaire Ring Gold Vermeil,Gold Vermeil,GH-MOI-00430,12999.99,12999.99,No (reverted)
9920758022392,48968049361144,ARCHIVED,6.70 ct DEW Certified Heart Cut Solitaire White Moissanite Gold Vermeil Ring,Gold Vermeil,GH-MOI-00429,12999.99,12999.99,No (reverted)
9920758153464,48968050573560,ARCHIVED,Certified 9.90 ct DEW Round Cut White Moissanite Solitaire Ring In Gold Vermeil,Gold Vermeil,GH-MOI-00428,12999.99,12999.99,No (reverted)
9920758350072,48968052572408,ARCHIVED,Certified 4.15 ct DEW Princess Cut White Solitaire Moissanite Gold Vermeil Ring,Gold Vermeil,GH-MOI-00427,12999.99,12999.99,No (reverted)
9920758612216,48968055357688,ACTIVE,2.90 ct DEW Certified Round Cut Blue Moissanite Solitaire Ring In Gold Vermeil,Gold Vermeil,GH-MOI-00426,9100.00,9100.00,No (reverted)
9920758776056,48968056963320,ARCHIVED,16.10 ct DEW Asscher Cut White Moissanite Solitaire Ring In Gold Vermeil Certified,Gold Vermeil,GH-MOI-00425,19999.99,19999.99,No (reverted)
9920758972664,48968058962168,ARCHIVED,5 ct DEW EGL Certified Princess Cut Off White Moissanite Gold Vermeil Ring,Gold Vermeil,GH-MOI-00424,12999.99,12999.99,No (reverted)
9920759202040,48968061026552,ACTIVE,6.65 ct DEW Certified Round Cut White Solitaire Moissanite Ring In Gold Vermeil,Gold Vermeil,GH-MOI-00423,9100.00,9100.00,No (reverted)
9920759464184,48968063418616,ARCHIVED,Certified 5 ct DEW Round White Solitaire Moissanite Solitaire Ring in Gold Vermeil,Gold Vermeil,GH-MOI-00422,12999.99,12999.99,No (reverted)
9920759660792,48968065417464,ARCHIVED,Certified 3.45 ct DEW Round Cut Champagne Moissanite Solitaire Ring in Gold Vermeil,Gold Vermeil,GH-MOI-00421,12999.99,12999.99,No (reverted)
9920759824632,48968067809528,ACTIVE,5.30 ct DEW Certified Round Cut White Moissanite Solitaire Ring Gold Vermeil,Gold Vermeil,GH-MOI-00420,9100.00,9100.00,No (reverted)
9920760021240,48968069021944,ARCHIVED,6.35 ct DEW Certified Round Cut White Solitaire Moissanite Gold Vermeil Ring,Gold Vermeil,GH-MOI-00419,12999.99,12999.99,No (reverted)
9920760250616,48968071446776,ARCHIVED,Certified 9.80 ct DEW Round Cut White Moissanite Solitaire Ring In Gold Vermeil,Gold Vermeil,GH-MOI-00418,12999.99,12999.99,No (reverted)
9920760381688,48968072659192,ARCHIVED,5.15 ct DEW Certified Round Cut Champagne Moissanite Solitaire Ring in Gold Vermeil,Gold Vermeil,GH-MOI-00417,12999.99,12999.99,No (reverted)
9920760611064,48968075084024,ACTIVE,Certified 5.50 ct DEW White Round Cut Solitaire Moissanite Gold Vermeil Ring,Gold Vermeil,GH-MOI-00416,9100.00,9100.00,No (reverted)
9920760840440,48968077476088,ARCHIVED,Certified 6.40 ct DEW Oval Cut White Moissanite Solitaire Ring In Gold Vermeil,Gold Vermeil,GH-MOI-00415,12999.99,12999.99,No (reverted)
9920761069816,48968079180024,ACTIVE,2.50 ct DEW Certified Gold Vermeil Certified Blue Moissanite Solitaire Ring,Gold Vermeil,GH-MOI-00414,9100.00,9100.00,No (reverted)
9920761299192,48968081572088,ACTIVE,Certified 3.60 ct DEW Round Cut Blue Moissanite Solitaire Ring In Gold Vermeil,Gold Vermeil,GH-MOI-00413,9100.00,9100.00,No (reverted)
9920761528568,48968083964152,ACTIVE,5.50 ct DEW Certified Round Cut White Moissanite Solitaire Men's Ring-Gold Vermeil,Gold Vermeil,GH-MOI-00412,9100.00,9100.00,No (reverted)
9920761692408,48968086356216,ACTIVE,10.10ct DEW White Moissanite Round Solitaire Ring,Gold Vermeil,GH-MOI-00411,9100.00,9100.00,No (reverted)
9920761889016,48968087961848,ARCHIVED,Certified 6.70 ct DEW Round Cut White Moissanite Solitaire Ring in Gold Vermeil,Gold Vermeil,GH-MOI-00410,12999.99,12999.99,No (reverted)
9920762118392,48968089960696,ARCHIVED,5.20 ct DEW EGL Certified Round Cut Black Moissanite Gold Vermeil Men's Ring,Gold Vermeil,GH-MOI-00409,12999.99,12999.99,No (reverted)
9920762347768,48968092352760,ACTIVE,6.70ct DEW White Moissanite Round Solitaire Ring | 18K Gold Vermeil | GRA Certified,Gold Vermeil,GH-MOI-00408,9100.00,9100.00,No (reverted)
9920762544376,48968094384376,ARCHIVED,9.85 ct DEW Certified White Moissanite Solitaire Ring Gold Vermeil For Her,Gold Vermeil,GH-MOI-00407,12999.99,12999.99,No (reverted)
9920762773752,48968096383224,ACTIVE,9.25ct DEW White Moissanite Round Solitaire Ring | 18K Gold Vermeil | GRA Certified,Gold Vermeil,GH-MOI-00406,9100.00,9100.00,No (reverted)
9920762970360,48968098382072,ARCHIVED,7.30 ct DEW Certified Emerald Cut Solitaire White Moissanite Gold Vermeil Ring,Gold Vermeil,GH-MOI-00405,12999.99,12999.99,No (reverted)
9920763166968,48968100380920,ARCHIVED,6.65 ct DEW Round Cut White Moissanite Solitaire Ring In Gold Vermeil Certified,Gold Vermeil,GH-MOI-00404,12999.99,12999.99,No (reverted)
9920763330808,48968101986552,ARCHIVED,5.60 ct DEW Certified Asscher Cut White Moissanite Solitaire Ring Gold Vermeil,Gold Vermeil,GH-MOI-00403,12999.99,12999.99,No (reverted)
9920763461880,48968103198968,ARCHIVED,6.50 ct DEW Certified Radiant Cut White Moissanite Solitaire Gold Vermeil Ring,Gold Vermeil,GH-MOI-00402,12999.99,12999.99,No (reverted)
9920763658488,48968105197816,ARCHIVED,9.10 ct DEW Certified Round Cut White Moissanite Solitaire Ring Gold Vermeil,Gold Vermeil,GH-MOI-00401,12999.99,12999.99,No (reverted)
9920763756792,48968106410232,ACTIVE,5.20ct DEW White Moissanite Round Solitaire Ring | 18K Gold Vermeil | GRA Certified,Gold Vermeil,GH-MOI-00400,9100.00,9100.00,No (reverted)
9920763986168,48968108441848,ARCHIVED,Certified 4.30 ct DEW Round Cut White Moissanite Solitaire Gold Vermeil Ring,Gold Vermeil,GH-MOI-00399,12999.99,12999.99,No (reverted)
9920764281080,48968111620344,ACTIVE,5.30ct DEW White Moissanite Round Solitaire Ring | 18K Gold Vermeil | GRA Certified,Gold Vermeil,GH-MOI-00398,9100.00,9100.00,No (reverted)
9920764608760,48968114831608,ARCHIVED,4.18 ct DEW Certified Round Cut White Moissanite Solitaire Ring Gold Vermeil,Gold Vermeil,GH-MOI-00397,12999.99,12999.99,No (reverted)
9920764903672,48968118042872,ACTIVE,5.30ct DEW White Moissanite Emerald Cut Solitaire Ring | 18K Gold Vermeil | GRA,Gold Vermeil,GH-MOI-00396,9100.00,9100.00,No (reverted)
9920765100280,48968121221368,ARCHIVED,Moissanite 10.10 ct DEW Certified Round Cut White Moisanite Solitaire Men Ring In Gold Vermeil,Gold Vermeil,GH-MOI-00395,12999.99,12999.99,No (reverted)
9920765395192,48968124399864,ACTIVE,5.20ct DEW Black Moissanite Round Solitaire Ring | 18K Gold Vermeil | GRA Certified,Gold Vermeil,GH-MOI-00394,9100.00,9100.00,No (reverted)
9920765788408,48968127578360,ACTIVE,2.90ct DEW Blue Moissanite Round Solitaire Ring | 18K Gold Vermeil | GRA Certified,Gold Vermeil,GH-MOI-00393,9100.00,9100.00,No (reverted)
9920766083320,48968130756856,ACTIVE,3.60ct DEW Blue Moissanite Round Solitaire Ring | 18K Gold Vermeil | GRA Certified,Gold Vermeil,GH-MOI-00392,9100.00,9100.00,No (reverted)
9920766312696,48968133148920,ARCHIVED,6.30 ct DEW Certified Asscher Solitaire White Moissanite Gold Vermeil Solitaire Ring,Gold Vermeil,GH-MOI-00391,12999.99,12999.99,No (reverted)
9920766443768,48968134361336,ACTIVE,5.00ct DEW White Moissanite Princess Cut Solitaire Ring | 18K Gold Vermeil | GRA,Gold Vermeil,GH-MOI-00390,9100.00,9100.00,No (reverted)
9920766705912,48968137146616,ARCHIVED,5.74 ct DEW Certified Asscher Cut Solitaire White Moissanite Gold Vermeil Ring,Gold Vermeil,GH-MOI-00389,12999.99,12999.99,No (reverted)
9920766968056,48968140325112,ACTIVE,17.20ct DEW Blue Moissanite Round Statement Ring | 18K Gold Vermeil | GRA Certified,Gold Vermeil,GH-MOI-00388,14000.00,14000.00,No (reverted)
9920767099128,48968141537528,ACTIVE,6.65ct DEW White Moissanite Round Solitaire Ring,Gold Vermeil,GH-MOI-00387,9100.00,9100.00,No (reverted)
9920767328504,48968143536376,ARCHIVED,6.70 ct DEW Certified Heart Cut Moissanite Gold Vermeil Ring For Engagement,Gold Vermeil,GH-MOI-00386,12999.99,12999.99,No (reverted)
9920767557880,48968145928440,ARCHIVED,Certified 5.50 ct DEW White Round Cut Moissanite Solitaire Gold Vermeil Ring,Gold Vermeil,GH-MOI-00385,12999.99,12999.99,No (reverted)
9920767721720,48968147927288,ARCHIVED,9.25 ct DEW Certified White Round Cut Moissanite Solitaire Ring Gold Vermeil,Gold Vermeil,GH-MOI-00384,12999.99,12999.99,No (reverted)
9920767951096,48968150647032,ARCHIVED,19.60 ct DEW Certified Pear Cut Blue Moissanite Solitaire Ring In Gold Vermeil,Gold Vermeil,GH-MOI-00383,19999.99,19999.99,No (reverted)
9920768147704,48968152645880,ARCHIVED,2.75 ct DEW Certified Round Blue Moissanite Ring In Gold Vermeil For Men,Gold Vermeil,GH-MOI-00382,12999.99,12999.99,No (reverted)
9920768344312,48968154251512,ACTIVE,2.50ct DEW Blue Moissanite Round Solitaire Ring,Gold Vermeil,GH-MOI-00381,9100.00,9100.00,No (reverted)
9920768671992,48968157823224,ARCHIVED,4.00 ct DEW Certified Oval Cut White Moissanite Gold Vermeil Ring For Women,Gold Vermeil,GH-MOI-00380,12999.99,12999.99,No (reverted)
9920768835832,48968159822072,ACTIVE,5.80ct DEW Blue Moissanite Round Solitaire Ring,Gold Vermeil,GH-MOI-00379,9100.00,9100.00,No (reverted)
9920769032440,48968161067256,ARCHIVED,9.30 ct DEW Certified Pear Cut Champagne Moissanite Solitaire Ring in Gold Vermeil,Gold Vermeil,GH-MOI-00378,12999.99,12999.99,No (reverted)
9920769229048,48968163459320,ARCHIVED,Certified 3.20 ct DEW Blue Moissanite Solitaire Engagement Ring In Gold Vermeil,Gold Vermeil,GH-MOI-00377,12999.99,12999.99,No (reverted)
9920769458424,48968165097720,ARCHIVED,Moissanite Certified 8.50 ct DEW Round CutBlue Moisanite Round Cut Solitaire Ring Gold Vermeil,Gold Vermeil,GH-MOI-00376,12999.99,12999.99,No (reverted)
9920769687800,48968167489784,ARCHIVED,Certified 5.00 ct DEW Round Cut White Round Moissanite Solitaire Ring Gold Vermeil,Gold Vermeil,GH-MOI-00375,12999.99,12999.99,No (reverted)
9920769884408,48968169488632,ACTIVE,3.60ct DEW Blue Moissanite Round Solitaire Ring,Gold Vermeil,GH-MOI-00374,9100.00,9100.00,No (reverted)
9920770113784,48968171520248,ARCHIVED,4.00 ct DEW Certified Asscher Cut Champagne Moissanite Ring Gold Vermeil Jewellery,Gold Vermeil,GH-MOI-00373,12999.99,12999.99,No (reverted)
9920770277624,48968173519096,ACTIVE,5.5 ct DEW Certified Round Cut Blue Moissanite Plus-Shape In Vermeil 925 Silver Pendant,Gold Vermeil,GH-MOI-00372,9100.00,9100.00,No (reverted)
9920770507000,48968175911160,ACTIVE,8.50 ct DEW Certified White Moissanite Solitaire Pendant In Vermeil 925 Silver Gift,Gold Vermeil,GH-MOI-00371,9100.00,9100.00,No (reverted)
9920770736376,48968178696440,ACTIVE,3.35 ct DEW Certified Pear Cut White Moissanite Pendant In Vermeil 925 Silver,Gold Vermeil,GH-MOI-00370,9100.00,9100.00,No (reverted)
9920770900216,48968179908856,ACTIVE,3.45 ct DEW Round Certified White Moissanite Pendant In Vermeil 925 Silver Jewellery,Gold Vermeil,GH-MOI-00369,4200.00,5099.99,Yes
9920771129592,48968181907704,ACTIVE,11 ct DEW Certified White Moissanite Plus-Shape Pendant In Vermeil 925 Silver For Love,Gold Vermeil,GH-MOI-00368,9100.00,9100.00,No (reverted)
9920771686648,48968188297464,ACTIVE,6.60 ct DEW Certified F VS1 White Moissanite Pendant In Vermeil 925 Silver – Gift for Her,Gold Vermeil,GH-MOI-00367,9100.00,9100.00,No (reverted)
9920771784952,48968189116664,ACTIVE,5.20 ct DEW Champagne Moissanite Pendant In Vermeil 925 Silver with Accents for Her Gift,Gold Vermeil,GH-MOI-00366,9100.00,9100.00,No (reverted)
9920772047096,48968191508728,ACTIVE,3.00 ct DEW Certified Round Cut Blue Moissanite Plus-Shape Vermeil 925 Silver Pendant,Gold Vermeil,GH-MOI-00365,9100.00,9100.00,No (reverted)
9920772210936,48968193507576,ACTIVE,Gorgeous 1.10 ct DEW Certified 3mm Moissanite Plus-Shape Pendant In Vermeil 925 Silver,Gold Vermeil,GH-MOI-00364,4200.00,5099.99,Yes
9920772374776,48968194719992,ACTIVE,2.50 ct DEW Certified Radiant Cut White Moissanite Pendant In Vermeil 925 Silver,Gold Vermeil,GH-MOI-00363,4200.00,5099.99,Yes
9920772636920,48968197505272,ACTIVE,3.15 ct DEW Heart Cut Certified Moissanite Pendant In Vermeil 925 Silver,Gold Vermeil,GH-MOI-00362,9100.00,9100.00,No (reverted)
9920772702456,48968197931256,ACTIVE,4.60 ct DEW Certified Cushion Cut White Moissanite Solitaire Pendant In Vermeil,Gold Vermeil,GH-MOI-00361,9100.00,9100.00,No (reverted)
9920772997368,48968201109752,ACTIVE,Certified 5 ct DEW Round Cut White Moissanite Plus-Shape Pendant In Vermeil 925 Silver,Gold Vermeil,GH-MOI-00360,4200.00,5099.99,Yes
9920773128440,48968202322168,ACTIVE,2.60 ct DEW Certified Round Cut Blue Moissanite Pendant In Vermeil 925 Silver,Gold Vermeil,GH-MOI-00359,4200.00,5099.99,Yes
9920773325048,48968204353784,ACTIVE,7.80 ct DEW Certified Round Blue Moissanite Pendant In Vermeil 925 Silver Jewellery,Gold Vermeil,GH-MOI-00358,9100.00,9100.00,No (reverted)
9920773456120,48968205959416,ACTIVE,4.20 ct DEW Blue Round Moissanite Pendant In Vermeil 925 Silver Certified Jewellery,Gold Vermeil,GH-MOI-00357,9100.00,9100.00,No (reverted)
9920773652728,48968207565048,ACTIVE,7.50 ct DEW White Round Cut Moissanite Solitaire Pendant In Vermeil 925 Silver,Gold Vermeil,GH-MOI-00356,9100.00,9100.00,No (reverted)
9920773882104,48968209957112,ACTIVE,4.85 ct DEW Pear Cut White Moissanite Solitaire Pendant Vermeil 925 Silver Jewellery,Gold Vermeil,GH-MOI-00355,9100.00,9100.00,No (reverted)
9920774078712,48968211955960,ACTIVE,3.15 ct DEW Heart Cut Moissanite Pendant In Vermeil 925 Silver,Gold Vermeil,GH-MOI-00354,9100.00,9100.00,No (reverted)
9920774275320,48968213594360,ARCHIVED,Certified 5.00 ct DEW Round Cut Moissanite Solitaire Pendant In Vermeil 925 Silver,Gold Vermeil,GH-MOI-00353,12999.99,12999.99,No (reverted)
9920774504696,48968215658744,ACTIVE,Certified 2.75 ct DEW White Moissanite Pendant In Vermeil 925 Silver Jewellery,Gold Vermeil,GH-MOI-00352,9100.00,9100.00,No (reverted)
9920774734072,48968218116344,ACTIVE,25.50 ct DEW Certified White Moissanite Pendant in 925 Silver – Anniversary Gift,Gold Vermeil,GH-MOI-00351,23100.00,23100.00,No (reverted)
9920774996216,48968219754744,ACTIVE,5.00 ct DEW Round Cut Moissanite Solitaire Pendant In Vermeil 925 Silver Certified,Gold Vermeil,GH-MOI-00350,9100.00,9100.00,No (reverted)
9920775127288,48968221753592,ACTIVE,Certified 10 ct DEW White Moissanite Solitaire Pendant Vermeil 925 Silver Jewellery,Gold Vermeil,GH-MOI-00349,9100.00,9100.00,No (reverted)
9920775323896,48968223359224,ACTIVE,3.5 ct DEW Certified Round Cut Moissanite Solitaire Pendant In Gold Vermeil,Gold Vermeil,GH-MOI-00348,9100.00,9100.00,No (reverted)
9920775553272,48968225751288,ACTIVE,7 ct DEW Certified Blue Moissanite Solitaire Asscher Cut Pendant In Gold Vermeil,Gold Vermeil,GH-MOI-00347,9100.00,9100.00,No (reverted)
9920775684344,48968226963704,ACTIVE,5.00 ct DEW Round Cut Blue & White Moissanite In Gold Vermeil Plus-Shape Necklace,Gold Vermeil,GH-MOI-00346,9100.00,9100.00,No (reverted)
9920775913720,48968229355768,ACTIVE,1.20 ct DEW Blue Moissanite Tear Drop Pendant In 18K Gold Vermeil,Gold Vermeil,GH-MOI-00345,9100.00,9100.00,No (reverted)
9920776110328,48968231354616,ACTIVE,Stunning 1.40 ct DEW Certified Blue Moissanite Pendant In Gold Vermeil,Gold Vermeil,GH-MOI-00344,9100.00,9100.00,No (reverted)
9920776339704,48968234238200,ACTIVE,5.50 ct DEW Certified Round Cut Ice Blue Moissanite Plus-Shape Pendant In Gold Vermeil,Gold Vermeil,GH-MOI-00343,9100.00,9100.00,No (reverted)
9920776667384,48968236630264,ACTIVE,11 ct DEW Heart Cut White Moissanite Pendant in Gold Vermeil – Romantic Gift Idea,Gold Vermeil,GH-MOI-00342,9100.00,9100.00,No (reverted)
9920776929528,48968239808760,ACTIVE,4mm Black Moissanite Bead Necklace Certified Wedding Gift Gold Vermeil,Gold Vermeil,GH-MOI-00341,9100.00,9100.00,No (reverted)
9920777191672,48968242987256,ACTIVE,Certified 20 ct DEW Round Blue Moissanite Pendant in Gold Vermeil – Holiday Gift,Gold Vermeil,GH-MOI-00340,14000.00,14000.00,No (reverted)
9920777486584,48968245379320,ACTIVE,22 ct DEW Certified White Moissanite Pendant in Gold Vermeil,Gold Vermeil,GH-MOI-00339,14000.00,14000.00,No (reverted)
9920777814264,48968248656120,ACTIVE,27 ct DEW Certified White Moissanite Solitaire Pendant Gold Vermeil New Year Gift,Gold Vermeil,GH-MOI-00338,14000.00,14000.00,No (reverted)
9920778174712,48968252260600,ACTIVE,5.50 ct DEW Certified Blue Moissanite Solitaire Pendant in Gold Vermeil Gift,Gold Vermeil,GH-MOI-00337,9100.00,9100.00,No (reverted)
9920778469624,48968255045880,ACTIVE,8.80 ct DEW Certified Champagne Moissanite Pendant in Gold Vermeil,Gold Vermeil,GH-MOI-00336,9100.00,9100.00,No (reverted)
9920778600696,48968256258296,ACTIVE,2.50 ct DEW Certified Pink Moissanite Pendant in Gold Vermeil Gift for Birthday,Gold Vermeil,GH-MOI-00335,9100.00,9100.00,No (reverted)
9920778797304,48968258257144,ACTIVE,20 ct DEW Certified Champagne Moissanite Pendant Gold Vermeil Anniversary Gift,Gold Vermeil,GH-MOI-00334,14000.00,14000.00,No (reverted)
9920779059448,48968261075192,ACTIVE,20 ct DEW F VS1 Moissanite Pendant in Gold Vermeil – Perfect Gift for Her This Fall,Gold Vermeil,GH-MOI-00333,14000.00,14000.00,No (reverted)
9920779223288,48968262320376,ACTIVE,10.30 Carat Blue Moissanite Pendant in Gold Vermeil Great Gift for Any Occasion,Gold Vermeil,GH-MOI-00332,9100.00,9100.00,No (reverted)
9920779485432,48968264777976,ACTIVE,Moissanite 4.5 ct DEW Pear Moisanite Pendant White Gold Finish Free Chain Included Gold Vermeil,Gold Vermeil,GH-MOI-00331,9100.00,9100.00,No (reverted)
9920779780344,48968267235576,ACTIVE,14.50 ct DEW F VS1 Moissanite Pendant in Gold Vermeil – Special Anniversary Jewellery,Gold Vermeil,GH-MOI-00330,14000.00,14000.00,No (reverted)
9920779911416,48968268447992,ACTIVE,7.30 ct DEW White Moissanite Pendant in Gold Vermeil – Perfect Birthday Surprise,Gold Vermeil,GH-MOI-00329,9100.00,9100.00,No (reverted)
9920780108024,48968270577912,ACTIVE,9.50 ct DEW Certified Champagne Moissanite Pendant Gold Vermeil Wedding Gift,Gold Vermeil,GH-MOI-00328,9100.00,9100.00,No (reverted)
9920780337400,48968272969976,ACTIVE,12.50 ct DEW Moissanite Pendant in Gold Vermeil – Back to School Gift,Gold Vermeil,GH-MOI-00327,14000.00,14000.00,No (reverted)
9920780534008,48968274379000,ACTIVE,9.30 ct DEW Certified Blue Moissanite Pendant Gold Vermeil Anniversary Jewellery Gift,Gold Vermeil,GH-MOI-00326,9100.00,9100.00,No (reverted)
9920780730616,48968276410616,ACTIVE,18.50 ct DEW F VS1 Moissanite Pendant in Gold Vermeil Premium Gift for Her Birthday,Gold Vermeil,GH-MOI-00325,9100.00,9100.00,No (reverted)
9920780894456,48968278049016,ACTIVE,7.30 ct DEW F VS1 White Moissanite Pendant in Gold Vermeil – Birthday Gift for Wife,Gold Vermeil,GH-MOI-00324,9100.00,9100.00,No (reverted)
9920781123832,48968280047864,ACTIVE,16 ct DEW Certified F VS1 Moissanite Pendant in Gold Vermeil –Jewellery for Women,Gold Vermeil,GH-MOI-00323,14000.00,14000.00,No (reverted)
9920781320440,48968282046712,ACTIVE,Moissanite 5.40 ct DEW Certified Moisanite Pendant Accents Back to School Jewellery Gold Vermeil,Gold Vermeil,GH-MOI-00322,9100.00,9100.00,No (reverted)
9920781451512,48968283259128,ACTIVE,5.10 ct DEW Certified Cushion Blue Moissanite Pendant in Gold Vermeil Birthday Gift,Gold Vermeil,GH-MOI-00321,9100.00,9100.00,No (reverted)
9920781713656,48968286109944,ACTIVE,6.60 ct DEW Certified F VS1 White Moissanite Pendant in Gold Vermeil – Gift for Her,Gold Vermeil,GH-MOI-00320,9100.00,9100.00,No (reverted)
9920781943032,48968288502008,ACTIVE,4.50 ct DEW Certified F VS1 White Moissanite Pendant in Gold Vermeil Labor Day Gift,Gold Vermeil,GH-MOI-00319,9100.00,9100.00,No (reverted)
9920782074104,48968290107640,ACTIVE,7.30 ct DEW Moissanite Pendant in Gold Vermeil Certified,Gold Vermeil,GH-MOI-00318,9100.00,9100.00,No (reverted)
9920782369016,48968292565240,ACTIVE,6.20 ct DEW Champagne Moissanite Pendant in Gold Vermeil Certified for Her Gift,Gold Vermeil,GH-MOI-00317,9100.00,9100.00,No (reverted)
9920782500088,48968294170872,ACTIVE,5 ct DEW Marquise Moissanite Pendant in Gold Vermeil Certified Gift for Birthday,Gold Vermeil,GH-MOI-00316,9100.00,9100.00,No (reverted)
9920782696696,48968295776504,ACTIVE,5.65 ct DEW Princess Cut Moissanite Pendant Gold Vermeil Holiday Jewellery Gift,Gold Vermeil,GH-MOI-00315,9100.00,9100.00,No (reverted)
9920782926072,48968298168568,ACTIVE,5.30 ct DEW Certified Moissanite Pendant in Gold Vermeil Ideal Gift,Gold Vermeil,GH-MOI-00314,9100.00,9100.00,No (reverted)
9920783122680,48968300200184,ACTIVE,4.50 ct DEW Round Moissanite Pendant in Gold Vermeil Certified for Holiday Deals,Gold Vermeil,GH-MOI-00313,9100.00,9100.00,No (reverted)
9920783319288,48968301838584,ACTIVE,10.50 ct DEW Champagne Moissanite Pendant Gold Vermeil Certified for Festive Gift,Gold Vermeil,GH-MOI-00312,9100.00,9100.00,No (reverted)
9920783483128,48968304623864,ACTIVE,4.20 ct DEW Certified Moissanite Pendant in Gold Vermeil Ideal Gift,Gold Vermeil,GH-MOI-00311,9100.00,9100.00,No (reverted)
9920783712504,48968305475832,ACTIVE,5 ct DEW Marquise Moissanite Pendant in Gold Vermeil Certified for Wedding Gift,Gold Vermeil,GH-MOI-00310,9100.00,9100.00,No (reverted)
9920783909112,48968307900664,ACTIVE,10.30 ct DEW Round Blue Moissanite Pendant Gold Vermeil Certified Gift for Wife,Gold Vermeil,GH-MOI-00309,9100.00,9100.00,No (reverted)
9920784072952,48968309113080,ACTIVE,4.85 ct DEW Blue Moissanite Pendant in Gold Vermeil Certified for Holiday Jewellery,Gold Vermeil,GH-MOI-00308,9100.00,9100.00,No (reverted)
9920784335096,48968311931128,ACTIVE,5.70 ct DEW Champagne Moissanite Pendant in Gold Vermeil Certified for Her Gift,Gold Vermeil,GH-MOI-00307,9100.00,9100.00,No (reverted)
9920784531704,48968313536760,ACTIVE,12 ct DEW Certified Moissanite Solitaire Pendant Gold Vermeil Holiday Gift Idea,Gold Vermeil,GH-MOI-00306,9100.00,9100.00,No (reverted)
9920784695544,48968315142392,ACTIVE,5.50 ct DEW Blue Moissanite Pendant in Gold Vermeil Certified Gift,Gold Vermeil,GH-MOI-00305,9100.00,9100.00,No (reverted)
9920784859384,48968317141240,ACTIVE,4.35 ct DEW Round Blue Moissanite Certified Pendant in Gold Vermeil Holiday Special,Gold Vermeil,GH-MOI-00304,9100.00,9100.00,No (reverted)
9920785055992,48968318746872,ACTIVE,7.30 ct DEW Certified Moissanite Pendant in Gold Vermeil for Thanksgiving Gift,Gold Vermeil,GH-MOI-00303,9100.00,9100.00,No (reverted)
9920785285368,48968321138936,ACTIVE,4 ct DEW Certified Moissanite Solitaire Pendant Gold Vermeil Anniversary Jewellery,Gold Vermeil,GH-MOI-00302,9100.00,9100.00,No (reverted)
9920785481976,48968323531000,ACTIVE,16.30 ct DEW Round Blue Moissanite Pendant in Gold Vermeil,Gold Vermeil,GH-MOI-00301,9100.00,9100.00,No (reverted)
9920785678584,48968325136632,ACTIVE,4.00 ct DEW Princess Cut Certified Moissanite Pendant Gold Vermeil Holiday Jewellery,Gold Vermeil,GH-MOI-00300,9100.00,9100.00,No (reverted)
9920786006264,48968328347896,ACTIVE,6.15 ct DEW Certified Moissanite Solitaire Pendant in Gold Vermeil,Gold Vermeil,GH-MOI-00299,9100.00,9100.00,No (reverted)
9920786202872,48968330346744,ACTIVE,15 ct DEW White Moissanite Pendant in Gold Vermeil Certified Luxury Holiday Jewellery,Gold Vermeil,GH-MOI-00298,14000.00,14000.00,No (reverted)
9920786465016,48968332771576,ACTIVE,4.90 ct DEW White Moissanite Pendant Gold Vermeil Cyber Monday Certified Gift Deal,Gold Vermeil,GH-MOI-00297,9100.00,9100.00,No (reverted)
9920786628856,48968335589624,ACTIVE,7.80 ct DEW Blue Moissanite Pendant Gold Vermeil Certified Gift Jewellery,Gold Vermeil,GH-MOI-00296,9100.00,9100.00,No (reverted)
9920786858232,48968337588472,ACTIVE,5.50 ct DEW White Round Moissanite Pendant Gold Vermeil Certified Holiday Gift Idea,Gold Vermeil,GH-MOI-00295,9100.00,9100.00,No (reverted)
9920787054840,48968339620088,ACTIVE,11 ct DEW White Heart Cut Moissanite Pendant Gold Vermeil,Gold Vermeil,GH-MOI-00294,9100.00,9100.00,No (reverted)
9920787218680,48968340832504,ACTIVE,6.00 ct DEW White Heart Cut Moissanite Pendant Gold Vermeil Gift for Her,Gold Vermeil,GH-MOI-00293,9100.00,9100.00,No (reverted)
9920787513592,48968344011000,ACTIVE,9.80 ct DEW Champagne Moissanite Pendant Gold Vermeil Cyber Monday Gift for Wife,Gold Vermeil,GH-MOI-00292,9100.00,9100.00,No (reverted)
9920787644664,48968346403064,ACTIVE,7.10 ct DEW Champagne Moissanite Pendant Gold Vermeil Certified,Gold Vermeil,GH-MOI-00291,9100.00,9100.00,No (reverted)
9920787841272,48968347222264,ACTIVE,6.50 ct DEW Champagne Moissanite Pendant Gold Vermeil,Gold Vermeil,GH-MOI-00290,9100.00,9100.00,No (reverted)
9920788136184,48968350400760,ACTIVE,10 ct DEW Blue Moissanite Solitaire Pendant Gold Vermeil Certified Jewellery,Gold Vermeil,GH-MOI-00289,9100.00,9100.00,No (reverted)
9920788234488,48968351645944,ACTIVE,7.00 ct DEW White Certified Moissanite Pendant in Gold Vermeil Holiday Gift for Her,Gold Vermeil,GH-MOI-00288,9100.00,9100.00,No (reverted)
9920788496632,48968353644792,ACTIVE,7.30 ct DEW White Moissanite Solitaire Pendant Vermeil,Gold Vermeil,GH-MOI-00287,9100.00,9100.00,No (reverted)
9920788726008,48968356823288,ACTIVE,6.20 ct DEW Champagne Moissanite Pendant in Gold Vermeil,Gold Vermeil,GH-MOI-00286,9100.00,9100.00,No (reverted)
9920788824312,48968357249272,ACTIVE,6.50 ct DEW Blue Moissanite Solitaire Pendant in Gold Vermeil Holiday Jewellery Gift,Gold Vermeil,GH-MOI-00285,9100.00,9100.00,No (reverted)
9920789119224,48968360034552,ACTIVE,5.00 ct DEW Champagne Moissanite Solitaire Pendant Gold Vermeil Cyber Monday Deal,Gold Vermeil,GH-MOI-00284,9100.00,9100.00,No (reverted)
9920789315832,48968362426616,ACTIVE,Moissanite 4.60 ct DEW Certified White Moissanite Solitaire Pendant Gold Vermeil,Gold Vermeil,GH-MOI-00283,9100.00,9100.00,No (reverted)
9920789512440,48968364425464,ACTIVE,11.00 ct DEW White Moissanite Solitaire Pendant in Gold Vermeil Certified Gift,Gold Vermeil,GH-MOI-00282,9100.00,9100.00,No (reverted)
9920789774584,48968366457080,ACTIVE,5.20 ct DEW Cushion Cut White Moissanite Solitaire Pendant Gold Vermeil Jewellery,Gold Vermeil,GH-MOI-00281,9100.00,9100.00,No (reverted)
9920790036728,48968369242360,ACTIVE,7.15 ct DEW Certified White Moissanite Solitaire Pendant in Gold Vermeil Jewellery,Gold Vermeil,GH-MOI-00280,9100.00,9100.00,No (reverted)
9920790233336,48968372027640,ACTIVE,4.10 ct DEW White Moissanite Solitaire Pendant in Gold Vermeil Certified Gift,Gold Vermeil,GH-MOI-00279,9100.00,9100.00,No (reverted)
9920790397176,48968373633272,ACTIVE,5.75 ct DEW Champagne Moissanite Solitaire Pendant in Gold Vermeil Gift for Women,Gold Vermeil,GH-MOI-00278,9100.00,9100.00,No (reverted)
9920790659320,48968375632120,ACTIVE,Moissanite 8.20 ct DEW Certified Blue Moisanite Solitaire Pendant in Gold Vermeil Jewellery Gift,Gold Vermeil,GH-MOI-00277,9100.00,9100.00,No (reverted)
9920790855928,48968377630968,ACTIVE,5.10 ct DEW Oval Cut White Moissanite Solitaire Pendant in Gold Vermeil Gift,Gold Vermeil,GH-MOI-00276,9100.00,9100.00,No (reverted)
9920790987000,48968380023032,ACTIVE,Stunning 11 ct DEW Blue Moissanite Solitaire Pendant in Gold Vermeil Gift for Her,Gold Vermeil,GH-MOI-00275,9100.00,9100.00,No (reverted)
9920791314680,48968382087416,ACTIVE,Rare 15.60 ct DEW Blue Moissanite Solitaire Pendant in Gold Vermeil Certified,Gold Vermeil,GH-MOI-00274,9100.00,9100.00,No (reverted)
9920791576824,48968384971000,ACTIVE,6.50 ct DEW Princess Cut White Moissanite Solitaire Pendant Gold Vermeil Certified,Gold Vermeil,GH-MOI-00273,9100.00,9100.00,No (reverted)
9920791806200,48968386969848,ACTIVE,Gorgeous 11.50 ct DEW Blue Moissanite Solitaire Pendant in Gold Vermeil Certified,Gold Vermeil,GH-MOI-00272,9100.00,9100.00,No (reverted)
9920791937272,48968388968696,ACTIVE,5.30ct DEW White Moissanite Round Pendant Necklace,Gold Vermeil,GH-MOI-00271,9100.00,9100.00,No (reverted)
9920792199416,48968390967544,ACTIVE,7.50ct DEW White Moissanite Heart Cut Pendant Necklace,Gold Vermeil,GH-MOI-00270,9100.00,9100.00,No (reverted)
9920792396024,48968392999160,ACTIVE,10.25ct DEW Champagne Moissanite Round Pendant Necklace,Gold Vermeil,GH-MOI-00269,9100.00,9100.00,No (reverted)
9920792559864,48968394604792,ACTIVE,5.34ct DEW White Moissanite Round Pendant Necklace,Gold Vermeil,GH-MOI-00268,9100.00,9100.00,No (reverted)
9920792789240,48968397160696,ACTIVE,10.00ct DEW White Moissanite Heart Cut Pendant Necklace,Gold Vermeil,GH-MOI-00267,9100.00,9100.00,No (reverted)
9920793116920,48968400339192,ACTIVE,20.00ct DEW Blue Moissanite Round Pendant Necklace,Gold Vermeil,GH-MOI-00266,14000.00,14000.00,No (reverted)
9920793477368,48968404336888,ACTIVE,4.00ct DEW White Moissanite Round Pendant Necklace,Gold Vermeil,GH-MOI-00265,9100.00,9100.00,No (reverted)
9920793805048,48968408301816,ACTIVE,5.60ct DEW Blue Moissanite Round Pendant Necklace,Gold Vermeil,GH-MOI-00264,9100.00,9100.00,No (reverted)
9920794165496,48968411873528,ACTIVE,4.50ct DEW White Moissanite Round Pendant Necklace,Gold Vermeil,GH-MOI-00263,9100.00,9100.00,No (reverted)
9920794525944,48968415903992,ACTIVE,4.60ct DEW White Moissanite Pear Cut Pendant Necklace,Gold Vermeil,GH-MOI-00262,9100.00,9100.00,No (reverted)
9920794853624,48968419082488,ACTIVE,4 ct DEW Cushion White Moissanite Certified Stud Earrings In Vermeil 925 Silver,Gold Vermeil,GH-MOI-00261,14000.00,14000.00,No (reverted)
9920795214072,48968422654200,ACTIVE,7 ct DEW Certified Round Cut White Moissanite Solitaire Studs In Vermeil 925 Silver,Gold Vermeil,GH-MOI-00260,14000.00,14000.00,No (reverted)
9920795476216,48968425832696,ACTIVE,4.00 ct DEW White Moissanite Stud Earrings In Vermeil 925 Silver Wedding Gift,Gold Vermeil,GH-MOI-00259,14000.00,14000.00,No (reverted)
9920795640056,48968427438328,ACTIVE,4.20 ct DEW Certified White Moissanite Stud Earrings In Vermeil 925 Silver Gift,Gold Vermeil,GH-MOI-00258,14000.00,14000.00,No (reverted)
9920795869432,48968429076728,ACTIVE,6.20 ct DEW Certified Round Blue Moissanite Dangler Earrings In Vermeil 925 Silver,Gold Vermeil,GH-MOI-00257,14000.00,14000.00,No (reverted)
9920796131576,48968432255224,ACTIVE,7 ct DEW Blue Moissanite Stud Earrings In Vermeil 925 Silver – Birthday for Women,Gold Vermeil,GH-MOI-00256,14000.00,14000.00,No (reverted)
9920796262648,48968433467640,ACTIVE,10 ct DEW Certified Round Cut White Moissanite Dangler Earrings Vermeil 925 Silver,Gold Vermeil,GH-MOI-00255,18900.00,18900.00,No (reverted)
9920796524792,48968435859704,ACTIVE,3.00 ct DEW Blue Moissanite Stud Earrings In Vermeil 925 Silver Gift for Her,Gold Vermeil,GH-MOI-00254,14000.00,14000.00,No (reverted)
9920796786936,48968438644984,ACTIVE,12 ct DEW Certified F VS1 Moissanite Earrings In Vermeil 925 Silver For Women,Gold Vermeil,GH-MOI-00253,14000.00,14000.00,No (reverted)
9920796950776,48968439857400,ACTIVE,3.60 ct DEW White Moissanite Earrings In Vermeil 925 Silver Birthday Gift for Her,Gold Vermeil,GH-MOI-00252,14000.00,14000.00,No (reverted)
9920797180152,48968442642680,ACTIVE,12.00 ct DEW Certified Round Cut Moissanite Studs Earrings In Gold Vermeil,Gold Vermeil,GH-MOI-00251,14000.00,14000.00,No (reverted)
9920797475064,48968445100280,ACTIVE,Certified 6.00 ct DEW White Moissanite Designer Dangler Earrings in Gold Vermeil,Gold Vermeil,GH-MOI-00250,9100.00,9100.00,No (reverted)
9920797638904,48968447131896,ACTIVE,Certified 5.00 ct DEW White Moissanite Solitaire Dangler Earrings Gold Vermeil,Gold Vermeil,GH-MOI-00249,9100.00,9100.00,No (reverted)
9920797901048,48968449523960,ACTIVE,6 ct DEW Certified Round Cut White Moissanite Solitaire Studs In Gold Vermeil,Gold Vermeil,GH-MOI-00248,9100.00,9100.00,No (reverted)
9920798130424,48968451916024,ACTIVE,Certified 7.3 ct DEW White Moissanite Solitaire Dangler Earrings In Gold Vermeil,Gold Vermeil,GH-MOI-00247,9100.00,9100.00,No (reverted)
9920798228728,48968453521656,ACTIVE,12.00 ct DEW Certified Round Cut Moissanite Solitaire Studs In Gold Vermeil,Gold Vermeil,GH-MOI-00246,9100.00,9100.00,No (reverted)
9920798523640,48968455913720,ACTIVE,5 ct DEW White Moissanite Solitaire Earrings With Accents In Gold Vermeil,Gold Vermeil,GH-MOI-00245,9100.00,9100.00,No (reverted)
9920798785784,48968458764536,ACTIVE,10.00 ct DEW Certified White Moissanite Studs Earrings In Gold Vermeil,Gold Vermeil,GH-MOI-00244,9100.00,9100.00,No (reverted)
9920799015160,48968460763384,ACTIVE,Certified 10.00 ct DEW Round Cut White Moissanite Studs In Gold Vermeil,Gold Vermeil,GH-MOI-00243,9100.00,9100.00,No (reverted)
9920799179000,48968463089912,ACTIVE,Certified 4.00 ct DEW White Moissanite Dangler Earrings In Gold Vermeil,Gold Vermeil,GH-MOI-00242,9100.00,9100.00,No (reverted)
9920799408376,48968465481976,ACTIVE,4.00 ct DEW Certified Pink Moissanite Solitaire Earrings In Gold Vermeil,Gold Vermeil,GH-MOI-00241,9100.00,9100.00,No (reverted)
9920799703288,48968468660472,ACTIVE,7.30 ct DEW White Moissanite Solitaire Dangler Earrings In Gold Vermeil,Gold Vermeil,GH-MOI-00240,9100.00,9100.00,No (reverted)
9920799932664,48968470659320,ACTIVE,5.00 ct DEW Certified White Moissanite Solitaire Studs In Gold Vermeil,Gold Vermeil,GH-MOI-00239,9100.00,9100.00,No (reverted)
9920800096504,48968471871736,ACTIVE,9.00 ct DEW Certified White Moissanite Solitaire Studs In Gold Vermeil,Gold Vermeil,GH-MOI-00238,9100.00,9100.00,No (reverted)
9920800293112,48968474263800,ACTIVE,4 ct DEW Certified White Moissanite Gold Vermeil Dangler Earrings In Gold Vermeil,Gold Vermeil,GH-MOI-00237,9100.00,9100.00,No (reverted)
9920800489720,48968476295416,ACTIVE,5.50 ct DEW Certified White Moissanite Solitaire Studs In Gold Vermeil,Gold Vermeil,GH-MOI-00236,9100.00,9100.00,No (reverted)
9920800751864,48968478327032,ACTIVE,Gorgeous 7.00 ct DEW Oval Cut White Moissanite Earrings In Gold Vermeil,Gold Vermeil,GH-MOI-00235,9100.00,9100.00,No (reverted)
9920800981240,48968480719096,ACTIVE,Certified 5.00 ct DEW Moissanite Solitaire Butterfly Studs earrings Gold Vermeil,Gold Vermeil,GH-MOI-00234,9100.00,9100.00,No (reverted)
9920801177848,48968482717944,ACTIVE,5 ct DEW Round Cut White Moissanite Solitaire Dangler Earrings In Gold Vermeil,Gold Vermeil,GH-MOI-00233,9100.00,9100.00,No (reverted)
9920801341688,48968484323576,ACTIVE,Certified 4 ct DEW Round Cut F VS1 White Solitaire Moissanite Earrings Gold Vermeil,Gold Vermeil,GH-MOI-00232,9100.00,9100.00,No (reverted)
9920801538296,48968486322424,ACTIVE,7.3 ct DEW White Moissanite Solitaire Dangler Earrings In Gold Vermeil,Gold Vermeil,GH-MOI-00231,9100.00,9100.00,No (reverted)
9920801702136,48968487928056,ACTIVE,4.00 ct DEW Moissanite Solitaire Dangler Earrings Yellow Finish In Gold Vermeil,Gold Vermeil,GH-MOI-00230,9100.00,9100.00,No (reverted)
9920801898744,48968489926904,ACTIVE,7 ct DEW Certified Champagne Moissanite Solitaire Earrings In Gold Vermeil,Gold Vermeil,GH-MOI-00229,9100.00,9100.00,No (reverted)
9920802095352,48968491925752,ACTIVE,3 ct DEW Certified Pink Moissanite Solitaire Studs In Gold Vermeil For Wife,Gold Vermeil,GH-MOI-00228,9100.00,9100.00,No (reverted)
9920802324728,48968493596920,ACTIVE,7.30 ct DEW Certified White Moissanite In Gold Vermeil Dangler Earrings,Gold Vermeil,GH-MOI-00227,9100.00,9100.00,No (reverted)
9920802521336,48968495595768,ACTIVE,5.00 ct DEW White Moissanite Solitaire Studs In Gold Vermeil For Birthday,Gold Vermeil,GH-MOI-00226,9100.00,9100.00,No (reverted)
9920802685176,48968497594616,ACTIVE,5.00 ct DEW White Moissanite Solitaire Studs In Gold Vermeil For Girls,Gold Vermeil,GH-MOI-00225,9100.00,9100.00,No (reverted)
9920802914552,48968499593464,ACTIVE,5.00 ct DEW Certified Moissanite Solitaire Earrings In Gold Vermeil For Gift,Gold Vermeil,GH-MOI-00224,9100.00,9100.00,No (reverted)
9920803111160,48968501592312,ACTIVE,4 ct DEW Certified Champagne Moissanite Solitaire Studs In Gold Vermeil,Gold Vermeil,GH-MOI-00223,9100.00,9100.00,No (reverted)
9920803275000,48968503197944,ACTIVE,7.30 ct DEW Certified White Moissanite Gold Vermeil Dangler Earrings For Women Gift,Gold Vermeil,GH-MOI-00222,9100.00,9100.00,No (reverted)
9920803504376,48968505590008,ACTIVE,5 ct DEW Certified Cushion Cut Moissanite Solitaire Studs In Gold Vermeil,Gold Vermeil,GH-MOI-00221,9100.00,9100.00,No (reverted)
9920803602680,48968506802424,ACTIVE,12 ct DEW Certified White Moissanite Solitaire Studs Round Cut In Gold Vermeil,Gold Vermeil,GH-MOI-00220,14000.00,14000.00,No (reverted)
9920803897592,48968509260024,ACTIVE,White Moissanite 10 ct DEW Round Cut Certified Earrings In Gold Vermeil,Gold Vermeil,GH-MOI-00219,9100.00,9100.00,No (reverted)
9920804061432,48968510865656,ACTIVE,4.00 ct DEW Certified White Moissanite Round Cut Earrings In Gold Vermeil Jewellery,Gold Vermeil,GH-MOI-00218,9100.00,9100.00,No (reverted)
9920804258040,48968512864504,ACTIVE,5.50 ct DEW Certified Blue & White Moissanite Round Cut Earrings In Gold Vermeil,Gold Vermeil,GH-MOI-00217,9100.00,9100.00,No (reverted)
9920804520184,48968515846392,ACTIVE,6 ct DEW Certified White Moissanite Solitaire Studs Round Cut In Gold Vermeil,Gold Vermeil,GH-MOI-00216,9100.00,9100.00,No (reverted)
9920804651256,48968517452024,ACTIVE,4.00 ct DEW Certified White Moissanite Round Cut Earrings In Gold Vermeil,Gold Vermeil,GH-MOI-00215,9100.00,9100.00,No (reverted)
9920804913400,48968519483640,ACTIVE,Certified 15 ct DEW Blue Moissanite Solitaire Round Cut Earring In Gold Vermeil,Gold Vermeil,GH-MOI-00214,14000.00,14000.00,No (reverted)
9920805110008,48968521482488,ACTIVE,6 ct DEW Certified Radiant Cut White Moissanite Solitaire Studs In Gold Vermeil,Gold Vermeil,GH-MOI-00213,9100.00,9100.00,No (reverted)
9920805273848,48968523120888,ACTIVE,5.00 ct DEW Certified Round Cut White Moissanite Solitaire Studs Gold Vermeil,Gold Vermeil,GH-MOI-00212,9100.00,9100.00,No (reverted)
9920805535992,48968525512952,ACTIVE,4 ct DEW Certified Cushion Cut Moissanite Solitaire Studs In Stering Gold Vermeil,Gold Vermeil,GH-MOI-00211,9100.00,9100.00,No (reverted)
9920805667064,48968527118584,ACTIVE,Certified 5.60 ct DEW White & Pink Moissanite Dangler Earrings In Gold Vermeil,Gold Vermeil,GH-MOI-00210,9100.00,9100.00,No (reverted)
9920805896440,48968529117432,ACTIVE,2.00 ct DEW Certified Blue Moissanite Stud Earrings in Gold Vermeil For Women,Gold Vermeil,GH-MOI-00209,5600.00,6799.99,Yes
9920806158584,48968532295928,ACTIVE,7.00 ct DEW Certified Champagne Moissanite Earrings in Gold Vermeil For Wedding,Gold Vermeil,GH-MOI-00208,9100.00,9100.00,No (reverted)
9920806256888,48968532721912,ACTIVE,Moissanite 4 ct DEW Certified Pink Moisanite Solitaire Earrings in Gold Vermeil For Aniversary,Gold Vermeil,GH-MOI-00207,9100.00,9100.00,No (reverted)
9920806486264,48968535113976,ACTIVE,2.00 ct DEW Certified Blue Moissanite Solitaire Studs in Gold Vermeil For Gift,Gold Vermeil,GH-MOI-00206,9100.00,9100.00,No (reverted)
9920806617336,48968536326392,ACTIVE,15 ct DEW Certified Blue Moissanite Dangler Earrings Gold Vermeil For Birthday,Gold Vermeil,GH-MOI-00205,9100.00,9100.00,No (reverted)
9920806846712,48968538718456,ACTIVE,6.00 ct DEW Princess Cut Certified Moissanite Studs in Gold Vermeil For Wife,Gold Vermeil,GH-MOI-00204,9100.00,9100.00,No (reverted)
9920807108856,48968541503736,ACTIVE,8.00 ct DEW Certified White Moissanite Dangler Earrings in Gold Vermeil For Women,Gold Vermeil,GH-MOI-00203,9100.00,9100.00,No (reverted)
9920807272696,48968543895800,ACTIVE,4.00 ct DEW Certified Princess Cut Moissanite Stud Earrings Gold Vermeil For Sis,Gold Vermeil,GH-MOI-00202,9100.00,9100.00,No (reverted)
9920807600376,48968547107064,ACTIVE,5.50 ct DEW Certified F VS1 White Moissanite Stud Earrings in Gold Vermeil Jewellery,Gold Vermeil,GH-MOI-00201,9100.00,9100.00,No (reverted)
9920807993592,48968551465208,ACTIVE,3.00 ct DEW Certified Blue Moissanite Dangler Earrings in Gold Vermeil For Love,Gold Vermeil,GH-MOI-00200,9100.00,9100.00,No (reverted)
9920808222968,48968553857272,ACTIVE,5.00 ct DEW Certified White Moissanite Stud Earrings in Gold Vermeil For Friend,Gold Vermeil,GH-MOI-00199,9100.00,9100.00,No (reverted)
9920808485112,48968557494520,ACTIVE,2.00 Cts Certified Blue Moissanite Stud Earrings in Gold Vermeil For Gift,Gold Vermeil,GH-MOI-00198,9100.00,9100.00,No (reverted)
9920808976632,48968561459448,ACTIVE,6.00 ct DEW Certified Blue Moissanite Stud Earrings in Gold Vermeil For Love,Gold Vermeil,GH-MOI-00197,9100.00,9100.00,No (reverted)
9920809238776,48968564244728,ACTIVE,3.00 Cts Certified Blue Moissanite Dangler Earrings in Gold Vermeil,Gold Vermeil,GH-MOI-00196,9100.00,9100.00,No (reverted)
9920809369848,48968565457144,ACTIVE,2.00 ct DEW Certified Pink Moissanite Solitaire Studs in Gold Vermeil For Wife,Gold Vermeil,GH-MOI-00195,9100.00,9100.00,No (reverted)
9920809599224,48968567849208,ACTIVE,9.00 ct DEW Certified F VS1 White Moissanite Stud Earrings in Gold Vermeil,Gold Vermeil,GH-MOI-00194,9100.00,9100.00,No (reverted)
9920809795832,48968569848056,ACTIVE,4.00 ct DEW Certified White Moissanite Dangler Earrings In Gold Vermeil,Gold Vermeil,GH-MOI-00193,9100.00,9100.00,No (reverted)
9920809959672,48968571126008,ACTIVE,12.00 ct DEW Certified Moissanite Solitaire Stud Earrings In Gold Vermeil,Gold Vermeil,GH-MOI-00192,9100.00,9100.00,No (reverted)
9920810254584,48968573944056,ACTIVE,4.00 ct DEW Certified Champagne Moissanite Studs In Gold Vermeil For Gift,Gold Vermeil,GH-MOI-00191,9100.00,9100.00,No (reverted)
9920810483960,48968576729336,ACTIVE,6.00 ct DEW Certified White Moissanite Solitaire Studs In Gold Vermeil,Gold Vermeil,GH-MOI-00190,9100.00,9100.00,No (reverted)
9920810582264,48968577155320,ACTIVE,4.00 ct DEW Certified White Moissanite Screw Back Studs In Gold Vermeil,Gold Vermeil,GH-MOI-00189,9100.00,9100.00,No (reverted)
9920810844408,48968580333816,ACTIVE,10.00 ct DEW Certified White Moissanite Solitaire Studs In Gold Vermeil,Gold Vermeil,GH-MOI-00188,9100.00,9100.00,No (reverted)
9920810942712,48968580759800,ACTIVE,8.00 ct DEW Certified White Moissanite Dangler Earrings In Gold Vermeil,Gold Vermeil,GH-MOI-00187,9100.00,9100.00,No (reverted)
9920811204856,48968583545080,ACTIVE,12.00 ct DEW Certified Moissanite Solitaire Studs In Gold Vermeil For Women,Gold Vermeil,GH-MOI-00186,9100.00,9100.00,No (reverted)
9920811401464,48968585937144,ACTIVE,3.00 ct DEW Certified Pink Moissanite Stud Earrings In Gold Vermeil For Women,Gold Vermeil,GH-MOI-00185,9100.00,9100.00,No (reverted)
9920811565304,48968586789112,ACTIVE,6.00 ct DEW Certified Blue Moissanite Earrings with Shine and Luster Gold Vermeil,Gold Vermeil,GH-MOI-00184,9100.00,9100.00,No (reverted)
9920811827448,48968589574392,ACTIVE,12.00 ct DEW White Moissanite Stud Earrings with Sparkle and Luster Gold Vermeil,Gold Vermeil,GH-MOI-00183,14000.00,14000.00,No (reverted)
9920811925752,48968590786808,ACTIVE,4.00 ct DEW Certified Pink Moissanite Solitaire Stud Earrings with Gold Vermeil,Gold Vermeil,GH-MOI-00182,9100.00,9100.00,No (reverted)
9920812122360,48968592392440,ACTIVE,7.00 ct DEW Certified White Moissanite Solitaire Studs in Gold Vermeil,Gold Vermeil,GH-MOI-00181,9100.00,9100.00,No (reverted)
9920812286200,48968594391288,ACTIVE,4.00 ct DEW Off-White Moissanite Dangle Earrings Gold Vermeil – Summer Gift Pick,Gold Vermeil,GH-MOI-00180,9100.00,9100.00,No (reverted)
9920812515576,48968596390136,ACTIVE,5.00 ct DEW Pink Moissanite Stud Earrings Gold Vermeil – Anniversary Gift Jewellery,Gold Vermeil,GH-MOI-00179,9100.00,9100.00,No (reverted)
9920812744952,48968598814968,ACTIVE,3.20 ct DEW Blue Moissanite Dangle Earrings Gold Vermeil – 4th July Gift for Her,Gold Vermeil,GH-MOI-00178,9100.00,9100.00,No (reverted)
9920812876024,48968599666936,ACTIVE,6.50 ct DEW Blue Moissanite Stud Earrings in Gold Vermeil – Festive Shine Jewellery,Gold Vermeil,GH-MOI-00177,9100.00,9100.00,No (reverted)
9920813138168,48968602091768,ACTIVE,2.60 ct DEW Pink Moissanite Stud Earrings Gold Vermeil – Gift for Her Sparkle Deal,Gold Vermeil,GH-MOI-00176,9100.00,9100.00,No (reverted)
9920813302008,48968603762936,ACTIVE,4.00 ct DEW Pink Moissanite Stud Earrings Gold Vermeil – Glamorous Birthday Gift,Gold Vermeil,GH-MOI-00175,9100.00,9100.00,No (reverted)
9920813498616,48968605368568,ACTIVE,6.00 ct DEW Round White Moissanite Stud Earrings Gold Vermeil – Wedding Gift Pick,Gold Vermeil,GH-MOI-00174,9100.00,9100.00,No (reverted)
9920813793528,48968609366264,ACTIVE,5.80 ct DEW Blue Moissanite Stud Earrings Gold Vermeil – Dazzling 4th July Gift,Gold Vermeil,GH-MOI-00173,9100.00,9100.00,No (reverted)
9920814088440,48968611758328,ACTIVE,5 ct DEW Cushion Cut Off-White Moissanite Studs Gold Vermeil – Summer Gift Deal,Gold Vermeil,GH-MOI-00172,9100.00,9100.00,No (reverted)
9920814285048,48968613396728,ACTIVE,3.50 ct DEW Certified Pink Moissanite Earrings Gold Vermeil Birthday Jewellery Gift,Gold Vermeil,GH-MOI-00171,9100.00,9100.00,No (reverted)
9920814448888,48968615035128,ACTIVE,6.80 ct DEW Round White Moissanite Stud Earrings Gold Vermeil – Sparkle This July,Gold Vermeil,GH-MOI-00170,9100.00,9100.00,No (reverted)
9920814645496,48968617099512,ACTIVE,6.40 ct DEW Round White Moissanite Stud Earrings Gold Vermeil – Party Wear Gift,Gold Vermeil,GH-MOI-00169,9100.00,9100.00,No (reverted)
9920814776568,48968618311928,ACTIVE,5.00 ct DEW Emerald Cut White Moissanite Studs Gold Vermeil – Elegant Gift Idea,Gold Vermeil,GH-MOI-00168,9100.00,9100.00,No (reverted)
9920815005944,48968620310776,ACTIVE,5.30 ct DEW Round White Moissanite Stud Earrings Gold Vermeil – July Festive Offer,Gold Vermeil,GH-MOI-00167,9100.00,9100.00,No (reverted)
9920815169784,48968622309624,ACTIVE,5.00 ct DEW Blue Moissanite Stud Earrings Gold Vermeil – Anniversary Gift Jewellery,Gold Vermeil,GH-MOI-00166,9100.00,9100.00,No (reverted)
9920815366392,48968623915256,ACTIVE,5.20 ct DEW Off-White Moissanite Stud Earrings Gold Vermeil – Sparkling Gift Deal,Gold Vermeil,GH-MOI-00165,9100.00,9100.00,No (reverted)
9920815530232,48968625553656,ACTIVE,4.70 ct DEW White Moissanite Heart Dangle Earrings Gold Vermeil – Gift for Wife,Gold Vermeil,GH-MOI-00164,9100.00,9100.00,No (reverted)
9920815792376,48968627618040,ACTIVE,4.00 ct DEW Princess White Moissanite Studs Gold Vermeil – 4th July Festival Pick,Gold Vermeil,GH-MOI-00163,9100.00,9100.00,No (reverted)
9920815956216,48968629223672,ACTIVE,7.00 ct DEW Blue Moissanite Stud Earrings Gold Vermeil – Birthday Glam for Women,Gold Vermeil,GH-MOI-00162,9100.00,9100.00,No (reverted)
9920816152824,48968631222520,ACTIVE,4.40 ct DEW Champagne Moissanite Stud Earrings Gold Vermeil – Wedding Gift Jewellery,Gold Vermeil,GH-MOI-00161,9100.00,9100.00,No (reverted)
9920816349432,48968633221368,ACTIVE,7.30 ct DEW Round White Moissanite Stud Earrings Gold Vermeil – Holiday Gift Idea,Gold Vermeil,GH-MOI-00160,9100.00,9100.00,No (reverted)
9920816578808,48968635252984,ACTIVE,6.00 ct DEW Blue Moissanite Stud Earrings in Gold Vermeil – Festive Sparkle Deal,Gold Vermeil,GH-MOI-00159,9100.00,9100.00,No (reverted)
9920816709880,48968637251832,ACTIVE,10.00 ct DEW Champagne Moissanite Stud Earrings Gold Vermeil – Statement Jewellery,Gold Vermeil,GH-MOI-00158,9100.00,9100.00,No (reverted)
9920816972024,48968639676664,ACTIVE,7.00 ct DEW Off-White Moissanite Stud Earrings Gold Vermeil – Anniversary Gift Sale,Gold Vermeil,GH-MOI-00157,9100.00,9100.00,No (reverted)
9920817266936,48968642887928,ACTIVE,4.00 ct DEW Blue Moissanite Stud Earrings in Gold Vermeil – 4th July Gift Deal,Gold Vermeil,GH-MOI-00156,9100.00,9100.00,No (reverted)
9920817430776,48968644100344,ACTIVE,3.00 ct DEW Pink Moissanite Stud Earrings Gold Vermeil – Elegant Birthday Jewellery,Gold Vermeil,GH-MOI-00155,9100.00,9100.00,No (reverted)
9920817692920,48968646131960,ACTIVE,5.80 ct DEW Round Off-White Moissanite Stud Earrings Gold Vermeil – 4th July Offer,Gold Vermeil,GH-MOI-00154,9100.00,9100.00,No (reverted)
9920817856760,48968647737592,ACTIVE,6.50 ct DEW Blue & White Moissanite Dangle Earrings Gold Vermeil – Summer Sale Gift,Gold Vermeil,GH-MOI-00153,9100.00,9100.00,No (reverted)
9920818086136,48968650129656,ACTIVE,4.60 ct DEW Off-White Moissanite Stud Earrings Gold Vermeil Certified Shining Look,Gold Vermeil,GH-MOI-00152,9100.00,9100.00,No (reverted)
9920818381048,48968652947704,ACTIVE,5 ct DEW White Moissanite Dangler Earrings Gold Vermeil Treated Certified Stunning,Gold Vermeil,GH-MOI-00151,9100.00,9100.00,No (reverted)
9920818610424,48968655372536,ACTIVE,5.50 ct DEW Champagne Moissanite Stud Earrings Gold Vermeil Certified Brilliant,Gold Vermeil,GH-MOI-00150,9100.00,9100.00,No (reverted)
9920818741496,48968656584952,ACTIVE,10 ct DEW White Moissanite Dangler Earrings Gold Vermeil Certified Great Sparkle,Gold Vermeil,GH-MOI-00149,9100.00,9100.00,No (reverted)
9920819003640,48968659370232,ACTIVE,2 ct DEW Pink Moissanite Stud Earrings Gold Vermeil Treated Certified Romantic Gift,Gold Vermeil,GH-MOI-00148,5600.00,6799.99,Yes
9920819069176,48968660189432,ACTIVE,5 ct DEW Blue Treated Moissanite Stud Earrings Gold Vermeil Certified Unique Shine,Gold Vermeil,GH-MOI-00147,9100.00,9100.00,No (reverted)
9920819331320,48968662581496,ACTIVE,5 ct DEW Off-White Moissanite Stud Earrings Gold Vermeil Treated Certified Sparkle,Gold Vermeil,GH-MOI-00146,9100.00,9100.00,No (reverted)
9920819495160,48968664187128,ACTIVE,5 ct DEW White Moissanite Dangler Earrings Gold Vermeil Certified Beautiful,Gold Vermeil,GH-MOI-00145,9100.00,9100.00,No (reverted)
9920819691768,48968665858296,ACTIVE,8 ct DEW Treated White Moissanite Dangler Earrings Gold Vermeil Certified Jewellery,Gold Vermeil,GH-MOI-00144,9100.00,9100.00,No (reverted)
9920819855608,48968667463928,ACTIVE,4 ct DEW Off-White Moissanite Dangler Earrings Gold Vermeil Certified Elegant Gift,Gold Vermeil,GH-MOI-00143,9100.00,9100.00,No (reverted)
9920820052216,48968669462776,ACTIVE,4.30 ct DEW Off-White Treated Moissanite Stud Earrings in Gold Vermeil Certified,Gold Vermeil,GH-MOI-00142,9100.00,9100.00,No (reverted)
9920820216056,48968671461624,ACTIVE,5.50 ct DEW Round Cut Off-White Moissanite Stud Gold Vermeil Certified Great Luster,Gold Vermeil,GH-MOI-00141,9100.00,9100.00,No (reverted)
9920820379896,48968672674040,ACTIVE,8 ct DEW Off-White Treated Moissanite Stud Earring Gold Vermeil Certified Sparkling,Gold Vermeil,GH-MOI-00140,9100.00,9100.00,No (reverted)
9920820543736,48968674312440,ACTIVE,6.50 ct DEW White Moissanite Earrings Gold Vermeil Luxury Gift for Women Birthday,Gold Vermeil,GH-MOI-00139,9100.00,9100.00,No (reverted)
9920820805880,48968676344056,ACTIVE,7.50 ct DEW Blue Moissanite Dangler Earrings Gold Vermeil Statement Gift for Her,Gold Vermeil,GH-MOI-00138,9100.00,9100.00,No (reverted)
9920821002488,48968678375672,ACTIVE,7.80 ct DEW Off White Moissanite Stud Earrings Gold Vermeil Gift for Special Event,Gold Vermeil,GH-MOI-00137,9100.00,9100.00,No (reverted)
9920821199096,48968680407288,ACTIVE,4.40 ct DEW Blue Moissanite Stud Earrings Gold Vermeil Sparkling Gift for Women,Gold Vermeil,GH-MOI-00136,9100.00,9100.00,No (reverted)
9920821428472,48968682406136,ACTIVE,3.00 ct DEW Champagne Moissanite Stud Earrings Gold Vermeil Gift for Anniversary,Gold Vermeil,GH-MOI-00135,9100.00,9100.00,No (reverted)
9920821526776,48968683225336,ACTIVE,4.20 ct DEW White Moissanite Stud Earrings Gold Vermeil Bright Shine Gift for Her,Gold Vermeil,GH-MOI-00134,9100.00,9100.00,No (reverted)
9920821723384,48968685224184,ACTIVE,4.50 ct DEW Off White Moissanite Earrings Gold Vermeil Gift for Her Sparkling Look,Gold Vermeil,GH-MOI-00133,9100.00,9100.00,No (reverted)
9920821887224,48968686633208,ACTIVE,5.50 ct DEW Blue Moissanite Stud Earrings Gold Vermeil Statement Gift for Her Shine,Gold Vermeil,GH-MOI-00132,9100.00,9100.00,No (reverted)
9920822083832,48968688664824,ACTIVE,4.80 ct DEW White Moissanite Solitaire Studs Gold Vermeil Gift for Women Wedding,Gold Vermeil,GH-MOI-00131,9100.00,9100.00,No (reverted)
9920822214904,48968689877240,ACTIVE,4.00 ct DEW White Moissanite Stud Earrings Gold Vermeil Wedding Gift for Her Shine,Gold Vermeil,GH-MOI-00130,9100.00,9100.00,No (reverted)
9920822411512,48968691876088,ACTIVE,4.00 ct DEW White Moissanite Stud Earrings Gold Vermeil Gift for Women Anniversary,Gold Vermeil,GH-MOI-00129,9100.00,9100.00,No (reverted)
9920822608120,48968693907704,ACTIVE,6.20ct DEW White Moissanite Round Stud Earrings,Gold Vermeil,GH-MOI-00128,9100.00,9100.00,No (reverted)
9920822739192,48968694726904,ACTIVE,10.00ct DEW White Moissanite Round Solitaire Stud Earrings,Gold Vermeil,GH-MOI-00127,9100.00,9100.00,No (reverted)
9920823001336,48968697151736,ACTIVE,7.00ct DEW White Moissanite Round Stud Earrings,Gold Vermeil,GH-MOI-00126,9100.00,9100.00,No (reverted)
9920823165176,48968698757368,ACTIVE,10.00ct DEW White Moissanite Round Stud Earrings,Gold Vermeil,GH-MOI-00125,9100.00,9100.00,No (reverted)
9920823329016,48968700363000,ACTIVE,4.50ct DEW Blue Moissanite Round Stud Earrings,Gold Vermeil,GH-MOI-00124,9100.00,9100.00,No (reverted)
9920823492856,48968701968632,ACTIVE,7.00ct DEW Blue Moissanite Round Stud Earrings,Gold Vermeil,GH-MOI-00123,9100.00,9100.00,No (reverted)
9920823689464,48968703967480,ACTIVE,4.20ct DEW White Moissanite Round Solitaire Stud Earrings,Gold Vermeil,GH-MOI-00122,9100.00,9100.00,No (reverted)
9920823853304,48968705605880,ACTIVE,5.00ct DEW Blue Moissanite Round Stud Earrings,Gold Vermeil,GH-MOI-00121,4900.00,5899.99,Yes
9920824049912,48968707604728,ACTIVE,5.20ct DEW White Moissanite Square Cut Stud Earrings,Gold Vermeil,GH-MOI-00120,4900.00,5899.99,Yes
9920824246520,48968709210360,ACTIVE,4.20ct DEW White Moissanite Round Stud Earrings,Gold Vermeil,GH-MOI-00119,4900.00,5899.99,Yes
9920824443128,48968711209208,ACTIVE,7.5 ct DEW Blue Moissanite Asscher Solitaire Ring - 18K Gold Vermeil on 925 Sterling Silver,7,GH-MOI-00118,9100.00,9100.00,No (reverted)
9920824443128,48968711241976,ACTIVE,7.5 ct DEW Blue Moissanite Asscher Solitaire Ring - 18K Gold Vermeil on 925 Sterling Silver,5,GH-MOI-00118-5,9100.00,9100.00,No (reverted)
9920824443128,48968711274744,ACTIVE,7.5 ct DEW Blue Moissanite Asscher Solitaire Ring - 18K Gold Vermeil on 925 Sterling Silver,6,GH-MOI-00118-6,9100.00,9100.00,No (reverted)
9920824443128,48968711307512,ACTIVE,7.5 ct DEW Blue Moissanite Asscher Solitaire Ring - 18K Gold Vermeil on 925 Sterling Silver,8,GH-MOI-00118-8,9100.00,9100.00,No (reverted)
9920824443128,48968711340280,ACTIVE,7.5 ct DEW Blue Moissanite Asscher Solitaire Ring - 18K Gold Vermeil on 925 Sterling Silver,9,GH-MOI-00118-9,9100.00,9100.00,No (reverted)
9920824443128,48968711373048,ACTIVE,7.5 ct DEW Blue Moissanite Asscher Solitaire Ring - 18K Gold Vermeil on 925 Sterling Silver,10,GH-MOI-00118-10,9100.00,9100.00,No (reverted)
9920824606968,48968712978680,ACTIVE,3.65 ct DEW Blue Moissanite Round Solitaire Ring - 18K Gold Vermeil on 925 Sterling Silver,7,GH-MOI-00117,9100.00,9100.00,No (reverted)
9920824606968,48968713011448,ACTIVE,3.65 ct DEW Blue Moissanite Round Solitaire Ring - 18K Gold Vermeil on 925 Sterling Silver,5,GH-MOI-00117-5,9100.00,9100.00,No (reverted)
9920824606968,48968713044216,ACTIVE,3.65 ct DEW Blue Moissanite Round Solitaire Ring - 18K Gold Vermeil on 925 Sterling Silver,6,GH-MOI-00117-6,9100.00,9100.00,No (reverted)
9920824606968,48968713076984,ACTIVE,3.65 ct DEW Blue Moissanite Round Solitaire Ring - 18K Gold Vermeil on 925 Sterling Silver,8,GH-MOI-00117-8,9100.00,9100.00,No (reverted)
9920824606968,48968713109752,ACTIVE,3.65 ct DEW Blue Moissanite Round Solitaire Ring - 18K Gold Vermeil on 925 Sterling Silver,9,GH-MOI-00117-9,9100.00,9100.00,No (reverted)
9920824606968,48968713142520,ACTIVE,3.65 ct DEW Blue Moissanite Round Solitaire Ring - 18K Gold Vermeil on 925 Sterling Silver,10,GH-MOI-00117-10,9100.00,9100.00,No (reverted)
9920824770808,48968715141368,ACTIVE,8.3ct DEW Blue Moissanite Cushion Solitaire Ring,7,GH-MOI-00116,9100.00,9100.00,No (reverted)
9920824770808,48968715174136,ACTIVE,8.3ct DEW Blue Moissanite Cushion Solitaire Ring,5,GH-MOI-00116-5,9100.00,9100.00,No (reverted)
9920824770808,48968715206904,ACTIVE,8.3ct DEW Blue Moissanite Cushion Solitaire Ring,6,GH-MOI-00116-6,9100.00,9100.00,No (reverted)
9920824770808,48968715239672,ACTIVE,8.3ct DEW Blue Moissanite Cushion Solitaire Ring,8,GH-MOI-00116-8,9100.00,9100.00,No (reverted)
9920824770808,48968715272440,ACTIVE,8.3ct DEW Blue Moissanite Cushion Solitaire Ring,9,GH-MOI-00116-9,9100.00,9100.00,No (reverted)
9920824770808,48968715305208,ACTIVE,8.3ct DEW Blue Moissanite Cushion Solitaire Ring,10,GH-MOI-00116-10,9100.00,9100.00,No (reverted)
9920824967416,48968717304056,ACTIVE,4.7ct DEW White Moissanite Asscher Solitaire Ring,7,GH-MOI-00115,9100.00,9100.00,No (reverted)
9920824967416,48968717336824,ACTIVE,4.7ct DEW White Moissanite Asscher Solitaire Ring,5,GH-MOI-00115-5,9100.00,9100.00,No (reverted)
9920824967416,48968717369592,ACTIVE,4.7ct DEW White Moissanite Asscher Solitaire Ring,6,GH-MOI-00115-6,9100.00,9100.00,No (reverted)
9920824967416,48968717402360,ACTIVE,4.7ct DEW White Moissanite Asscher Solitaire Ring,8,GH-MOI-00115-8,9100.00,9100.00,No (reverted)
9920824967416,48968717435128,ACTIVE,4.7ct DEW White Moissanite Asscher Solitaire Ring,9,GH-MOI-00115-9,9100.00,9100.00,No (reverted)
9920824967416,48968717467896,ACTIVE,4.7ct DEW White Moissanite Asscher Solitaire Ring,10,GH-MOI-00115-10,9100.00,9100.00,No (reverted)
9920825196792,48968719073528,ACTIVE,3.7ct DEW Grey Moissanite Asscher Solitaire Ring,7,GH-MOI-00114,9100.00,9100.00,No (reverted)
9920825196792,48968719106296,ACTIVE,3.7ct DEW Grey Moissanite Asscher Solitaire Ring,5,GH-MOI-00114-5,9100.00,9100.00,No (reverted)
9920825196792,48968719139064,ACTIVE,3.7ct DEW Grey Moissanite Asscher Solitaire Ring,6,GH-MOI-00114-6,9100.00,9100.00,No (reverted)
9920825196792,48968719171832,ACTIVE,3.7ct DEW Grey Moissanite Asscher Solitaire Ring,8,GH-MOI-00114-8,9100.00,9100.00,No (reverted)
9920825196792,48968719204600,ACTIVE,3.7ct DEW Grey Moissanite Asscher Solitaire Ring,9,GH-MOI-00114-9,9100.00,9100.00,No (reverted)
9920825196792,48968719237368,ACTIVE,3.7ct DEW Grey Moissanite Asscher Solitaire Ring,10,GH-MOI-00114-10,9100.00,9100.00,No (reverted)
9920825458936,48968722448632,ACTIVE,17.2ct DEW Blue Moissanite Round Solitaire Ring,7,GH-MOI-00113,14000.00,14000.00,No (reverted)
9920825458936,48968722481400,ACTIVE,17.2ct DEW Blue Moissanite Round Solitaire Ring,5,GH-MOI-00113-5,14000.00,14000.00,No (reverted)
9920825458936,48968722514168,ACTIVE,17.2ct DEW Blue Moissanite Round Solitaire Ring,6,GH-MOI-00113-6,14000.00,14000.00,No (reverted)
9920825458936,48968722546936,ACTIVE,17.2ct DEW Blue Moissanite Round Solitaire Ring,8,GH-MOI-00113-8,14000.00,14000.00,No (reverted)
9920825458936,48968722579704,ACTIVE,17.2ct DEW Blue Moissanite Round Solitaire Ring,9,GH-MOI-00113-9,14000.00,14000.00,No (reverted)
9920825458936,48968722612472,ACTIVE,17.2ct DEW Blue Moissanite Round Solitaire Ring,10,GH-MOI-00113-10,14000.00,14000.00,No (reverted)
9920825753848,48968725823736,ACTIVE,4.7ct DEW Blue Moissanite Pear Solitaire Ring,7,GH-MOI-00112,9100.00,9100.00,No (reverted)
9920825753848,48968725856504,ACTIVE,4.7ct DEW Blue Moissanite Pear Solitaire Ring,5,GH-MOI-00112-5,9100.00,9100.00,No (reverted)
9920825753848,48968725889272,ACTIVE,4.7ct DEW Blue Moissanite Pear Solitaire Ring,6,GH-MOI-00112-6,9100.00,9100.00,No (reverted)
9920825753848,48968725922040,ACTIVE,4.7ct DEW Blue Moissanite Pear Solitaire Ring,8,GH-MOI-00112-8,9100.00,9100.00,No (reverted)
9920825753848,48968725954808,ACTIVE,4.7ct DEW Blue Moissanite Pear Solitaire Ring,9,GH-MOI-00112-9,9100.00,9100.00,No (reverted)
9920825753848,48968725987576,ACTIVE,4.7ct DEW Blue Moissanite Pear Solitaire Ring,10,GH-MOI-00112-10,9100.00,9100.00,No (reverted)
9920826114296,48968729166072,ACTIVE,5.5ct DEW Blue Moissanite Round Solitaire Ring,7,GH-MOI-00111,9100.00,9100.00,No (reverted)
9920826114296,48968729198840,ACTIVE,5.5ct DEW Blue Moissanite Round Solitaire Ring,5,GH-MOI-00111-5,9100.00,9100.00,No (reverted)
9920826114296,48968729231608,ACTIVE,5.5ct DEW Blue Moissanite Round Solitaire Ring,6,GH-MOI-00111-6,9100.00,9100.00,No (reverted)
9920826114296,48968729264376,ACTIVE,5.5ct DEW Blue Moissanite Round Solitaire Ring,8,GH-MOI-00111-8,9100.00,9100.00,No (reverted)
9920826114296,48968729297144,ACTIVE,5.5ct DEW Blue Moissanite Round Solitaire Ring,9,GH-MOI-00111-9,9100.00,9100.00,No (reverted)
9920826114296,48968729329912,ACTIVE,5.5ct DEW Blue Moissanite Round Solitaire Ring,10,GH-MOI-00111-10,9100.00,9100.00,No (reverted)
9920826409208,48968732508408,ACTIVE,10.4ct DEW Blue Moissanite Emerald Solitaire Ring,7,GH-MOI-00110,9100.00,9100.00,No (reverted)
9920826409208,48968732541176,ACTIVE,10.4ct DEW Blue Moissanite Emerald Solitaire Ring,5,GH-MOI-00110-5,9100.00,9100.00,No (reverted)
9920826409208,48968732573944,ACTIVE,10.4ct DEW Blue Moissanite Emerald Solitaire Ring,6,GH-MOI-00110-6,9100.00,9100.00,No (reverted)
9920826409208,48968732606712,ACTIVE,10.4ct DEW Blue Moissanite Emerald Solitaire Ring,8,GH-MOI-00110-8,9100.00,9100.00,No (reverted)
9920826409208,48968732639480,ACTIVE,10.4ct DEW Blue Moissanite Emerald Solitaire Ring,9,GH-MOI-00110-9,9100.00,9100.00,No (reverted)
9920826409208,48968732672248,ACTIVE,10.4ct DEW Blue Moissanite Emerald Solitaire Ring,10,GH-MOI-00110-10,9100.00,9100.00,No (reverted)
9920826704120,48968735850744,ACTIVE,4.9ct DEW White Moissanite Asscher Solitaire Ring,7,GH-MOI-00109,9100.00,9100.00,No (reverted)
9920826704120,48968735883512,ACTIVE,4.9ct DEW White Moissanite Asscher Solitaire Ring,5,GH-MOI-00109-5,9100.00,9100.00,No (reverted)
9920826704120,48968735916280,ACTIVE,4.9ct DEW White Moissanite Asscher Solitaire Ring,6,GH-MOI-00109-6,9100.00,9100.00,No (reverted)
9920826704120,48968735949048,ACTIVE,4.9ct DEW White Moissanite Asscher Solitaire Ring,8,GH-MOI-00109-8,9100.00,9100.00,No (reverted)
9920826704120,48968735981816,ACTIVE,4.9ct DEW White Moissanite Asscher Solitaire Ring,9,GH-MOI-00109-9,9100.00,9100.00,No (reverted)
9920826704120,48968736014584,ACTIVE,4.9ct DEW White Moissanite Asscher Solitaire Ring,10,GH-MOI-00109-10,9100.00,9100.00,No (reverted)
9920826999032,48968739979512,ACTIVE,9.5ct DEW Blue Moissanite Emerald Solitaire Ring,7,GH-MOI-00108,9100.00,9100.00,No (reverted)
9920826999032,48968740012280,ACTIVE,9.5ct DEW Blue Moissanite Emerald Solitaire Ring,5,GH-MOI-00108-5,9100.00,9100.00,No (reverted)
9920826999032,48968740045048,ACTIVE,9.5ct DEW Blue Moissanite Emerald Solitaire Ring,6,GH-MOI-00108-6,9100.00,9100.00,No (reverted)
9920826999032,48968740077816,ACTIVE,9.5ct DEW Blue Moissanite Emerald Solitaire Ring,8,GH-MOI-00108-8,9100.00,9100.00,No (reverted)
9920826999032,48968740110584,ACTIVE,9.5ct DEW Blue Moissanite Emerald Solitaire Ring,9,GH-MOI-00108-9,9100.00,9100.00,No (reverted)
9920826999032,48968740143352,ACTIVE,9.5ct DEW Blue Moissanite Emerald Solitaire Ring,10,GH-MOI-00108-10,9100.00,9100.00,No (reverted)
9920827425016,48968745287928,ACTIVE,8.3ct DEW White Moissanite Round Solitaire Ring,7,GH-MOI-00107,9100.00,9100.00,No (reverted)
9920827425016,48968745320696,ACTIVE,8.3ct DEW White Moissanite Round Solitaire Ring,5,GH-MOI-00107-5,9100.00,9100.00,No (reverted)
9920827425016,48968745353464,ACTIVE,8.3ct DEW White Moissanite Round Solitaire Ring,6,GH-MOI-00107-6,9100.00,9100.00,No (reverted)
9920827425016,48968745386232,ACTIVE,8.3ct DEW White Moissanite Round Solitaire Ring,8,GH-MOI-00107-8,9100.00,9100.00,No (reverted)
9920827425016,48968745419000,ACTIVE,8.3ct DEW White Moissanite Round Solitaire Ring,9,GH-MOI-00107-9,9100.00,9100.00,No (reverted)
9920827425016,48968745451768,ACTIVE,8.3ct DEW White Moissanite Round Solitaire Ring,10,GH-MOI-00107-10,9100.00,9100.00,No (reverted)
9920827818232,48968749089016,ACTIVE,6.2ct DEW White Moissanite Radiant Solitaire Ring,7,GH-MOI-00106,9100.00,9100.00,No (reverted)
9920827818232,48968749121784,ACTIVE,6.2ct DEW White Moissanite Radiant Solitaire Ring,5,GH-MOI-00106-5,9100.00,9100.00,No (reverted)
9920827818232,48968749154552,ACTIVE,6.2ct DEW White Moissanite Radiant Solitaire Ring,6,GH-MOI-00106-6,9100.00,9100.00,No (reverted)
9920827818232,48968749187320,ACTIVE,6.2ct DEW White Moissanite Radiant Solitaire Ring,8,GH-MOI-00106-8,9100.00,9100.00,No (reverted)
9920827818232,48968749220088,ACTIVE,6.2ct DEW White Moissanite Radiant Solitaire Ring,9,GH-MOI-00106-9,9100.00,9100.00,No (reverted)
9920827818232,48968749252856,ACTIVE,6.2ct DEW White Moissanite Radiant Solitaire Ring,10,GH-MOI-00106-10,9100.00,9100.00,No (reverted)
9920828244216,48968754004216,ACTIVE,17.0ct DEW White Moissanite Asscher Solitaire Ring,7,GH-MOI-00105,14000.00,14000.00,No (reverted)
9920828244216,48968754036984,ACTIVE,17.0ct DEW White Moissanite Asscher Solitaire Ring,5,GH-MOI-00105-5,14000.00,14000.00,No (reverted)
9920828244216,48968754069752,ACTIVE,17.0ct DEW White Moissanite Asscher Solitaire Ring,6,GH-MOI-00105-6,14000.00,14000.00,No (reverted)
9920828244216,48968754102520,ACTIVE,17.0ct DEW White Moissanite Asscher Solitaire Ring,8,GH-MOI-00105-8,14000.00,14000.00,No (reverted)
9920828244216,48968754135288,ACTIVE,17.0ct DEW White Moissanite Asscher Solitaire Ring,9,GH-MOI-00105-9,14000.00,14000.00,No (reverted)
9920828244216,48968754168056,ACTIVE,17.0ct DEW White Moissanite Asscher Solitaire Ring,10,GH-MOI-00105-10,14000.00,14000.00,No (reverted)
9920828670200,48968758919416,ACTIVE,8.35ct DEW White Moissanite Pear Solitaire Ring,7,GH-MOI-00104,9100.00,9100.00,No (reverted)
9920828670200,48968758952184,ACTIVE,8.35ct DEW White Moissanite Pear Solitaire Ring,5,GH-MOI-00104-5,9100.00,9100.00,No (reverted)
9920828670200,48968758984952,ACTIVE,8.35ct DEW White Moissanite Pear Solitaire Ring,6,GH-MOI-00104-6,9100.00,9100.00,No (reverted)
9920828670200,48968759017720,ACTIVE,8.35ct DEW White Moissanite Pear Solitaire Ring,8,GH-MOI-00104-8,9100.00,9100.00,No (reverted)
9920828670200,48968759050488,ACTIVE,8.35ct DEW White Moissanite Pear Solitaire Ring,9,GH-MOI-00104-9,9100.00,9100.00,No (reverted)
9920828670200,48968759083256,ACTIVE,8.35ct DEW White Moissanite Pear Solitaire Ring,10,GH-MOI-00104-10,9100.00,9100.00,No (reverted)
9920829161720,48968765047032,ACTIVE,5.4ct DEW White Moissanite Asscher Solitaire Ring,7,GH-MOI-00103,9100.00,9100.00,No (reverted)
9920829161720,48968765079800,ACTIVE,5.4ct DEW White Moissanite Asscher Solitaire Ring,5,GH-MOI-00103-5,9100.00,9100.00,No (reverted)
9920829161720,48968765112568,ACTIVE,5.4ct DEW White Moissanite Asscher Solitaire Ring,6,GH-MOI-00103-6,9100.00,9100.00,No (reverted)
9920829161720,48968765145336,ACTIVE,5.4ct DEW White Moissanite Asscher Solitaire Ring,8,GH-MOI-00103-8,9100.00,9100.00,No (reverted)
9920829161720,48968765178104,ACTIVE,5.4ct DEW White Moissanite Asscher Solitaire Ring,9,GH-MOI-00103-9,9100.00,9100.00,No (reverted)
9920829161720,48968765210872,ACTIVE,5.4ct DEW White Moissanite Asscher Solitaire Ring,10,GH-MOI-00103-10,9100.00,9100.00,No (reverted)
9920829653240,48968770060536,ACTIVE,4.25ct DEW White Moissanite Princess Solitaire Ring,7,GH-MOI-00102,9100.00,9100.00,No (reverted)
9920829653240,48968770093304,ACTIVE,4.25ct DEW White Moissanite Princess Solitaire Ring,5,GH-MOI-00102-5,9100.00,9100.00,No (reverted)
9920829653240,48968770126072,ACTIVE,4.25ct DEW White Moissanite Princess Solitaire Ring,6,GH-MOI-00102-6,9100.00,9100.00,No (reverted)
9920829653240,48968770158840,ACTIVE,4.25ct DEW White Moissanite Princess Solitaire Ring,8,GH-MOI-00102-8,9100.00,9100.00,No (reverted)
9920829653240,48968770191608,ACTIVE,4.25ct DEW White Moissanite Princess Solitaire Ring,9,GH-MOI-00102-9,9100.00,9100.00,No (reverted)
9920829653240,48968770224376,ACTIVE,4.25ct DEW White Moissanite Princess Solitaire Ring,10,GH-MOI-00102-10,9100.00,9100.00,No (reverted)
9920829948152,48968772223224,ACTIVE,8.7ct DEW White Moissanite Emerald Solitaire Ring,7,GH-MOI-00101,9100.00,9100.00,No (reverted)
9920829948152,48968772255992,ACTIVE,8.7ct DEW White Moissanite Emerald Solitaire Ring,5,GH-MOI-00101-5,9100.00,9100.00,No (reverted)
9920829948152,48968772288760,ACTIVE,8.7ct DEW White Moissanite Emerald Solitaire Ring,6,GH-MOI-00101-6,9100.00,9100.00,No (reverted)
9920829948152,48968772321528,ACTIVE,8.7ct DEW White Moissanite Emerald Solitaire Ring,8,GH-MOI-00101-8,9100.00,9100.00,No (reverted)
9920829948152,48968772354296,ACTIVE,8.7ct DEW White Moissanite Emerald Solitaire Ring,9,GH-MOI-00101-9,9100.00,9100.00,No (reverted)
9920829948152,48968772387064,ACTIVE,8.7ct DEW White Moissanite Emerald Solitaire Ring,10,GH-MOI-00101-10,9100.00,9100.00,No (reverted)
9920830177528,48968775172344,ACTIVE,27.5ct DEW White Moissanite Emerald Solitaire Ring,7,GH-MOI-00100,14000.00,14000.00,No (reverted)
9920830177528,48968775205112,ACTIVE,27.5ct DEW White Moissanite Emerald Solitaire Ring,5,GH-MOI-00100-5,14000.00,14000.00,No (reverted)
9920830177528,48968775237880,ACTIVE,27.5ct DEW White Moissanite Emerald Solitaire Ring,6,GH-MOI-00100-6,14000.00,14000.00,No (reverted)
9920830177528,48968775270648,ACTIVE,27.5ct DEW White Moissanite Emerald Solitaire Ring,8,GH-MOI-00100-8,14000.00,14000.00,No (reverted)
9920830177528,48968775303416,ACTIVE,27.5ct DEW White Moissanite Emerald Solitaire Ring,9,GH-MOI-00100-9,14000.00,14000.00,No (reverted)
9920830177528,48968775336184,ACTIVE,27.5ct DEW White Moissanite Emerald Solitaire Ring,10,GH-MOI-00100-10,14000.00,14000.00,No (reverted)
9920830439672,48968778154232,ACTIVE,4.2ct DEW White Moissanite Asscher Solitaire Ring,7,GH-MOI-00099,9100.00,9100.00,No (reverted)
9920830439672,48968778187000,ACTIVE,4.2ct DEW White Moissanite Asscher Solitaire Ring,5,GH-MOI-00099-5,9100.00,9100.00,No (reverted)
9920830439672,48968778219768,ACTIVE,4.2ct DEW White Moissanite Asscher Solitaire Ring,6,GH-MOI-00099-6,9100.00,9100.00,No (reverted)
9920830439672,48968778252536,ACTIVE,4.2ct DEW White Moissanite Asscher Solitaire Ring,8,GH-MOI-00099-8,9100.00,9100.00,No (reverted)
9920830439672,48968778285304,ACTIVE,4.2ct DEW White Moissanite Asscher Solitaire Ring,9,GH-MOI-00099-9,9100.00,9100.00,No (reverted)
9920830439672,48968778318072,ACTIVE,4.2ct DEW White Moissanite Asscher Solitaire Ring,10,GH-MOI-00099-10,9100.00,9100.00,No (reverted)
9920830767352,48968781529336,ACTIVE,4.5ct DEW White Moissanite Emerald Solitaire Ring,7,GH-MOI-00098,9100.00,9100.00,No (reverted)
9920830767352,48968781562104,ACTIVE,4.5ct DEW White Moissanite Emerald Solitaire Ring,5,GH-MOI-00098-5,9100.00,9100.00,No (reverted)
9920830767352,48968781594872,ACTIVE,4.5ct DEW White Moissanite Emerald Solitaire Ring,6,GH-MOI-00098-6,9100.00,9100.00,No (reverted)
9920830767352,48968781627640,ACTIVE,4.5ct DEW White Moissanite Emerald Solitaire Ring,8,GH-MOI-00098-8,9100.00,9100.00,No (reverted)
9920830767352,48968781660408,ACTIVE,4.5ct DEW White Moissanite Emerald Solitaire Ring,9,GH-MOI-00098-9,9100.00,9100.00,No (reverted)
9920830767352,48968781693176,ACTIVE,4.5ct DEW White Moissanite Emerald Solitaire Ring,10,GH-MOI-00098-10,9100.00,9100.00,No (reverted)
9920831029496,48968784478456,ACTIVE,4.8ct DEW White Moissanite Asscher Solitaire Ring,7,GH-MOI-00097,9100.00,9100.00,No (reverted)
9920831029496,48968784511224,ACTIVE,4.8ct DEW White Moissanite Asscher Solitaire Ring,5,GH-MOI-00097-5,9100.00,9100.00,No (reverted)
9920831029496,48968784543992,ACTIVE,4.8ct DEW White Moissanite Asscher Solitaire Ring,6,GH-MOI-00097-6,9100.00,9100.00,No (reverted)
9920831029496,48968784576760,ACTIVE,4.8ct DEW White Moissanite Asscher Solitaire Ring,8,GH-MOI-00097-8,9100.00,9100.00,No (reverted)
9920831029496,48968784609528,ACTIVE,4.8ct DEW White Moissanite Asscher Solitaire Ring,9,GH-MOI-00097-9,9100.00,9100.00,No (reverted)
9920831029496,48968784642296,ACTIVE,4.8ct DEW White Moissanite Asscher Solitaire Ring,10,GH-MOI-00097-10,9100.00,9100.00,No (reverted)
9920831357176,48968787460344,ACTIVE,8.7ct DEW Blue Moissanite Asscher Solitaire Ring,7,GH-MOI-00096,9100.00,9100.00,No (reverted)
9920831357176,48968787493112,ACTIVE,8.7ct DEW Blue Moissanite Asscher Solitaire Ring,5,GH-MOI-00096-5,9100.00,9100.00,No (reverted)
9920831357176,48968787525880,ACTIVE,8.7ct DEW Blue Moissanite Asscher Solitaire Ring,6,GH-MOI-00096-6,9100.00,9100.00,No (reverted)
9920831357176,48968787558648,ACTIVE,8.7ct DEW Blue Moissanite Asscher Solitaire Ring,8,GH-MOI-00096-8,9100.00,9100.00,No (reverted)
9920831357176,48968787591416,ACTIVE,8.7ct DEW Blue Moissanite Asscher Solitaire Ring,9,GH-MOI-00096-9,9100.00,9100.00,No (reverted)
9920831357176,48968787624184,ACTIVE,8.7ct DEW Blue Moissanite Asscher Solitaire Ring,10,GH-MOI-00096-10,9100.00,9100.00,No (reverted)
9920831586552,48968790409464,ACTIVE,4.55ct DEW White Moissanite Round Solitaire Ring,7,GH-MOI-00095,9100.00,9100.00,No (reverted)
9920831586552,48968790442232,ACTIVE,4.55ct DEW White Moissanite Round Solitaire Ring,5,GH-MOI-00095-5,9100.00,9100.00,No (reverted)
9920831586552,48968790475000,ACTIVE,4.55ct DEW White Moissanite Round Solitaire Ring,6,GH-MOI-00095-6,9100.00,9100.00,No (reverted)
9920831586552,48968790507768,ACTIVE,4.55ct DEW White Moissanite Round Solitaire Ring,8,GH-MOI-00095-8,9100.00,9100.00,No (reverted)
9920831586552,48968790540536,ACTIVE,4.55ct DEW White Moissanite Round Solitaire Ring,9,GH-MOI-00095-9,9100.00,9100.00,No (reverted)
9920831586552,48968790573304,ACTIVE,4.55ct DEW White Moissanite Round Solitaire Ring,10,GH-MOI-00095-10,9100.00,9100.00,No (reverted)
9920831848696,48968793358584,ACTIVE,7.85ct DEW White Moissanite Asscher Solitaire Ring,7,GH-MOI-00094,9100.00,9100.00,No (reverted)
9920831848696,48968793391352,ACTIVE,7.85ct DEW White Moissanite Asscher Solitaire Ring,5,GH-MOI-00094-5,9100.00,9100.00,No (reverted)
9920831848696,48968793424120,ACTIVE,7.85ct DEW White Moissanite Asscher Solitaire Ring,6,GH-MOI-00094-6,9100.00,9100.00,No (reverted)
9920831848696,48968793456888,ACTIVE,7.85ct DEW White Moissanite Asscher Solitaire Ring,8,GH-MOI-00094-8,9100.00,9100.00,No (reverted)
9920831848696,48968793489656,ACTIVE,7.85ct DEW White Moissanite Asscher Solitaire Ring,9,GH-MOI-00094-9,9100.00,9100.00,No (reverted)
9920831848696,48968793522424,ACTIVE,7.85ct DEW White Moissanite Asscher Solitaire Ring,10,GH-MOI-00094-10,9100.00,9100.00,No (reverted)
9920832143608,48968797061368,ACTIVE,4.55ct DEW White Moissanite Cushion Solitaire Ring,7,GH-MOI-00093,9100.00,9100.00,No (reverted)
9920832143608,48968797094136,ACTIVE,4.55ct DEW White Moissanite Cushion Solitaire Ring,5,GH-MOI-00093-5,9100.00,9100.00,No (reverted)
9920832143608,48968797126904,ACTIVE,4.55ct DEW White Moissanite Cushion Solitaire Ring,6,GH-MOI-00093-6,9100.00,9100.00,No (reverted)
9920832143608,48968797159672,ACTIVE,4.55ct DEW White Moissanite Cushion Solitaire Ring,8,GH-MOI-00093-8,9100.00,9100.00,No (reverted)
9920832143608,48968797192440,ACTIVE,4.55ct DEW White Moissanite Cushion Solitaire Ring,9,GH-MOI-00093-9,9100.00,9100.00,No (reverted)
9920832143608,48968797225208,ACTIVE,4.55ct DEW White Moissanite Cushion Solitaire Ring,10,GH-MOI-00093-10,9100.00,9100.00,No (reverted)
9920832405752,48968800043256,ACTIVE,9.45ct DEW White Moissanite Radiant Solitaire Ring,7,GH-MOI-00092,9100.00,9100.00,No (reverted)
9920832405752,48968800076024,ACTIVE,9.45ct DEW White Moissanite Radiant Solitaire Ring,5,GH-MOI-00092-5,9100.00,9100.00,No (reverted)
9920832405752,48968800108792,ACTIVE,9.45ct DEW White Moissanite Radiant Solitaire Ring,6,GH-MOI-00092-6,9100.00,9100.00,No (reverted)
9920832405752,48968800141560,ACTIVE,9.45ct DEW White Moissanite Radiant Solitaire Ring,8,GH-MOI-00092-8,9100.00,9100.00,No (reverted)
9920832405752,48968800174328,ACTIVE,9.45ct DEW White Moissanite Radiant Solitaire Ring,9,GH-MOI-00092-9,9100.00,9100.00,No (reverted)
9920832405752,48968800207096,ACTIVE,9.45ct DEW White Moissanite Radiant Solitaire Ring,10,GH-MOI-00092-10,9100.00,9100.00,No (reverted)
9920832700664,48968802992376,ACTIVE,5.3ct DEW White Moissanite Round Solitaire Ring,7,GH-MOI-00091,9100.00,9100.00,No (reverted)
9920832700664,48968803025144,ACTIVE,5.3ct DEW White Moissanite Round Solitaire Ring,5,GH-MOI-00091-5,9100.00,9100.00,No (reverted)
9920832700664,48968803057912,ACTIVE,5.3ct DEW White Moissanite Round Solitaire Ring,6,GH-MOI-00091-6,9100.00,9100.00,No (reverted)
9920832700664,48968803090680,ACTIVE,5.3ct DEW White Moissanite Round Solitaire Ring,8,GH-MOI-00091-8,9100.00,9100.00,No (reverted)
9920832700664,48968803123448,ACTIVE,5.3ct DEW White Moissanite Round Solitaire Ring,9,GH-MOI-00091-9,9100.00,9100.00,No (reverted)
9920832700664,48968803156216,ACTIVE,5.3ct DEW White Moissanite Round Solitaire Ring,10,GH-MOI-00091-10,9100.00,9100.00,No (reverted)
9920833028344,48968805613816,ACTIVE,16.5ct DEW White Moissanite Emerald Solitaire Ring,7,GH-MOI-00090,14000.00,14000.00,No (reverted)
9920833028344,48968805646584,ACTIVE,16.5ct DEW White Moissanite Emerald Solitaire Ring,5,GH-MOI-00090-5,14000.00,14000.00,No (reverted)
9920833028344,48968805679352,ACTIVE,16.5ct DEW White Moissanite Emerald Solitaire Ring,6,GH-MOI-00090-6,14000.00,14000.00,No (reverted)
9920833028344,48968805712120,ACTIVE,16.5ct DEW White Moissanite Emerald Solitaire Ring,8,GH-MOI-00090-8,14000.00,14000.00,No (reverted)
9920833028344,48968805744888,ACTIVE,16.5ct DEW White Moissanite Emerald Solitaire Ring,9,GH-MOI-00090-9,14000.00,14000.00,No (reverted)
9920833028344,48968805777656,ACTIVE,16.5ct DEW White Moissanite Emerald Solitaire Ring,10,GH-MOI-00090-10,14000.00,14000.00,No (reverted)
9920833257720,48968807776504,ACTIVE,6.7ct DEW Champagne Moissanite Round Solitaire Ring,7,GH-MOI-00089,9100.00,9100.00,No (reverted)
9920833257720,48968807809272,ACTIVE,6.7ct DEW Champagne Moissanite Round Solitaire Ring,5,GH-MOI-00089-5,9100.00,9100.00,No (reverted)
9920833257720,48968807842040,ACTIVE,6.7ct DEW Champagne Moissanite Round Solitaire Ring,6,GH-MOI-00089-6,9100.00,9100.00,No (reverted)
9920833257720,48968807874808,ACTIVE,6.7ct DEW Champagne Moissanite Round Solitaire Ring,8,GH-MOI-00089-8,9100.00,9100.00,No (reverted)
9920833257720,48968807907576,ACTIVE,6.7ct DEW Champagne Moissanite Round Solitaire Ring,9,GH-MOI-00089-9,9100.00,9100.00,No (reverted)
9920833257720,48968807940344,ACTIVE,6.7ct DEW Champagne Moissanite Round Solitaire Ring,10,GH-MOI-00089-10,9100.00,9100.00,No (reverted)
9920833454328,48968810332408,ACTIVE,5.2ct DEW White Moissanite Round Solitaire Ring,7,GH-MOI-00088,9100.00,9100.00,No (reverted)
9920833454328,48968810365176,ACTIVE,5.2ct DEW White Moissanite Round Solitaire Ring,5,GH-MOI-00088-5,9100.00,9100.00,No (reverted)
9920833454328,48968810397944,ACTIVE,5.2ct DEW White Moissanite Round Solitaire Ring,6,GH-MOI-00088-6,9100.00,9100.00,No (reverted)
9920833454328,48968810430712,ACTIVE,5.2ct DEW White Moissanite Round Solitaire Ring,8,GH-MOI-00088-8,9100.00,9100.00,No (reverted)
9920833454328,48968810463480,ACTIVE,5.2ct DEW White Moissanite Round Solitaire Ring,9,GH-MOI-00088-9,9100.00,9100.00,No (reverted)
9920833454328,48968810496248,ACTIVE,5.2ct DEW White Moissanite Round Solitaire Ring,10,GH-MOI-00088-10,9100.00,9100.00,No (reverted)
9920833683704,48968813281528,ACTIVE,5.7ct DEW White Moissanite Asscher Solitaire Ring,7,GH-MOI-00087,9100.00,9100.00,No (reverted)
9920833683704,48968813314296,ACTIVE,5.7ct DEW White Moissanite Asscher Solitaire Ring,5,GH-MOI-00087-5,9100.00,9100.00,No (reverted)
9920833683704,48968813347064,ACTIVE,5.7ct DEW White Moissanite Asscher Solitaire Ring,6,GH-MOI-00087-6,9100.00,9100.00,No (reverted)
9920833683704,48968813379832,ACTIVE,5.7ct DEW White Moissanite Asscher Solitaire Ring,8,GH-MOI-00087-8,9100.00,9100.00,No (reverted)
9920833683704,48968813412600,ACTIVE,5.7ct DEW White Moissanite Asscher Solitaire Ring,9,GH-MOI-00087-9,9100.00,9100.00,No (reverted)
9920833683704,48968813445368,ACTIVE,5.7ct DEW White Moissanite Asscher Solitaire Ring,10,GH-MOI-00087-10,9100.00,9100.00,No (reverted)
9920833945848,48968816656632,ACTIVE,5.7ct DEW White Moissanite Emerald Solitaire Ring,7,GH-MOI-00086,9100.00,9100.00,No (reverted)
9920833945848,48968816689400,ACTIVE,5.7ct DEW White Moissanite Emerald Solitaire Ring,5,GH-MOI-00086-5,9100.00,9100.00,No (reverted)
9920833945848,48968816722168,ACTIVE,5.7ct DEW White Moissanite Emerald Solitaire Ring,6,GH-MOI-00086-6,9100.00,9100.00,No (reverted)
9920833945848,48968816754936,ACTIVE,5.7ct DEW White Moissanite Emerald Solitaire Ring,8,GH-MOI-00086-8,9100.00,9100.00,No (reverted)
9920833945848,48968816787704,ACTIVE,5.7ct DEW White Moissanite Emerald Solitaire Ring,9,GH-MOI-00086-9,9100.00,9100.00,No (reverted)
9920833945848,48968816820472,ACTIVE,5.7ct DEW White Moissanite Emerald Solitaire Ring,10,GH-MOI-00086-10,9100.00,9100.00,No (reverted)
9920834273528,48968819671288,ACTIVE,27.0ct DEW White Moissanite Round Solitaire Ring,7,GH-MOI-00085,14000.00,14000.00,No (reverted)
9920834273528,48968819704056,ACTIVE,27.0ct DEW White Moissanite Round Solitaire Ring,5,GH-MOI-00085-5,14000.00,14000.00,No (reverted)
9920834273528,48968819736824,ACTIVE,27.0ct DEW White Moissanite Round Solitaire Ring,6,GH-MOI-00085-6,14000.00,14000.00,No (reverted)
9920834273528,48968819769592,ACTIVE,27.0ct DEW White Moissanite Round Solitaire Ring,8,GH-MOI-00085-8,14000.00,14000.00,No (reverted)
9920834273528,48968819802360,ACTIVE,27.0ct DEW White Moissanite Round Solitaire Ring,9,GH-MOI-00085-9,14000.00,14000.00,No (reverted)
9920834273528,48968819835128,ACTIVE,27.0ct DEW White Moissanite Round Solitaire Ring,10,GH-MOI-00085-10,14000.00,14000.00,No (reverted)
9920834535672,48968821440760,ACTIVE,6.2ct DEW White Moissanite Round Solitaire Ring,7,GH-MOI-00084,9100.00,9100.00,No (reverted)
9920834535672,48968821473528,ACTIVE,6.2ct DEW White Moissanite Round Solitaire Ring,5,GH-MOI-00084-5,9100.00,9100.00,No (reverted)
9920834535672,48968821506296,ACTIVE,6.2ct DEW White Moissanite Round Solitaire Ring,6,GH-MOI-00084-6,9100.00,9100.00,No (reverted)
9920834535672,48968821539064,ACTIVE,6.2ct DEW White Moissanite Round Solitaire Ring,8,GH-MOI-00084-8,9100.00,9100.00,No (reverted)
9920834535672,48968821571832,ACTIVE,6.2ct DEW White Moissanite Round Solitaire Ring,9,GH-MOI-00084-9,9100.00,9100.00,No (reverted)
9920834535672,48968821604600,ACTIVE,6.2ct DEW White Moissanite Round Solitaire Ring,10,GH-MOI-00084-10,9100.00,9100.00,No (reverted)
9920834732280,48968824389880,ACTIVE,9.25ct DEW White Moissanite Emerald Solitaire Ring,7,GH-MOI-00083,9100.00,9100.00,No (reverted)
9920834732280,48968824422648,ACTIVE,9.25ct DEW White Moissanite Emerald Solitaire Ring,5,GH-MOI-00083-5,9100.00,9100.00,No (reverted)
9920834732280,48968824455416,ACTIVE,9.25ct DEW White Moissanite Emerald Solitaire Ring,6,GH-MOI-00083-6,9100.00,9100.00,No (reverted)
9920834732280,48968824488184,ACTIVE,9.25ct DEW White Moissanite Emerald Solitaire Ring,8,GH-MOI-00083-8,9100.00,9100.00,No (reverted)
9920834732280,48968824520952,ACTIVE,9.25ct DEW White Moissanite Emerald Solitaire Ring,9,GH-MOI-00083-9,9100.00,9100.00,No (reverted)
9920834732280,48968824553720,ACTIVE,9.25ct DEW White Moissanite Emerald Solitaire Ring,10,GH-MOI-00083-10,9100.00,9100.00,No (reverted)
9920835027192,48968826945784,ACTIVE,18.65ct DEW White Moissanite Emerald Solitaire Ring,7,GH-MOI-00082,14000.00,14000.00,No (reverted)
9920835027192,48968826978552,ACTIVE,18.65ct DEW White Moissanite Emerald Solitaire Ring,5,GH-MOI-00082-5,14000.00,14000.00,No (reverted)
9920835027192,48968827011320,ACTIVE,18.65ct DEW White Moissanite Emerald Solitaire Ring,6,GH-MOI-00082-6,14000.00,14000.00,No (reverted)
9920835027192,48968827044088,ACTIVE,18.65ct DEW White Moissanite Emerald Solitaire Ring,8,GH-MOI-00082-8,14000.00,14000.00,No (reverted)
9920835027192,48968827076856,ACTIVE,18.65ct DEW White Moissanite Emerald Solitaire Ring,9,GH-MOI-00082-9,14000.00,14000.00,No (reverted)
9920835027192,48968827109624,ACTIVE,18.65ct DEW White Moissanite Emerald Solitaire Ring,10,GH-MOI-00082-10,14000.00,14000.00,No (reverted)
9920835256568,48968830288120,ACTIVE,4.7ct DEW Champagne Moissanite Emerald Solitaire Ring,7,GH-MOI-00081,9100.00,9100.00,No (reverted)
9920835256568,48968830320888,ACTIVE,4.7ct DEW Champagne Moissanite Emerald Solitaire Ring,5,GH-MOI-00081-5,9100.00,9100.00,No (reverted)
9920835256568,48968830353656,ACTIVE,4.7ct DEW Champagne Moissanite Emerald Solitaire Ring,6,GH-MOI-00081-6,9100.00,9100.00,No (reverted)
9920835256568,48968830386424,ACTIVE,4.7ct DEW Champagne Moissanite Emerald Solitaire Ring,8,GH-MOI-00081-8,9100.00,9100.00,No (reverted)
9920835256568,48968830419192,ACTIVE,4.7ct DEW Champagne Moissanite Emerald Solitaire Ring,9,GH-MOI-00081-9,9100.00,9100.00,No (reverted)
9920835256568,48968830451960,ACTIVE,4.7ct DEW Champagne Moissanite Emerald Solitaire Ring,10,GH-MOI-00081-10,9100.00,9100.00,No (reverted)
9920835584248,48968833270008,ACTIVE,7.65ct DEW White Moissanite Round Solitaire Ring,7,GH-MOI-00080,9100.00,9100.00,No (reverted)
9920835584248,48968833302776,ACTIVE,7.65ct DEW White Moissanite Round Solitaire Ring,5,GH-MOI-00080-5,9100.00,9100.00,No (reverted)
9920835584248,48968833335544,ACTIVE,7.65ct DEW White Moissanite Round Solitaire Ring,6,GH-MOI-00080-6,9100.00,9100.00,No (reverted)
9920835584248,48968833368312,ACTIVE,7.65ct DEW White Moissanite Round Solitaire Ring,8,GH-MOI-00080-8,9100.00,9100.00,No (reverted)
9920835584248,48968833401080,ACTIVE,7.65ct DEW White Moissanite Round Solitaire Ring,9,GH-MOI-00080-9,9100.00,9100.00,No (reverted)
9920835584248,48968833433848,ACTIVE,7.65ct DEW White Moissanite Round Solitaire Ring,10,GH-MOI-00080-10,9100.00,9100.00,No (reverted)
9920835879160,48968836219128,ACTIVE,25.5ct DEW Champagne Moissanite Radiant Solitaire Ring,7,GH-MOI-00079,14000.00,14000.00,No (reverted)
9920835879160,48968836251896,ACTIVE,25.5ct DEW Champagne Moissanite Radiant Solitaire Ring,5,GH-MOI-00079-5,14000.00,14000.00,No (reverted)
9920835879160,48968836284664,ACTIVE,25.5ct DEW Champagne Moissanite Radiant Solitaire Ring,6,GH-MOI-00079-6,14000.00,14000.00,No (reverted)
9920835879160,48968836317432,ACTIVE,25.5ct DEW Champagne Moissanite Radiant Solitaire Ring,8,GH-MOI-00079-8,14000.00,14000.00,No (reverted)
9920835879160,48968836350200,ACTIVE,25.5ct DEW Champagne Moissanite Radiant Solitaire Ring,9,GH-MOI-00079-9,14000.00,14000.00,No (reverted)
9920835879160,48968836382968,ACTIVE,25.5ct DEW Champagne Moissanite Radiant Solitaire Ring,10,GH-MOI-00079-10,14000.00,14000.00,No (reverted)
9920836108536,48968839561464,ACTIVE,6.3ct DEW Green Moissanite Asscher Solitaire Ring,7,GH-MOI-00078,9100.00,9100.00,No (reverted)
9920836108536,48968839594232,ACTIVE,6.3ct DEW Green Moissanite Asscher Solitaire Ring,5,GH-MOI-00078-5,9100.00,9100.00,No (reverted)
9920836108536,48968839627000,ACTIVE,6.3ct DEW Green Moissanite Asscher Solitaire Ring,6,GH-MOI-00078-6,9100.00,9100.00,No (reverted)
9920836108536,48968839659768,ACTIVE,6.3ct DEW Green Moissanite Asscher Solitaire Ring,8,GH-MOI-00078-8,9100.00,9100.00,No (reverted)
9920836108536,48968839692536,ACTIVE,6.3ct DEW Green Moissanite Asscher Solitaire Ring,9,GH-MOI-00078-9,9100.00,9100.00,No (reverted)
9920836108536,48968839725304,ACTIVE,6.3ct DEW Green Moissanite Asscher Solitaire Ring,10,GH-MOI-00078-10,9100.00,9100.00,No (reverted)
9920836337912,48968842117368,ACTIVE,19.5ct DEW Blue Moissanite Emerald Solitaire Ring,7,GH-MOI-00077,14000.00,14000.00,No (reverted)
9920836337912,48968842150136,ACTIVE,19.5ct DEW Blue Moissanite Emerald Solitaire Ring,5,GH-MOI-00077-5,14000.00,14000.00,No (reverted)
9920836337912,48968842182904,ACTIVE,19.5ct DEW Blue Moissanite Emerald Solitaire Ring,6,GH-MOI-00077-6,14000.00,14000.00,No (reverted)
9920836337912,48968842215672,ACTIVE,19.5ct DEW Blue Moissanite Emerald Solitaire Ring,8,GH-MOI-00077-8,14000.00,14000.00,No (reverted)
9920836337912,48968842248440,ACTIVE,19.5ct DEW Blue Moissanite Emerald Solitaire Ring,9,GH-MOI-00077-9,14000.00,14000.00,No (reverted)
9920836337912,48968842281208,ACTIVE,19.5ct DEW Blue Moissanite Emerald Solitaire Ring,10,GH-MOI-00077-10,14000.00,14000.00,No (reverted)
9920836632824,48968845459704,ACTIVE,7.2ct DEW White Moissanite Heart Solitaire Ring,7,GH-MOI-00076,9100.00,9100.00,No (reverted)
9920836632824,48968845492472,ACTIVE,7.2ct DEW White Moissanite Heart Solitaire Ring,5,GH-MOI-00076-5,9100.00,9100.00,No (reverted)
9920836632824,48968845525240,ACTIVE,7.2ct DEW White Moissanite Heart Solitaire Ring,6,GH-MOI-00076-6,9100.00,9100.00,No (reverted)
9920836632824,48968845558008,ACTIVE,7.2ct DEW White Moissanite Heart Solitaire Ring,8,GH-MOI-00076-8,9100.00,9100.00,No (reverted)
9920836632824,48968845590776,ACTIVE,7.2ct DEW White Moissanite Heart Solitaire Ring,9,GH-MOI-00076-9,9100.00,9100.00,No (reverted)
9920836632824,48968845623544,ACTIVE,7.2ct DEW White Moissanite Heart Solitaire Ring,10,GH-MOI-00076-10,9100.00,9100.00,No (reverted)
9920836960504,48968849293560,ACTIVE,9.5ct DEW White Moissanite Asscher Solitaire Ring,7,GH-MOI-00075,9100.00,9100.00,No (reverted)
9920836960504,48968849326328,ACTIVE,9.5ct DEW White Moissanite Asscher Solitaire Ring,5,GH-MOI-00075-5,9100.00,9100.00,No (reverted)
9920836960504,48968849359096,ACTIVE,9.5ct DEW White Moissanite Asscher Solitaire Ring,6,GH-MOI-00075-6,9100.00,9100.00,No (reverted)
9920836960504,48968849391864,ACTIVE,9.5ct DEW White Moissanite Asscher Solitaire Ring,8,GH-MOI-00075-8,9100.00,9100.00,No (reverted)
9920836960504,48968849424632,ACTIVE,9.5ct DEW White Moissanite Asscher Solitaire Ring,9,GH-MOI-00075-9,9100.00,9100.00,No (reverted)
9920836960504,48968849457400,ACTIVE,9.5ct DEW White Moissanite Asscher Solitaire Ring,10,GH-MOI-00075-10,9100.00,9100.00,No (reverted)
9920837222648,48968851095800,ACTIVE,23.5ct DEW White Moissanite Asscher Solitaire Ring,7,GH-MOI-00074,14000.00,14000.00,No (reverted)
9920837222648,48968851128568,ACTIVE,23.5ct DEW White Moissanite Asscher Solitaire Ring,5,GH-MOI-00074-5,14000.00,14000.00,No (reverted)
9920837222648,48968851161336,ACTIVE,23.5ct DEW White Moissanite Asscher Solitaire Ring,6,GH-MOI-00074-6,14000.00,14000.00,No (reverted)
9920837222648,48968851194104,ACTIVE,23.5ct DEW White Moissanite Asscher Solitaire Ring,8,GH-MOI-00074-8,14000.00,14000.00,No (reverted)
9920837222648,48968851226872,ACTIVE,23.5ct DEW White Moissanite Asscher Solitaire Ring,9,GH-MOI-00074-9,14000.00,14000.00,No (reverted)
9920837222648,48968851259640,ACTIVE,23.5ct DEW White Moissanite Asscher Solitaire Ring,10,GH-MOI-00074-10,14000.00,14000.00,No (reverted)
9920837648632,48968853356792,ACTIVE,25.5ct DEW White Moissanite Emerald Solitaire Ring,7,GH-MOI-00073,14000.00,14000.00,No (reverted)
9920837648632,48968853389560,ACTIVE,25.5ct DEW White Moissanite Emerald Solitaire Ring,5,GH-MOI-00073-5,14000.00,14000.00,No (reverted)
9920837648632,48968853422328,ACTIVE,25.5ct DEW White Moissanite Emerald Solitaire Ring,6,GH-MOI-00073-6,14000.00,14000.00,No (reverted)
9920837648632,48968853455096,ACTIVE,25.5ct DEW White Moissanite Emerald Solitaire Ring,8,GH-MOI-00073-8,14000.00,14000.00,No (reverted)
9920837648632,48968853487864,ACTIVE,25.5ct DEW White Moissanite Emerald Solitaire Ring,9,GH-MOI-00073-9,14000.00,14000.00,No (reverted)
9920837648632,48968853520632,ACTIVE,25.5ct DEW White Moissanite Emerald Solitaire Ring,10,GH-MOI-00073-10,14000.00,14000.00,No (reverted)
9920837812472,48968855159032,ACTIVE,4.8ct DEW White Moissanite Emerald Solitaire Ring,7,GH-MOI-00072,9100.00,9100.00,No (reverted)
9920837812472,48968855191800,ACTIVE,4.8ct DEW White Moissanite Emerald Solitaire Ring,5,GH-MOI-00072-5,9100.00,9100.00,No (reverted)
9920837812472,48968855224568,ACTIVE,4.8ct DEW White Moissanite Emerald Solitaire Ring,6,GH-MOI-00072-6,9100.00,9100.00,No (reverted)
9920837812472,48968855257336,ACTIVE,4.8ct DEW White Moissanite Emerald Solitaire Ring,8,GH-MOI-00072-8,9100.00,9100.00,No (reverted)
9920837812472,48968855290104,ACTIVE,4.8ct DEW White Moissanite Emerald Solitaire Ring,9,GH-MOI-00072-9,9100.00,9100.00,No (reverted)
9920837812472,48968855322872,ACTIVE,4.8ct DEW White Moissanite Emerald Solitaire Ring,10,GH-MOI-00072-10,9100.00,9100.00,No (reverted)
9920838172920,48968857452792,ACTIVE,14.6ct DEW White Moissanite Radiant Solitaire Ring,7,GH-MOI-00071,9100.00,9100.00,No (reverted)
9920838172920,48968857485560,ACTIVE,14.6ct DEW White Moissanite Radiant Solitaire Ring,5,GH-MOI-00071-5,9100.00,9100.00,No (reverted)
9920838172920,48968857518328,ACTIVE,14.6ct DEW White Moissanite Radiant Solitaire Ring,6,GH-MOI-00071-6,9100.00,9100.00,No (reverted)
9920838172920,48968857551096,ACTIVE,14.6ct DEW White Moissanite Radiant Solitaire Ring,8,GH-MOI-00071-8,9100.00,9100.00,No (reverted)
9920838172920,48968857583864,ACTIVE,14.6ct DEW White Moissanite Radiant Solitaire Ring,9,GH-MOI-00071-9,9100.00,9100.00,No (reverted)
9920838172920,48968857616632,ACTIVE,14.6ct DEW White Moissanite Radiant Solitaire Ring,10,GH-MOI-00071-10,9100.00,9100.00,No (reverted)
9920838500600,48968859025656,ACTIVE,20.0ct DEW Champagne Moissanite Asscher Solitaire Ring,7,GH-MOI-00070,14000.00,14000.00,No (reverted)
9920838500600,48968859058424,ACTIVE,20.0ct DEW Champagne Moissanite Asscher Solitaire Ring,5,GH-MOI-00070-5,14000.00,14000.00,No (reverted)
9920838500600,48968859091192,ACTIVE,20.0ct DEW Champagne Moissanite Asscher Solitaire Ring,6,GH-MOI-00070-6,14000.00,14000.00,No (reverted)
9920838500600,48968859123960,ACTIVE,20.0ct DEW Champagne Moissanite Asscher Solitaire Ring,8,GH-MOI-00070-8,14000.00,14000.00,No (reverted)
9920838500600,48968859156728,ACTIVE,20.0ct DEW Champagne Moissanite Asscher Solitaire Ring,9,GH-MOI-00070-9,14000.00,14000.00,No (reverted)
9920838500600,48968859189496,ACTIVE,20.0ct DEW Champagne Moissanite Asscher Solitaire Ring,10,GH-MOI-00070-10,14000.00,14000.00,No (reverted)
9920838828280,48968861876472,ACTIVE,7.0ct DEW Blue Moissanite Cushion Solitaire Ring,7,GH-MOI-00069,9100.00,9100.00,No (reverted)
9920838828280,48968861909240,ACTIVE,7.0ct DEW Blue Moissanite Cushion Solitaire Ring,5,GH-MOI-00069-5,9100.00,9100.00,No (reverted)
9920838828280,48968861942008,ACTIVE,7.0ct DEW Blue Moissanite Cushion Solitaire Ring,6,GH-MOI-00069-6,9100.00,9100.00,No (reverted)
9920838828280,48968861974776,ACTIVE,7.0ct DEW Blue Moissanite Cushion Solitaire Ring,8,GH-MOI-00069-8,9100.00,9100.00,No (reverted)
9920838828280,48968862007544,ACTIVE,7.0ct DEW Blue Moissanite Cushion Solitaire Ring,9,GH-MOI-00069-9,9100.00,9100.00,No (reverted)
9920838828280,48968862040312,ACTIVE,7.0ct DEW Blue Moissanite Cushion Solitaire Ring,10,GH-MOI-00069-10,9100.00,9100.00,No (reverted)
9920839123192,48968865087736,ACTIVE,13.6ct DEW Champagne Moissanite Oval Solitaire Ring,7,GH-MOI-00068,9100.00,9100.00,No (reverted)
9920839123192,48968865120504,ACTIVE,13.6ct DEW Champagne Moissanite Oval Solitaire Ring,5,GH-MOI-00068-5,9100.00,9100.00,No (reverted)
9920839123192,48968865153272,ACTIVE,13.6ct DEW Champagne Moissanite Oval Solitaire Ring,6,GH-MOI-00068-6,9100.00,9100.00,No (reverted)
9920839123192,48968865186040,ACTIVE,13.6ct DEW Champagne Moissanite Oval Solitaire Ring,8,GH-MOI-00068-8,9100.00,9100.00,No (reverted)
9920839123192,48968865218808,ACTIVE,13.6ct DEW Champagne Moissanite Oval Solitaire Ring,9,GH-MOI-00068-9,9100.00,9100.00,No (reverted)
9920839123192,48968865251576,ACTIVE,13.6ct DEW Champagne Moissanite Oval Solitaire Ring,10,GH-MOI-00068-10,9100.00,9100.00,No (reverted)
9920839385336,48968868036856,ACTIVE,13.3ct DEW Blue Moissanite Cushion Solitaire Ring,7,GH-MOI-00067,14000.00,14000.00,No (reverted)
9920839385336,48968868069624,ACTIVE,13.3ct DEW Blue Moissanite Cushion Solitaire Ring,5,GH-MOI-00067-5,14000.00,14000.00,No (reverted)
9920839385336,48968868102392,ACTIVE,13.3ct DEW Blue Moissanite Cushion Solitaire Ring,6,GH-MOI-00067-6,14000.00,14000.00,No (reverted)
9920839385336,48968868135160,ACTIVE,13.3ct DEW Blue Moissanite Cushion Solitaire Ring,8,GH-MOI-00067-8,14000.00,14000.00,No (reverted)
9920839385336,48968868167928,ACTIVE,13.3ct DEW Blue Moissanite Cushion Solitaire Ring,9,GH-MOI-00067-9,14000.00,14000.00,No (reverted)
9920839385336,48968868200696,ACTIVE,13.3ct DEW Blue Moissanite Cushion Solitaire Ring,10,GH-MOI-00067-10,14000.00,14000.00,No (reverted)
9920839614712,48968870985976,ACTIVE,5.5ct DEW Blue Moissanite Princess Solitaire Ring,7,GH-MOI-00066,9100.00,9100.00,No (reverted)
9920839614712,48968871018744,ACTIVE,5.5ct DEW Blue Moissanite Princess Solitaire Ring,5,GH-MOI-00066-5,9100.00,9100.00,No (reverted)
9920839614712,48968871051512,ACTIVE,5.5ct DEW Blue Moissanite Princess Solitaire Ring,6,GH-MOI-00066-6,9100.00,9100.00,No (reverted)
9920839614712,48968871084280,ACTIVE,5.5ct DEW Blue Moissanite Princess Solitaire Ring,8,GH-MOI-00066-8,9100.00,9100.00,No (reverted)
9920839614712,48968871117048,ACTIVE,5.5ct DEW Blue Moissanite Princess Solitaire Ring,9,GH-MOI-00066-9,9100.00,9100.00,No (reverted)
9920839614712,48968871149816,ACTIVE,5.5ct DEW Blue Moissanite Princess Solitaire Ring,10,GH-MOI-00066-10,9100.00,9100.00,No (reverted)
9920839778552,48968872362232,ACTIVE,9.3ct DEW Champagne Moissanite Asscher Solitaire Ring,7,GH-MOI-00065,9100.00,9100.00,No (reverted)
9920839778552,48968872395000,ACTIVE,9.3ct DEW Champagne Moissanite Asscher Solitaire Ring,5,GH-MOI-00065-5,9100.00,9100.00,No (reverted)
9920839778552,48968872427768,ACTIVE,9.3ct DEW Champagne Moissanite Asscher Solitaire Ring,6,GH-MOI-00065-6,9100.00,9100.00,No (reverted)
9920839778552,48968872460536,ACTIVE,9.3ct DEW Champagne Moissanite Asscher Solitaire Ring,8,GH-MOI-00065-8,9100.00,9100.00,No (reverted)
9920839778552,48968872493304,ACTIVE,9.3ct DEW Champagne Moissanite Asscher Solitaire Ring,9,GH-MOI-00065-9,9100.00,9100.00,No (reverted)
9920839778552,48968872526072,ACTIVE,9.3ct DEW Champagne Moissanite Asscher Solitaire Ring,10,GH-MOI-00065-10,9100.00,9100.00,No (reverted)
9920840040696,48968875704568,ACTIVE,18.6ct DEW Blue Moissanite Emerald Solitaire Ring,7,GH-MOI-00064,14000.00,14000.00,No (reverted)
9920840040696,48968875737336,ACTIVE,18.6ct DEW Blue Moissanite Emerald Solitaire Ring,5,GH-MOI-00064-5,14000.00,14000.00,No (reverted)
9920840040696,48968875770104,ACTIVE,18.6ct DEW Blue Moissanite Emerald Solitaire Ring,6,GH-MOI-00064-6,14000.00,14000.00,No (reverted)
9920840040696,48968875802872,ACTIVE,18.6ct DEW Blue Moissanite Emerald Solitaire Ring,8,GH-MOI-00064-8,14000.00,14000.00,No (reverted)
9920840040696,48968875835640,ACTIVE,18.6ct DEW Blue Moissanite Emerald Solitaire Ring,9,GH-MOI-00064-9,14000.00,14000.00,No (reverted)
9920840040696,48968875868408,ACTIVE,18.6ct DEW Blue Moissanite Emerald Solitaire Ring,10,GH-MOI-00064-10,14000.00,14000.00,No (reverted)
9920840302840,48968878260472,ACTIVE,10.0ct DEW White Moissanite Emerald Solitaire Ring,7,GH-MOI-00063,9100.00,9100.00,No (reverted)
9920840302840,48968878293240,ACTIVE,10.0ct DEW White Moissanite Emerald Solitaire Ring,5,GH-MOI-00063-5,9100.00,9100.00,No (reverted)
9920840302840,48968878326008,ACTIVE,10.0ct DEW White Moissanite Emerald Solitaire Ring,6,GH-MOI-00063-6,9100.00,9100.00,No (reverted)
9920840302840,48968878358776,ACTIVE,10.0ct DEW White Moissanite Emerald Solitaire Ring,8,GH-MOI-00063-8,9100.00,9100.00,No (reverted)
9920840302840,48968878391544,ACTIVE,10.0ct DEW White Moissanite Emerald Solitaire Ring,9,GH-MOI-00063-9,9100.00,9100.00,No (reverted)
9920840302840,48968878424312,ACTIVE,10.0ct DEW White Moissanite Emerald Solitaire Ring,10,GH-MOI-00063-10,9100.00,9100.00,No (reverted)
9920840532216,48968881602808,ACTIVE,10.4ct DEW White Moissanite Emerald Solitaire Ring,7,GH-MOI-00062,9100.00,9100.00,No (reverted)
9920840532216,48968881635576,ACTIVE,10.4ct DEW White Moissanite Emerald Solitaire Ring,5,GH-MOI-00062-5,9100.00,9100.00,No (reverted)
9920840532216,48968881668344,ACTIVE,10.4ct DEW White Moissanite Emerald Solitaire Ring,6,GH-MOI-00062-6,9100.00,9100.00,No (reverted)
9920840532216,48968881701112,ACTIVE,10.4ct DEW White Moissanite Emerald Solitaire Ring,8,GH-MOI-00062-8,9100.00,9100.00,No (reverted)
9920840532216,48968881733880,ACTIVE,10.4ct DEW White Moissanite Emerald Solitaire Ring,9,GH-MOI-00062-9,9100.00,9100.00,No (reverted)
9920840532216,48968881766648,ACTIVE,10.4ct DEW White Moissanite Emerald Solitaire Ring,10,GH-MOI-00062-10,9100.00,9100.00,No (reverted)
9920840696056,48968882651384,ACTIVE,4.65ct DEW White Moissanite Pear Solitaire Ring,7,GH-MOI-00061,9100.00,9100.00,No (reverted)
9920840696056,48968882684152,ACTIVE,4.65ct DEW White Moissanite Pear Solitaire Ring,5,GH-MOI-00061-5,9100.00,9100.00,No (reverted)
9920840696056,48968882716920,ACTIVE,4.65ct DEW White Moissanite Pear Solitaire Ring,6,GH-MOI-00061-6,9100.00,9100.00,No (reverted)
9920840696056,48968882749688,ACTIVE,4.65ct DEW White Moissanite Pear Solitaire Ring,8,GH-MOI-00061-8,9100.00,9100.00,No (reverted)
9920840696056,48968882782456,ACTIVE,4.65ct DEW White Moissanite Pear Solitaire Ring,9,GH-MOI-00061-9,9100.00,9100.00,No (reverted)
9920840696056,48968882815224,ACTIVE,4.65ct DEW White Moissanite Pear Solitaire Ring,10,GH-MOI-00061-10,9100.00,9100.00,No (reverted)
9920841023736,48968886780152,ACTIVE,21.0ct DEW White Moissanite Oval Solitaire Ring,7,GH-MOI-00060,14000.00,14000.00,No (reverted)
9920841023736,48968886812920,ACTIVE,21.0ct DEW White Moissanite Oval Solitaire Ring,5,GH-MOI-00060-5,14000.00,14000.00,No (reverted)
9920841023736,48968886845688,ACTIVE,21.0ct DEW White Moissanite Oval Solitaire Ring,6,GH-MOI-00060-6,14000.00,14000.00,No (reverted)
9920841023736,48968886878456,ACTIVE,21.0ct DEW White Moissanite Oval Solitaire Ring,8,GH-MOI-00060-8,14000.00,14000.00,No (reverted)
9920841023736,48968886911224,ACTIVE,21.0ct DEW White Moissanite Oval Solitaire Ring,9,GH-MOI-00060-9,14000.00,14000.00,No (reverted)
9920841023736,48968886943992,ACTIVE,21.0ct DEW White Moissanite Oval Solitaire Ring,10,GH-MOI-00060-10,14000.00,14000.00,No (reverted)
9920841285880,48968888942840,ACTIVE,6.7ct DEW White Moissanite Emerald Solitaire Ring,7,GH-MOI-00059,9100.00,9100.00,No (reverted)
9920841285880,48968888975608,ACTIVE,6.7ct DEW White Moissanite Emerald Solitaire Ring,5,GH-MOI-00059-5,9100.00,9100.00,No (reverted)
9920841285880,48968889008376,ACTIVE,6.7ct DEW White Moissanite Emerald Solitaire Ring,6,GH-MOI-00059-6,9100.00,9100.00,No (reverted)
9920841285880,48968889041144,ACTIVE,6.7ct DEW White Moissanite Emerald Solitaire Ring,8,GH-MOI-00059-8,9100.00,9100.00,No (reverted)
9920841285880,48968889073912,ACTIVE,6.7ct DEW White Moissanite Emerald Solitaire Ring,9,GH-MOI-00059-9,9100.00,9100.00,No (reverted)
9920841285880,48968889106680,ACTIVE,6.7ct DEW White Moissanite Emerald Solitaire Ring,10,GH-MOI-00059-10,9100.00,9100.00,No (reverted)
9920841515256,48968891498744,ACTIVE,4.8ct DEW Blue Moissanite Oval Solitaire Ring,7,GH-MOI-00058,9100.00,9100.00,No (reverted)
9920841515256,48968891531512,ACTIVE,4.8ct DEW Blue Moissanite Oval Solitaire Ring,5,GH-MOI-00058-5,9100.00,9100.00,No (reverted)
9920841515256,48968891564280,ACTIVE,4.8ct DEW Blue Moissanite Oval Solitaire Ring,6,GH-MOI-00058-6,9100.00,9100.00,No (reverted)
9920841515256,48968891597048,ACTIVE,4.8ct DEW Blue Moissanite Oval Solitaire Ring,8,GH-MOI-00058-8,9100.00,9100.00,No (reverted)
9920841515256,48968891629816,ACTIVE,4.8ct DEW Blue Moissanite Oval Solitaire Ring,9,GH-MOI-00058-9,9100.00,9100.00,No (reverted)
9920841515256,48968891662584,ACTIVE,4.8ct DEW Blue Moissanite Oval Solitaire Ring,10,GH-MOI-00058-10,9100.00,9100.00,No (reverted)
9920841777400,48968894087416,ACTIVE,5.3ct DEW White Moissanite Emerald Solitaire Ring,7,GH-MOI-00057,9100.00,9100.00,No (reverted)
9920841777400,48968894120184,ACTIVE,5.3ct DEW White Moissanite Emerald Solitaire Ring,5,GH-MOI-00057-5,9100.00,9100.00,No (reverted)
9920841777400,48968894152952,ACTIVE,5.3ct DEW White Moissanite Emerald Solitaire Ring,6,GH-MOI-00057-6,9100.00,9100.00,No (reverted)
9920841777400,48968894185720,ACTIVE,5.3ct DEW White Moissanite Emerald Solitaire Ring,8,GH-MOI-00057-8,9100.00,9100.00,No (reverted)
9920841777400,48968894218488,ACTIVE,5.3ct DEW White Moissanite Emerald Solitaire Ring,9,GH-MOI-00057-9,9100.00,9100.00,No (reverted)
9920841777400,48968894251256,ACTIVE,5.3ct DEW White Moissanite Emerald Solitaire Ring,10,GH-MOI-00057-10,9100.00,9100.00,No (reverted)
9920841941240,48968896250104,ACTIVE,8.15ct DEW White Moissanite Radiant Solitaire Ring,7,GH-MOI-00056,9100.00,9100.00,No (reverted)
9920841941240,48968896282872,ACTIVE,8.15ct DEW White Moissanite Radiant Solitaire Ring,5,GH-MOI-00056-5,9100.00,9100.00,No (reverted)
9920841941240,48968896315640,ACTIVE,8.15ct DEW White Moissanite Radiant Solitaire Ring,6,GH-MOI-00056-6,9100.00,9100.00,No (reverted)
9920841941240,48968896348408,ACTIVE,8.15ct DEW White Moissanite Radiant Solitaire Ring,8,GH-MOI-00056-8,9100.00,9100.00,No (reverted)
9920841941240,48968896381176,ACTIVE,8.15ct DEW White Moissanite Radiant Solitaire Ring,9,GH-MOI-00056-9,9100.00,9100.00,No (reverted)
9920841941240,48968896413944,ACTIVE,8.15ct DEW White Moissanite Radiant Solitaire Ring,10,GH-MOI-00056-10,9100.00,9100.00,No (reverted)
9920842137848,48968898445560,ACTIVE,10.5ct DEW Blue Moissanite Round Solitaire Ring,7,GH-MOI-00055,9100.00,9100.00,No (reverted)
9920842137848,48968898478328,ACTIVE,10.5ct DEW Blue Moissanite Round Solitaire Ring,5,GH-MOI-00055-5,9100.00,9100.00,No (reverted)
9920842137848,48968898511096,ACTIVE,10.5ct DEW Blue Moissanite Round Solitaire Ring,6,GH-MOI-00055-6,9100.00,9100.00,No (reverted)
9920842137848,48968898543864,ACTIVE,10.5ct DEW Blue Moissanite Round Solitaire Ring,8,GH-MOI-00055-8,9100.00,9100.00,No (reverted)
9920842137848,48968898576632,ACTIVE,10.5ct DEW Blue Moissanite Round Solitaire Ring,9,GH-MOI-00055-9,9100.00,9100.00,No (reverted)
9920842137848,48968898609400,ACTIVE,10.5ct DEW Blue Moissanite Round Solitaire Ring,10,GH-MOI-00055-10,9100.00,9100.00,No (reverted)
9920842465528,48968901394680,ACTIVE,8.3ct DEW White Moissanite Radiant Solitaire Ring,7,GH-MOI-00054,9100.00,9100.00,No (reverted)
9920842465528,48968901427448,ACTIVE,8.3ct DEW White Moissanite Radiant Solitaire Ring,5,GH-MOI-00054-5,9100.00,9100.00,No (reverted)
9920842465528,48968901460216,ACTIVE,8.3ct DEW White Moissanite Radiant Solitaire Ring,6,GH-MOI-00054-6,9100.00,9100.00,No (reverted)
9920842465528,48968901492984,ACTIVE,8.3ct DEW White Moissanite Radiant Solitaire Ring,8,GH-MOI-00054-8,9100.00,9100.00,No (reverted)
9920842465528,48968901525752,ACTIVE,8.3ct DEW White Moissanite Radiant Solitaire Ring,9,GH-MOI-00054-9,9100.00,9100.00,No (reverted)
9920842465528,48968901558520,ACTIVE,8.3ct DEW White Moissanite Radiant Solitaire Ring,10,GH-MOI-00054-10,9100.00,9100.00,No (reverted)
9920842694904,48968903950584,ACTIVE,22.6ct DEW White Moissanite Emerald Solitaire Ring,7,GH-MOI-00053,14000.00,14000.00,No (reverted)
9920842694904,48968903983352,ACTIVE,22.6ct DEW White Moissanite Emerald Solitaire Ring,5,GH-MOI-00053-5,14000.00,14000.00,No (reverted)
9920842694904,48968904016120,ACTIVE,22.6ct DEW White Moissanite Emerald Solitaire Ring,6,GH-MOI-00053-6,14000.00,14000.00,No (reverted)
9920842694904,48968904048888,ACTIVE,22.6ct DEW White Moissanite Emerald Solitaire Ring,8,GH-MOI-00053-8,14000.00,14000.00,No (reverted)
9920842694904,48968904081656,ACTIVE,22.6ct DEW White Moissanite Emerald Solitaire Ring,9,GH-MOI-00053-9,14000.00,14000.00,No (reverted)
9920842694904,48968904114424,ACTIVE,22.6ct DEW White Moissanite Emerald Solitaire Ring,10,GH-MOI-00053-10,14000.00,14000.00,No (reverted)
9920842891512,48968906113272,ACTIVE,16.1ct DEW White Moissanite Radiant Solitaire Ring,7,GH-MOI-00052,9100.00,9100.00,No (reverted)
9920842891512,48968906146040,ACTIVE,16.1ct DEW White Moissanite Radiant Solitaire Ring,5,GH-MOI-00052-5,9100.00,9100.00,No (reverted)
9920842891512,48968906178808,ACTIVE,16.1ct DEW White Moissanite Radiant Solitaire Ring,6,GH-MOI-00052-6,9100.00,9100.00,No (reverted)
9920842891512,48968906211576,ACTIVE,16.1ct DEW White Moissanite Radiant Solitaire Ring,8,GH-MOI-00052-8,9100.00,9100.00,No (reverted)
9920842891512,48968906244344,ACTIVE,16.1ct DEW White Moissanite Radiant Solitaire Ring,9,GH-MOI-00052-9,9100.00,9100.00,No (reverted)
9920842891512,48968906277112,ACTIVE,16.1ct DEW White Moissanite Radiant Solitaire Ring,10,GH-MOI-00052-10,9100.00,9100.00,No (reverted)
9920843088120,48968908669176,ACTIVE,7.5ct DEW Champagne Moissanite Emerald Solitaire Ring,7,GH-MOI-00051,9100.00,9100.00,No (reverted)
9920843088120,48968908701944,ACTIVE,7.5ct DEW Champagne Moissanite Emerald Solitaire Ring,5,GH-MOI-00051-5,9100.00,9100.00,No (reverted)
9920843088120,48968908734712,ACTIVE,7.5ct DEW Champagne Moissanite Emerald Solitaire Ring,6,GH-MOI-00051-6,9100.00,9100.00,No (reverted)
9920843088120,48968908767480,ACTIVE,7.5ct DEW Champagne Moissanite Emerald Solitaire Ring,8,GH-MOI-00051-8,9100.00,9100.00,No (reverted)
9920843088120,48968908800248,ACTIVE,7.5ct DEW Champagne Moissanite Emerald Solitaire Ring,9,GH-MOI-00051-9,9100.00,9100.00,No (reverted)
9920843088120,48968908833016,ACTIVE,7.5ct DEW Champagne Moissanite Emerald Solitaire Ring,10,GH-MOI-00051-10,9100.00,9100.00,No (reverted)
9920843383032,48968911257848,ACTIVE,12.65ct DEW White Moissanite Emerald Solitaire Ring,7,GH-MOI-00050,9100.00,9100.00,No (reverted)
9920843383032,48968911290616,ACTIVE,12.65ct DEW White Moissanite Emerald Solitaire Ring,5,GH-MOI-00050-5,9100.00,9100.00,No (reverted)
9920843383032,48968911323384,ACTIVE,12.65ct DEW White Moissanite Emerald Solitaire Ring,6,GH-MOI-00050-6,9100.00,9100.00,No (reverted)
9920843383032,48968911356152,ACTIVE,12.65ct DEW White Moissanite Emerald Solitaire Ring,8,GH-MOI-00050-8,9100.00,9100.00,No (reverted)
9920843383032,48968911388920,ACTIVE,12.65ct DEW White Moissanite Emerald Solitaire Ring,9,GH-MOI-00050-9,9100.00,9100.00,No (reverted)
9920843383032,48968911421688,ACTIVE,12.65ct DEW White Moissanite Emerald Solitaire Ring,10,GH-MOI-00050-10,9100.00,9100.00,No (reverted)
9920843612408,48968914206968,ACTIVE,5.95ct DEW White Moissanite Round Solitaire Ring,7,GH-MOI-00049,9100.00,9100.00,No (reverted)
9920843612408,48968914239736,ACTIVE,5.95ct DEW White Moissanite Round Solitaire Ring,5,GH-MOI-00049-5,9100.00,9100.00,No (reverted)
9920843612408,48968914272504,ACTIVE,5.95ct DEW White Moissanite Round Solitaire Ring,6,GH-MOI-00049-6,9100.00,9100.00,No (reverted)
9920843612408,48968914305272,ACTIVE,5.95ct DEW White Moissanite Round Solitaire Ring,8,GH-MOI-00049-8,9100.00,9100.00,No (reverted)
9920843612408,48968914338040,ACTIVE,5.95ct DEW White Moissanite Round Solitaire Ring,9,GH-MOI-00049-9,9100.00,9100.00,No (reverted)
9920843612408,48968914370808,ACTIVE,5.95ct DEW White Moissanite Round Solitaire Ring,10,GH-MOI-00049-10,9100.00,9100.00,No (reverted)
9920843776248,48968915976440,ACTIVE,7.8ct DEW Blue Moissanite Emerald Solitaire Ring,7,GH-MOI-00048,9100.00,9100.00,No (reverted)
9920843776248,48968916009208,ACTIVE,7.8ct DEW Blue Moissanite Emerald Solitaire Ring,5,GH-MOI-00048-5,9100.00,9100.00,No (reverted)
9920843776248,48968916041976,ACTIVE,7.8ct DEW Blue Moissanite Emerald Solitaire Ring,6,GH-MOI-00048-6,9100.00,9100.00,No (reverted)
9920843776248,48968916074744,ACTIVE,7.8ct DEW Blue Moissanite Emerald Solitaire Ring,8,GH-MOI-00048-8,9100.00,9100.00,No (reverted)
9920843776248,48968916107512,ACTIVE,7.8ct DEW Blue Moissanite Emerald Solitaire Ring,9,GH-MOI-00048-9,9100.00,9100.00,No (reverted)
9920843776248,48968916140280,ACTIVE,7.8ct DEW Blue Moissanite Emerald Solitaire Ring,10,GH-MOI-00048-10,9100.00,9100.00,No (reverted)
9920844038392,48968918532344,ACTIVE,5.7ct DEW White Moissanite Radiant Solitaire Ring,7,GH-MOI-00047,9100.00,9100.00,No (reverted)
9920844038392,48968918565112,ACTIVE,5.7ct DEW White Moissanite Radiant Solitaire Ring,5,GH-MOI-00047-5,9100.00,9100.00,No (reverted)
9920844038392,48968918597880,ACTIVE,5.7ct DEW White Moissanite Radiant Solitaire Ring,6,GH-MOI-00047-6,9100.00,9100.00,No (reverted)
9920844038392,48968918630648,ACTIVE,5.7ct DEW White Moissanite Radiant Solitaire Ring,8,GH-MOI-00047-8,9100.00,9100.00,No (reverted)
9920844038392,48968918663416,ACTIVE,5.7ct DEW White Moissanite Radiant Solitaire Ring,9,GH-MOI-00047-9,9100.00,9100.00,No (reverted)
9920844038392,48968918696184,ACTIVE,5.7ct DEW White Moissanite Radiant Solitaire Ring,10,GH-MOI-00047-10,9100.00,9100.00,No (reverted)
9920844267768,48968921481464,ACTIVE,5.36ct DEW White Moissanite Radiant Solitaire Ring,7,GH-MOI-00046,9100.00,9100.00,No (reverted)
9920844267768,48968921514232,ACTIVE,5.36ct DEW White Moissanite Radiant Solitaire Ring,5,GH-MOI-00046-5,9100.00,9100.00,No (reverted)
9920844267768,48968921547000,ACTIVE,5.36ct DEW White Moissanite Radiant Solitaire Ring,6,GH-MOI-00046-6,9100.00,9100.00,No (reverted)
9920844267768,48968921579768,ACTIVE,5.36ct DEW White Moissanite Radiant Solitaire Ring,8,GH-MOI-00046-8,9100.00,9100.00,No (reverted)
9920844267768,48968921612536,ACTIVE,5.36ct DEW White Moissanite Radiant Solitaire Ring,9,GH-MOI-00046-9,9100.00,9100.00,No (reverted)
9920844267768,48968921645304,ACTIVE,5.36ct DEW White Moissanite Radiant Solitaire Ring,10,GH-MOI-00046-10,9100.00,9100.00,No (reverted)
9920844431608,48968922857720,ACTIVE,5.8ct DEW Blue Moissanite Round Solitaire Ring,7,GH-MOI-00045,9100.00,9100.00,No (reverted)
9920844431608,48968922890488,ACTIVE,5.8ct DEW Blue Moissanite Round Solitaire Ring,5,GH-MOI-00045-5,9100.00,9100.00,No (reverted)
9920844431608,48968922923256,ACTIVE,5.8ct DEW Blue Moissanite Round Solitaire Ring,6,GH-MOI-00045-6,9100.00,9100.00,No (reverted)
9920844431608,48968922956024,ACTIVE,5.8ct DEW Blue Moissanite Round Solitaire Ring,8,GH-MOI-00045-8,9100.00,9100.00,No (reverted)
9920844431608,48968922988792,ACTIVE,5.8ct DEW Blue Moissanite Round Solitaire Ring,9,GH-MOI-00045-9,9100.00,9100.00,No (reverted)
9920844431608,48968923021560,ACTIVE,5.8ct DEW Blue Moissanite Round Solitaire Ring,10,GH-MOI-00045-10,9100.00,9100.00,No (reverted)
9920844660984,48968925446392,ACTIVE,16.9ct DEW White Moissanite Emerald Solitaire Ring,7,GH-MOI-00044,9100.00,9100.00,No (reverted)
9920844660984,48968925479160,ACTIVE,16.9ct DEW White Moissanite Emerald Solitaire Ring,5,GH-MOI-00044-5,9100.00,9100.00,No (reverted)
9920844660984,48968925511928,ACTIVE,16.9ct DEW White Moissanite Emerald Solitaire Ring,6,GH-MOI-00044-6,9100.00,9100.00,No (reverted)
9920844660984,48968925544696,ACTIVE,16.9ct DEW White Moissanite Emerald Solitaire Ring,8,GH-MOI-00044-8,9100.00,9100.00,No (reverted)
9920844660984,48968925577464,ACTIVE,16.9ct DEW White Moissanite Emerald Solitaire Ring,9,GH-MOI-00044-9,9100.00,9100.00,No (reverted)
9920844660984,48968925610232,ACTIVE,16.9ct DEW White Moissanite Emerald Solitaire Ring,10,GH-MOI-00044-10,9100.00,9100.00,No (reverted)
9920844955896,48968928788728,ACTIVE,4.85ct DEW White Moissanite Oval Solitaire Ring,7,GH-MOI-00043,9100.00,9100.00,No (reverted)
9920844955896,48968928821496,ACTIVE,4.85ct DEW White Moissanite Oval Solitaire Ring,5,GH-MOI-00043-5,9100.00,9100.00,No (reverted)
9920844955896,48968928854264,ACTIVE,4.85ct DEW White Moissanite Oval Solitaire Ring,6,GH-MOI-00043-6,9100.00,9100.00,No (reverted)
9920844955896,48968928887032,ACTIVE,4.85ct DEW White Moissanite Oval Solitaire Ring,8,GH-MOI-00043-8,9100.00,9100.00,No (reverted)
9920844955896,48968928919800,ACTIVE,4.85ct DEW White Moissanite Oval Solitaire Ring,9,GH-MOI-00043-9,9100.00,9100.00,No (reverted)
9920844955896,48968928952568,ACTIVE,4.85ct DEW White Moissanite Oval Solitaire Ring,10,GH-MOI-00043-10,9100.00,9100.00,No (reverted)
9920845152504,48968931344632,ACTIVE,4.0ct DEW White Moissanite Radiant Solitaire Ring,7,GH-MOI-00042,9100.00,9100.00,No (reverted)
9920845152504,48968931377400,ACTIVE,4.0ct DEW White Moissanite Radiant Solitaire Ring,5,GH-MOI-00042-5,9100.00,9100.00,No (reverted)
9920845152504,48968931410168,ACTIVE,4.0ct DEW White Moissanite Radiant Solitaire Ring,6,GH-MOI-00042-6,9100.00,9100.00,No (reverted)
9920845152504,48968931442936,ACTIVE,4.0ct DEW White Moissanite Radiant Solitaire Ring,8,GH-MOI-00042-8,9100.00,9100.00,No (reverted)
9920845152504,48968931475704,ACTIVE,4.0ct DEW White Moissanite Radiant Solitaire Ring,9,GH-MOI-00042-9,9100.00,9100.00,No (reverted)
9920845152504,48968931508472,ACTIVE,4.0ct DEW White Moissanite Radiant Solitaire Ring,10,GH-MOI-00042-10,9100.00,9100.00,No (reverted)
9920845512952,48968934686968,ACTIVE,19.2ct DEW White Moissanite Emerald Solitaire Ring,7,GH-MOI-00041,14000.00,14000.00,No (reverted)
9920845512952,48968934719736,ACTIVE,19.2ct DEW White Moissanite Emerald Solitaire Ring,5,GH-MOI-00041-5,14000.00,14000.00,No (reverted)
9920845512952,48968934752504,ACTIVE,19.2ct DEW White Moissanite Emerald Solitaire Ring,6,GH-MOI-00041-6,14000.00,14000.00,No (reverted)
9920845512952,48968934785272,ACTIVE,19.2ct DEW White Moissanite Emerald Solitaire Ring,8,GH-MOI-00041-8,14000.00,14000.00,No (reverted)
9920845512952,48968934818040,ACTIVE,19.2ct DEW White Moissanite Emerald Solitaire Ring,9,GH-MOI-00041-9,14000.00,14000.00,No (reverted)
9920845512952,48968934850808,ACTIVE,19.2ct DEW White Moissanite Emerald Solitaire Ring,10,GH-MOI-00041-10,14000.00,14000.00,No (reverted)
9920845742328,48968937242872,ACTIVE,4.9ct DEW White Moissanite Princess Solitaire Ring,7,GH-MOI-00040,9100.00,9100.00,No (reverted)
9920845742328,48968937275640,ACTIVE,4.9ct DEW White Moissanite Princess Solitaire Ring,5,GH-MOI-00040-5,9100.00,9100.00,No (reverted)
9920845742328,48968937308408,ACTIVE,4.9ct DEW White Moissanite Princess Solitaire Ring,6,GH-MOI-00040-6,9100.00,9100.00,No (reverted)
9920845742328,48968937341176,ACTIVE,4.9ct DEW White Moissanite Princess Solitaire Ring,8,GH-MOI-00040-8,9100.00,9100.00,No (reverted)
9920845742328,48968937373944,ACTIVE,4.9ct DEW White Moissanite Princess Solitaire Ring,9,GH-MOI-00040-9,9100.00,9100.00,No (reverted)
9920845742328,48968937406712,ACTIVE,4.9ct DEW White Moissanite Princess Solitaire Ring,10,GH-MOI-00040-10,9100.00,9100.00,No (reverted)
9920845938936,48968940191992,ACTIVE,7.1ct DEW Champagne Moissanite Round Solitaire Ring,7,GH-MOI-00039,9100.00,9100.00,No (reverted)
9920845938936,48968940224760,ACTIVE,7.1ct DEW Champagne Moissanite Round Solitaire Ring,5,GH-MOI-00039-5,9100.00,9100.00,No (reverted)
9920845938936,48968940257528,ACTIVE,7.1ct DEW Champagne Moissanite Round Solitaire Ring,6,GH-MOI-00039-6,9100.00,9100.00,No (reverted)
9920845938936,48968940290296,ACTIVE,7.1ct DEW Champagne Moissanite Round Solitaire Ring,8,GH-MOI-00039-8,9100.00,9100.00,No (reverted)
9920845938936,48968940323064,ACTIVE,7.1ct DEW Champagne Moissanite Round Solitaire Ring,9,GH-MOI-00039-9,9100.00,9100.00,No (reverted)
9920845938936,48968940355832,ACTIVE,7.1ct DEW Champagne Moissanite Round Solitaire Ring,10,GH-MOI-00039-10,9100.00,9100.00,No (reverted)
9920846201080,48968942747896,ACTIVE,6.6ct DEW White Moissanite Round Solitaire Ring,7,GH-MOI-00038,9100.00,9100.00,No (reverted)
9920846201080,48968942780664,ACTIVE,6.6ct DEW White Moissanite Round Solitaire Ring,5,GH-MOI-00038-5,9100.00,9100.00,No (reverted)
9920846201080,48968942813432,ACTIVE,6.6ct DEW White Moissanite Round Solitaire Ring,6,GH-MOI-00038-6,9100.00,9100.00,No (reverted)
9920846201080,48968942846200,ACTIVE,6.6ct DEW White Moissanite Round Solitaire Ring,8,GH-MOI-00038-8,9100.00,9100.00,No (reverted)
9920846201080,48968942878968,ACTIVE,6.6ct DEW White Moissanite Round Solitaire Ring,9,GH-MOI-00038-9,9100.00,9100.00,No (reverted)
9920846201080,48968942911736,ACTIVE,6.6ct DEW White Moissanite Round Solitaire Ring,10,GH-MOI-00038-10,9100.00,9100.00,No (reverted)
9920846430456,48968945697016,ACTIVE,8.5ct DEW White Moissanite Round Solitaire Ring,7,GH-MOI-00037,9100.00,9100.00,No (reverted)
9920846430456,48968945729784,ACTIVE,8.5ct DEW White Moissanite Round Solitaire Ring,5,GH-MOI-00037-5,9100.00,9100.00,No (reverted)
9920846430456,48968945762552,ACTIVE,8.5ct DEW White Moissanite Round Solitaire Ring,6,GH-MOI-00037-6,9100.00,9100.00,No (reverted)
9920846430456,48968945795320,ACTIVE,8.5ct DEW White Moissanite Round Solitaire Ring,8,GH-MOI-00037-8,9100.00,9100.00,No (reverted)
9920846430456,48968945828088,ACTIVE,8.5ct DEW White Moissanite Round Solitaire Ring,9,GH-MOI-00037-9,9100.00,9100.00,No (reverted)
9920846430456,48968945860856,ACTIVE,8.5ct DEW White Moissanite Round Solitaire Ring,10,GH-MOI-00037-10,9100.00,9100.00,No (reverted)
9920846725368,48968948252920,ACTIVE,4.15ct DEW White Moissanite Emerald Solitaire Ring,7,GH-MOI-00036,9100.00,9100.00,No (reverted)
9920846725368,48968948285688,ACTIVE,4.15ct DEW White Moissanite Emerald Solitaire Ring,5,GH-MOI-00036-5,9100.00,9100.00,No (reverted)
9920846725368,48968948318456,ACTIVE,4.15ct DEW White Moissanite Emerald Solitaire Ring,6,GH-MOI-00036-6,9100.00,9100.00,No (reverted)
9920846725368,48968948351224,ACTIVE,4.15ct DEW White Moissanite Emerald Solitaire Ring,8,GH-MOI-00036-8,9100.00,9100.00,No (reverted)
9920846725368,48968948383992,ACTIVE,4.15ct DEW White Moissanite Emerald Solitaire Ring,9,GH-MOI-00036-9,9100.00,9100.00,No (reverted)
9920846725368,48968948416760,ACTIVE,4.15ct DEW White Moissanite Emerald Solitaire Ring,10,GH-MOI-00036-10,9100.00,9100.00,No (reverted)
9920846921976,48968950415608,ACTIVE,6.7ct DEW White Moissanite Heart Solitaire Ring,7,GH-MOI-00035,9100.00,9100.00,No (reverted)
9920846921976,48968950448376,ACTIVE,6.7ct DEW White Moissanite Heart Solitaire Ring,5,GH-MOI-00035-5,9100.00,9100.00,No (reverted)
9920846921976,48968950481144,ACTIVE,6.7ct DEW White Moissanite Heart Solitaire Ring,6,GH-MOI-00035-6,9100.00,9100.00,No (reverted)
9920846921976,48968950513912,ACTIVE,6.7ct DEW White Moissanite Heart Solitaire Ring,8,GH-MOI-00035-8,9100.00,9100.00,No (reverted)
9920846921976,48968950546680,ACTIVE,6.7ct DEW White Moissanite Heart Solitaire Ring,9,GH-MOI-00035-9,9100.00,9100.00,No (reverted)
9920846921976,48968950579448,ACTIVE,6.7ct DEW White Moissanite Heart Solitaire Ring,10,GH-MOI-00035-10,9100.00,9100.00,No (reverted)
9920847085816,48968952578296,ACTIVE,9.9ct DEW White Moissanite Round Solitaire Ring,7,GH-MOI-00034,9100.00,9100.00,No (reverted)
9920847085816,48968952611064,ACTIVE,9.9ct DEW White Moissanite Round Solitaire Ring,5,GH-MOI-00034-5,9100.00,9100.00,No (reverted)
9920847085816,48968952643832,ACTIVE,9.9ct DEW White Moissanite Round Solitaire Ring,6,GH-MOI-00034-6,9100.00,9100.00,No (reverted)
9920847085816,48968952676600,ACTIVE,9.9ct DEW White Moissanite Round Solitaire Ring,8,GH-MOI-00034-8,9100.00,9100.00,No (reverted)
9920847085816,48968952709368,ACTIVE,9.9ct DEW White Moissanite Round Solitaire Ring,9,GH-MOI-00034-9,9100.00,9100.00,No (reverted)
9920847085816,48968952742136,ACTIVE,9.9ct DEW White Moissanite Round Solitaire Ring,10,GH-MOI-00034-10,9100.00,9100.00,No (reverted)
9920847347960,48968955134200,ACTIVE,4.0ct DEW White Moissanite Round Solitaire Ring,7,GH-MOI-00033,9100.00,9100.00,No (reverted)
9920847347960,48968955166968,ACTIVE,4.0ct DEW White Moissanite Round Solitaire Ring,5,GH-MOI-00033-5,9100.00,9100.00,No (reverted)
9920847347960,48968955199736,ACTIVE,4.0ct DEW White Moissanite Round Solitaire Ring,6,GH-MOI-00033-6,9100.00,9100.00,No (reverted)
9920847347960,48968955232504,ACTIVE,4.0ct DEW White Moissanite Round Solitaire Ring,8,GH-MOI-00033-8,9100.00,9100.00,No (reverted)
9920847347960,48968955265272,ACTIVE,4.0ct DEW White Moissanite Round Solitaire Ring,9,GH-MOI-00033-9,9100.00,9100.00,No (reverted)
9920847347960,48968955298040,ACTIVE,4.0ct DEW White Moissanite Round Solitaire Ring,10,GH-MOI-00033-10,9100.00,9100.00,No (reverted)
9920847577336,48968957690104,ACTIVE,4.15ct DEW White Moissanite Princess Solitaire Ring,7,GH-MOI-00032,9100.00,9100.00,No (reverted)
9920847577336,48968957722872,ACTIVE,4.15ct DEW White Moissanite Princess Solitaire Ring,5,GH-MOI-00032-5,9100.00,9100.00,No (reverted)
9920847577336,48968957755640,ACTIVE,4.15ct DEW White Moissanite Princess Solitaire Ring,6,GH-MOI-00032-6,9100.00,9100.00,No (reverted)
9920847577336,48968957788408,ACTIVE,4.15ct DEW White Moissanite Princess Solitaire Ring,8,GH-MOI-00032-8,9100.00,9100.00,No (reverted)
9920847577336,48968957821176,ACTIVE,4.15ct DEW White Moissanite Princess Solitaire Ring,9,GH-MOI-00032-9,9100.00,9100.00,No (reverted)
9920847577336,48968957853944,ACTIVE,4.15ct DEW White Moissanite Princess Solitaire Ring,10,GH-MOI-00032-10,9100.00,9100.00,No (reverted)
9920847773944,48968960639224,ACTIVE,16.1ct DEW White Moissanite Asscher Solitaire Ring,7,GH-MOI-00031,14000.00,14000.00,No (reverted)
9920847773944,48968960671992,ACTIVE,16.1ct DEW White Moissanite Asscher Solitaire Ring,5,GH-MOI-00031-5,14000.00,14000.00,No (reverted)
9920847773944,48968960704760,ACTIVE,16.1ct DEW White Moissanite Asscher Solitaire Ring,6,GH-MOI-00031-6,14000.00,14000.00,No (reverted)
9920847773944,48968960737528,ACTIVE,16.1ct DEW White Moissanite Asscher Solitaire Ring,8,GH-MOI-00031-8,14000.00,14000.00,No (reverted)
9920847773944,48968960770296,ACTIVE,16.1ct DEW White Moissanite Asscher Solitaire Ring,9,GH-MOI-00031-9,14000.00,14000.00,No (reverted)
9920847773944,48968960803064,ACTIVE,16.1ct DEW White Moissanite Asscher Solitaire Ring,10,GH-MOI-00031-10,14000.00,14000.00,No (reverted)
9920847970552,48968962408696,ACTIVE,5.0ct DEW White Moissanite Princess Solitaire Ring,7,GH-MOI-00030,9100.00,9100.00,No (reverted)
9920847970552,48968962441464,ACTIVE,5.0ct DEW White Moissanite Princess Solitaire Ring,5,GH-MOI-00030-5,9100.00,9100.00,No (reverted)
9920847970552,48968962474232,ACTIVE,5.0ct DEW White Moissanite Princess Solitaire Ring,6,GH-MOI-00030-6,9100.00,9100.00,No (reverted)
9920847970552,48968962507000,ACTIVE,5.0ct DEW White Moissanite Princess Solitaire Ring,8,GH-MOI-00030-8,9100.00,9100.00,No (reverted)
9920847970552,48968962539768,ACTIVE,5.0ct DEW White Moissanite Princess Solitaire Ring,9,GH-MOI-00030-9,9100.00,9100.00,No (reverted)
9920847970552,48968962572536,ACTIVE,5.0ct DEW White Moissanite Princess Solitaire Ring,10,GH-MOI-00030-10,9100.00,9100.00,No (reverted)
9920848232696,48968964964600,ACTIVE,5.0ct DEW White Moissanite Round Solitaire Ring,7,GH-MOI-00029,9100.00,9100.00,No (reverted)
9920848232696,48968964997368,ACTIVE,5.0ct DEW White Moissanite Round Solitaire Ring,5,GH-MOI-00029-5,9100.00,9100.00,No (reverted)
9920848232696,48968965030136,ACTIVE,5.0ct DEW White Moissanite Round Solitaire Ring,6,GH-MOI-00029-6,9100.00,9100.00,No (reverted)
9920848232696,48968965062904,ACTIVE,5.0ct DEW White Moissanite Round Solitaire Ring,8,GH-MOI-00029-8,9100.00,9100.00,No (reverted)
9920848232696,48968965095672,ACTIVE,5.0ct DEW White Moissanite Round Solitaire Ring,9,GH-MOI-00029-9,9100.00,9100.00,No (reverted)
9920848232696,48968965128440,ACTIVE,5.0ct DEW White Moissanite Round Solitaire Ring,10,GH-MOI-00029-10,9100.00,9100.00,No (reverted)
9920848462072,48968968306936,ACTIVE,3.45ct DEW Champagne Moissanite Round Solitaire Ring,7,GH-MOI-00028,9100.00,9100.00,No (reverted)
9920848462072,48968968339704,ACTIVE,3.45ct DEW Champagne Moissanite Round Solitaire Ring,5,GH-MOI-00028-5,9100.00,9100.00,No (reverted)
9920848462072,48968968372472,ACTIVE,3.45ct DEW Champagne Moissanite Round Solitaire Ring,6,GH-MOI-00028-6,9100.00,9100.00,No (reverted)
9920848462072,48968968405240,ACTIVE,3.45ct DEW Champagne Moissanite Round Solitaire Ring,8,GH-MOI-00028-8,9100.00,9100.00,No (reverted)
9920848462072,48968968438008,ACTIVE,3.45ct DEW Champagne Moissanite Round Solitaire Ring,9,GH-MOI-00028-9,9100.00,9100.00,No (reverted)
9920848462072,48968968470776,ACTIVE,3.45ct DEW Champagne Moissanite Round Solitaire Ring,10,GH-MOI-00028-10,9100.00,9100.00,No (reverted)
9920848822520,48968972435704,ACTIVE,6.35ct DEW White Moissanite Round Solitaire Ring,7,GH-MOI-00027,9100.00,9100.00,No (reverted)
9920848822520,48968972468472,ACTIVE,6.35ct DEW White Moissanite Round Solitaire Ring,5,GH-MOI-00027-5,9100.00,9100.00,No (reverted)
9920848822520,48968972501240,ACTIVE,6.35ct DEW White Moissanite Round Solitaire Ring,6,GH-MOI-00027-6,9100.00,9100.00,No (reverted)
9920848822520,48968972534008,ACTIVE,6.35ct DEW White Moissanite Round Solitaire Ring,8,GH-MOI-00027-8,9100.00,9100.00,No (reverted)
9920848822520,48968972566776,ACTIVE,6.35ct DEW White Moissanite Round Solitaire Ring,9,GH-MOI-00027-9,9100.00,9100.00,No (reverted)
9920848822520,48968972599544,ACTIVE,6.35ct DEW White Moissanite Round Solitaire Ring,10,GH-MOI-00027-10,9100.00,9100.00,No (reverted)
9920849150200,48968975024376,ACTIVE,9.8ct DEW White Moissanite Round Solitaire Ring,7,GH-MOI-00026,9100.00,9100.00,No (reverted)
9920849150200,48968975057144,ACTIVE,9.8ct DEW White Moissanite Round Solitaire Ring,5,GH-MOI-00026-5,9100.00,9100.00,No (reverted)
9920849150200,48968975089912,ACTIVE,9.8ct DEW White Moissanite Round Solitaire Ring,6,GH-MOI-00026-6,9100.00,9100.00,No (reverted)
9920849150200,48968975122680,ACTIVE,9.8ct DEW White Moissanite Round Solitaire Ring,8,GH-MOI-00026-8,9100.00,9100.00,No (reverted)
9920849150200,48968975155448,ACTIVE,9.8ct DEW White Moissanite Round Solitaire Ring,9,GH-MOI-00026-9,9100.00,9100.00,No (reverted)
9920849150200,48968975188216,ACTIVE,9.8ct DEW White Moissanite Round Solitaire Ring,10,GH-MOI-00026-10,9100.00,9100.00,No (reverted)
9920849445112,48968978366712,ACTIVE,5.15ct DEW Champagne Moissanite Round Solitaire Ring,7,GH-MOI-00025,9100.00,9100.00,No (reverted)
9920849445112,48968978399480,ACTIVE,5.15ct DEW Champagne Moissanite Round Solitaire Ring,5,GH-MOI-00025-5,9100.00,9100.00,No (reverted)
9920849445112,48968978432248,ACTIVE,5.15ct DEW Champagne Moissanite Round Solitaire Ring,6,GH-MOI-00025-6,9100.00,9100.00,No (reverted)
9920849445112,48968978465016,ACTIVE,5.15ct DEW Champagne Moissanite Round Solitaire Ring,8,GH-MOI-00025-8,9100.00,9100.00,No (reverted)
9920849445112,48968978497784,ACTIVE,5.15ct DEW Champagne Moissanite Round Solitaire Ring,9,GH-MOI-00025-9,9100.00,9100.00,No (reverted)
9920849445112,48968978530552,ACTIVE,5.15ct DEW Champagne Moissanite Round Solitaire Ring,10,GH-MOI-00025-10,9100.00,9100.00,No (reverted)
9920849740024,48968982495480,ACTIVE,6.4ct DEW White Moissanite Oval Solitaire Ring,7,GH-MOI-00024,9100.00,9100.00,No (reverted)
9920849740024,48968982528248,ACTIVE,6.4ct DEW White Moissanite Oval Solitaire Ring,5,GH-MOI-00024-5,9100.00,9100.00,No (reverted)
9920849740024,48968982561016,ACTIVE,6.4ct DEW White Moissanite Oval Solitaire Ring,6,GH-MOI-00024-6,9100.00,9100.00,No (reverted)
9920849740024,48968982593784,ACTIVE,6.4ct DEW White Moissanite Oval Solitaire Ring,8,GH-MOI-00024-8,9100.00,9100.00,No (reverted)
9920849740024,48968982626552,ACTIVE,6.4ct DEW White Moissanite Oval Solitaire Ring,9,GH-MOI-00024-9,9100.00,9100.00,No (reverted)
9920849740024,48968982659320,ACTIVE,6.4ct DEW White Moissanite Oval Solitaire Ring,10,GH-MOI-00024-10,9100.00,9100.00,No (reverted)
9920850166008,48968987803896,ACTIVE,6.7ct DEW White Moissanite Round Solitaire Ring,7,GH-MOI-00023,9100.00,9100.00,No (reverted)
9920850166008,48968987836664,ACTIVE,6.7ct DEW White Moissanite Round Solitaire Ring,5,GH-MOI-00023-5,9100.00,9100.00,No (reverted)
9920850166008,48968987869432,ACTIVE,6.7ct DEW White Moissanite Round Solitaire Ring,6,GH-MOI-00023-6,9100.00,9100.00,No (reverted)
9920850166008,48968987902200,ACTIVE,6.7ct DEW White Moissanite Round Solitaire Ring,8,GH-MOI-00023-8,9100.00,9100.00,No (reverted)
9920850166008,48968987934968,ACTIVE,6.7ct DEW White Moissanite Round Solitaire Ring,9,GH-MOI-00023-9,9100.00,9100.00,No (reverted)
9920850166008,48968987967736,ACTIVE,6.7ct DEW White Moissanite Round Solitaire Ring,10,GH-MOI-00023-10,9100.00,9100.00,No (reverted)
9920850624760,48968991572216,ACTIVE,5.2ct DEW Black Moissanite Round Solitaire Ring,7,GH-MOI-00022,9100.00,9100.00,No (reverted)
9920850624760,48968991604984,ACTIVE,5.2ct DEW Black Moissanite Round Solitaire Ring,5,GH-MOI-00022-5,9100.00,9100.00,No (reverted)
9920850624760,48968991637752,ACTIVE,5.2ct DEW Black Moissanite Round Solitaire Ring,6,GH-MOI-00022-6,9100.00,9100.00,No (reverted)
9920850624760,48968991670520,ACTIVE,5.2ct DEW Black Moissanite Round Solitaire Ring,8,GH-MOI-00022-8,9100.00,9100.00,No (reverted)
9920850624760,48968991703288,ACTIVE,5.2ct DEW Black Moissanite Round Solitaire Ring,9,GH-MOI-00022-9,9100.00,9100.00,No (reverted)
9920850624760,48968991736056,ACTIVE,5.2ct DEW Black Moissanite Round Solitaire Ring,10,GH-MOI-00022-10,9100.00,9100.00,No (reverted)
9920850788600,48968993341688,ACTIVE,9.85ct DEW White Moissanite Round Solitaire Ring,7,GH-MOI-00021,9100.00,9100.00,No (reverted)
9920850788600,48968993374456,ACTIVE,9.85ct DEW White Moissanite Round Solitaire Ring,5,GH-MOI-00021-5,9100.00,9100.00,No (reverted)
9920850788600,48968993407224,ACTIVE,9.85ct DEW White Moissanite Round Solitaire Ring,6,GH-MOI-00021-6,9100.00,9100.00,No (reverted)
9920850788600,48968993439992,ACTIVE,9.85ct DEW White Moissanite Round Solitaire Ring,8,GH-MOI-00021-8,9100.00,9100.00,No (reverted)
9920850788600,48968993472760,ACTIVE,9.85ct DEW White Moissanite Round Solitaire Ring,9,GH-MOI-00021-9,9100.00,9100.00,No (reverted)
9920850788600,48968993505528,ACTIVE,9.85ct DEW White Moissanite Round Solitaire Ring,10,GH-MOI-00021-10,9100.00,9100.00,No (reverted)
9920850985208,48968995897592,ACTIVE,7.3ct DEW White Moissanite Emerald Solitaire Ring,7,GH-MOI-00020,9100.00,9100.00,No (reverted)
9920850985208,48968995930360,ACTIVE,7.3ct DEW White Moissanite Emerald Solitaire Ring,5,GH-MOI-00020-5,9100.00,9100.00,No (reverted)
9920850985208,48968995963128,ACTIVE,7.3ct DEW White Moissanite Emerald Solitaire Ring,6,GH-MOI-00020-6,9100.00,9100.00,No (reverted)
9920850985208,48968995995896,ACTIVE,7.3ct DEW White Moissanite Emerald Solitaire Ring,8,GH-MOI-00020-8,9100.00,9100.00,No (reverted)
9920850985208,48968996028664,ACTIVE,7.3ct DEW White Moissanite Emerald Solitaire Ring,9,GH-MOI-00020-9,9100.00,9100.00,No (reverted)
9920850985208,48968996061432,ACTIVE,7.3ct DEW White Moissanite Emerald Solitaire Ring,10,GH-MOI-00020-10,9100.00,9100.00,No (reverted)
9920851247352,48968998486264,ACTIVE,6.65ct DEW White Moissanite Round Solitaire Ring,7,GH-MOI-00019,9100.00,9100.00,No (reverted)
9920851247352,48968998519032,ACTIVE,6.65ct DEW White Moissanite Round Solitaire Ring,5,GH-MOI-00019-5,9100.00,9100.00,No (reverted)
9920851247352,48968998551800,ACTIVE,6.65ct DEW White Moissanite Round Solitaire Ring,6,GH-MOI-00019-6,9100.00,9100.00,No (reverted)
9920851247352,48968998584568,ACTIVE,6.65ct DEW White Moissanite Round Solitaire Ring,8,GH-MOI-00019-8,9100.00,9100.00,No (reverted)
9920851247352,48968998617336,ACTIVE,6.65ct DEW White Moissanite Round Solitaire Ring,9,GH-MOI-00019-9,9100.00,9100.00,No (reverted)
9920851247352,48968998650104,ACTIVE,6.65ct DEW White Moissanite Round Solitaire Ring,10,GH-MOI-00019-10,9100.00,9100.00,No (reverted)
9920851509496,48969001042168,ACTIVE,5.6ct DEW White Moissanite Asscher Solitaire Ring,7,GH-MOI-00018,9100.00,9100.00,No (reverted)
9920851509496,48969001074936,ACTIVE,5.6ct DEW White Moissanite Asscher Solitaire Ring,5,GH-MOI-00018-5,9100.00,9100.00,No (reverted)
9920851509496,48969001107704,ACTIVE,5.6ct DEW White Moissanite Asscher Solitaire Ring,6,GH-MOI-00018-6,9100.00,9100.00,No (reverted)
9920851509496,48969001140472,ACTIVE,5.6ct DEW White Moissanite Asscher Solitaire Ring,8,GH-MOI-00018-8,9100.00,9100.00,No (reverted)
9920851509496,48969001173240,ACTIVE,5.6ct DEW White Moissanite Asscher Solitaire Ring,9,GH-MOI-00018-9,9100.00,9100.00,No (reverted)
9920851509496,48969001206008,ACTIVE,5.6ct DEW White Moissanite Asscher Solitaire Ring,10,GH-MOI-00018-10,9100.00,9100.00,No (reverted)
9920851640568,48969003598072,ACTIVE,6.5ct DEW White Moissanite Radiant Solitaire Ring,7,GH-MOI-00017,9100.00,9100.00,No (reverted)
9920851640568,48969003630840,ACTIVE,6.5ct DEW White Moissanite Radiant Solitaire Ring,5,GH-MOI-00017-5,9100.00,9100.00,No (reverted)
9920851640568,48969003663608,ACTIVE,6.5ct DEW White Moissanite Radiant Solitaire Ring,6,GH-MOI-00017-6,9100.00,9100.00,No (reverted)
9920851640568,48969003696376,ACTIVE,6.5ct DEW White Moissanite Radiant Solitaire Ring,8,GH-MOI-00017-8,9100.00,9100.00,No (reverted)
9920851640568,48969003729144,ACTIVE,6.5ct DEW White Moissanite Radiant Solitaire Ring,9,GH-MOI-00017-9,9100.00,9100.00,No (reverted)
9920851640568,48969003761912,ACTIVE,6.5ct DEW White Moissanite Radiant Solitaire Ring,10,GH-MOI-00017-10,9100.00,9100.00,No (reverted)
9920851968248,48969006186744,ACTIVE,9.1ct DEW White Moissanite Round Solitaire Ring,7,GH-MOI-00016,9100.00,9100.00,No (reverted)
9920851968248,48969006219512,ACTIVE,9.1ct DEW White Moissanite Round Solitaire Ring,5,GH-MOI-00016-5,9100.00,9100.00,No (reverted)
9920851968248,48969006252280,ACTIVE,9.1ct DEW White Moissanite Round Solitaire Ring,6,GH-MOI-00016-6,9100.00,9100.00,No (reverted)
9920851968248,48969006285048,ACTIVE,9.1ct DEW White Moissanite Round Solitaire Ring,8,GH-MOI-00016-8,9100.00,9100.00,No (reverted)
9920851968248,48969006317816,ACTIVE,9.1ct DEW White Moissanite Round Solitaire Ring,9,GH-MOI-00016-9,9100.00,9100.00,No (reverted)
9920851968248,48969006350584,ACTIVE,9.1ct DEW White Moissanite Round Solitaire Ring,10,GH-MOI-00016-10,9100.00,9100.00,No (reverted)
9920852197624,48969008382200,ACTIVE,4.18ct DEW White Moissanite Round Solitaire Ring,7,GH-MOI-00015,9100.00,9100.00,No (reverted)
9920852197624,48969008414968,ACTIVE,4.18ct DEW White Moissanite Round Solitaire Ring,5,GH-MOI-00015-5,9100.00,9100.00,No (reverted)
9920852197624,48969008447736,ACTIVE,4.18ct DEW White Moissanite Round Solitaire Ring,6,GH-MOI-00015-6,9100.00,9100.00,No (reverted)
9920852197624,48969008480504,ACTIVE,4.18ct DEW White Moissanite Round Solitaire Ring,8,GH-MOI-00015-8,9100.00,9100.00,No (reverted)
9920852197624,48969008513272,ACTIVE,4.18ct DEW White Moissanite Round Solitaire Ring,9,GH-MOI-00015-9,9100.00,9100.00,No (reverted)
9920852197624,48969008546040,ACTIVE,4.18ct DEW White Moissanite Round Solitaire Ring,10,GH-MOI-00015-10,9100.00,9100.00,No (reverted)
9920852492536,48969011757304,ACTIVE,6.3ct DEW White Moissanite Asscher Solitaire Ring,7,GH-MOI-00014,9100.00,9100.00,No (reverted)
9920852492536,48969011790072,ACTIVE,6.3ct DEW White Moissanite Asscher Solitaire Ring,5,GH-MOI-00014-5,9100.00,9100.00,No (reverted)
9920852492536,48969011822840,ACTIVE,6.3ct DEW White Moissanite Asscher Solitaire Ring,6,GH-MOI-00014-6,9100.00,9100.00,No (reverted)
9920852492536,48969011855608,ACTIVE,6.3ct DEW White Moissanite Asscher Solitaire Ring,8,GH-MOI-00014-8,9100.00,9100.00,No (reverted)
9920852492536,48969011888376,ACTIVE,6.3ct DEW White Moissanite Asscher Solitaire Ring,9,GH-MOI-00014-9,9100.00,9100.00,No (reverted)
9920852492536,48969011921144,ACTIVE,6.3ct DEW White Moissanite Asscher Solitaire Ring,10,GH-MOI-00014-10,9100.00,9100.00,No (reverted)
9920852656376,48969013919992,ACTIVE,5.74ct DEW White Moissanite Asscher Solitaire Ring,7,GH-MOI-00013,9100.00,9100.00,No (reverted)
9920852656376,48969013952760,ACTIVE,5.74ct DEW White Moissanite Asscher Solitaire Ring,5,GH-MOI-00013-5,9100.00,9100.00,No (reverted)
9920852656376,48969013985528,ACTIVE,5.74ct DEW White Moissanite Asscher Solitaire Ring,6,GH-MOI-00013-6,9100.00,9100.00,No (reverted)
9920852656376,48969014018296,ACTIVE,5.74ct DEW White Moissanite Asscher Solitaire Ring,8,GH-MOI-00013-8,9100.00,9100.00,No (reverted)
9920852656376,48969014051064,ACTIVE,5.74ct DEW White Moissanite Asscher Solitaire Ring,9,GH-MOI-00013-9,9100.00,9100.00,No (reverted)
9920852656376,48969014083832,ACTIVE,5.74ct DEW White Moissanite Asscher Solitaire Ring,10,GH-MOI-00013-10,9100.00,9100.00,No (reverted)
9920852918520,48969016869112,ACTIVE,6.7ct DEW White Moissanite Heart Solitaire Ring,7,GH-MOI-00012,9100.00,9100.00,No (reverted)
9920852918520,48969016901880,ACTIVE,6.7ct DEW White Moissanite Heart Solitaire Ring,5,GH-MOI-00012-5,9100.00,9100.00,No (reverted)
9920852918520,48969016934648,ACTIVE,6.7ct DEW White Moissanite Heart Solitaire Ring,6,GH-MOI-00012-6,9100.00,9100.00,No (reverted)
9920852918520,48969016967416,ACTIVE,6.7ct DEW White Moissanite Heart Solitaire Ring,8,GH-MOI-00012-8,9100.00,9100.00,No (reverted)
9920852918520,48969017000184,ACTIVE,6.7ct DEW White Moissanite Heart Solitaire Ring,9,GH-MOI-00012-9,9100.00,9100.00,No (reverted)
9920852918520,48969017032952,ACTIVE,6.7ct DEW White Moissanite Heart Solitaire Ring,10,GH-MOI-00012-10,9100.00,9100.00,No (reverted)
9920853115128,48969019064568,ACTIVE,5.5ct DEW White Moissanite Round Solitaire Ring,7,GH-MOI-00011,9100.00,9100.00,No (reverted)
9920853115128,48969019097336,ACTIVE,5.5ct DEW White Moissanite Round Solitaire Ring,5,GH-MOI-00011-5,9100.00,9100.00,No (reverted)
9920853115128,48969019130104,ACTIVE,5.5ct DEW White Moissanite Round Solitaire Ring,6,GH-MOI-00011-6,9100.00,9100.00,No (reverted)
9920853115128,48969019162872,ACTIVE,5.5ct DEW White Moissanite Round Solitaire Ring,8,GH-MOI-00011-8,9100.00,9100.00,No (reverted)
9920853115128,48969019195640,ACTIVE,5.5ct DEW White Moissanite Round Solitaire Ring,9,GH-MOI-00011-9,9100.00,9100.00,No (reverted)
9920853115128,48969019228408,ACTIVE,5.5ct DEW White Moissanite Round Solitaire Ring,10,GH-MOI-00011-10,9100.00,9100.00,No (reverted)
9920853475576,48969022046456,ACTIVE,9.25ct DEW White Moissanite Round Solitaire Ring,7,GH-MOI-00010,9100.00,9100.00,No (reverted)
9920853475576,48969022079224,ACTIVE,9.25ct DEW White Moissanite Round Solitaire Ring,5,GH-MOI-00010-5,9100.00,9100.00,No (reverted)
9920853475576,48969022111992,ACTIVE,9.25ct DEW White Moissanite Round Solitaire Ring,6,GH-MOI-00010-6,9100.00,9100.00,No (reverted)
9920853475576,48969022144760,ACTIVE,9.25ct DEW White Moissanite Round Solitaire Ring,8,GH-MOI-00010-8,9100.00,9100.00,No (reverted)
9920853475576,48969022177528,ACTIVE,9.25ct DEW White Moissanite Round Solitaire Ring,9,GH-MOI-00010-9,9100.00,9100.00,No (reverted)
9920853475576,48969022210296,ACTIVE,9.25ct DEW White Moissanite Round Solitaire Ring,10,GH-MOI-00010-10,9100.00,9100.00,No (reverted)
9920853770488,48969025388792,ACTIVE,19.6ct DEW Blue Moissanite Pear Solitaire Ring,7,GH-MOI-00009,14000.00,14000.00,No (reverted)
9920853770488,48969025421560,ACTIVE,19.6ct DEW Blue Moissanite Pear Solitaire Ring,5,GH-MOI-00009-5,14000.00,14000.00,No (reverted)
9920853770488,48969025454328,ACTIVE,19.6ct DEW Blue Moissanite Pear Solitaire Ring,6,GH-MOI-00009-6,14000.00,14000.00,No (reverted)
9920853770488,48969025487096,ACTIVE,19.6ct DEW Blue Moissanite Pear Solitaire Ring,8,GH-MOI-00009-8,14000.00,14000.00,No (reverted)
9920853770488,48969025519864,ACTIVE,19.6ct DEW Blue Moissanite Pear Solitaire Ring,9,GH-MOI-00009-9,14000.00,14000.00,No (reverted)
9920853770488,48969025552632,ACTIVE,19.6ct DEW Blue Moissanite Pear Solitaire Ring,10,GH-MOI-00009-10,14000.00,14000.00,No (reverted)
9920853934328,48969027551480,ACTIVE,2.75ct DEW Blue Moissanite Round Solitaire Ring,7,GH-MOI-00008,9100.00,9100.00,No (reverted)
9920853934328,48969027584248,ACTIVE,2.75ct DEW Blue Moissanite Round Solitaire Ring,5,GH-MOI-00008-5,9100.00,9100.00,No (reverted)
9920853934328,48969027617016,ACTIVE,2.75ct DEW Blue Moissanite Round Solitaire Ring,6,GH-MOI-00008-6,9100.00,9100.00,No (reverted)
9920853934328,48969027649784,ACTIVE,2.75ct DEW Blue Moissanite Round Solitaire Ring,8,GH-MOI-00008-8,9100.00,9100.00,No (reverted)
9920853934328,48969027682552,ACTIVE,2.75ct DEW Blue Moissanite Round Solitaire Ring,9,GH-MOI-00008-9,9100.00,9100.00,No (reverted)
9920853934328,48969027715320,ACTIVE,2.75ct DEW Blue Moissanite Round Solitaire Ring,10,GH-MOI-00008-10,9100.00,9100.00,No (reverted)
9920854327544,48969032466680,ACTIVE,4.0ct DEW White Moissanite Oval Solitaire Ring,7,GH-MOI-00007,9100.00,9100.00,No (reverted)
9920854327544,48969032499448,ACTIVE,4.0ct DEW White Moissanite Oval Solitaire Ring,5,GH-MOI-00007-5,9100.00,9100.00,No (reverted)
9920854327544,48969032532216,ACTIVE,4.0ct DEW White Moissanite Oval Solitaire Ring,6,GH-MOI-00007-6,9100.00,9100.00,No (reverted)
9920854327544,48969032564984,ACTIVE,4.0ct DEW White Moissanite Oval Solitaire Ring,8,GH-MOI-00007-8,9100.00,9100.00,No (reverted)
9920854327544,48969032597752,ACTIVE,4.0ct DEW White Moissanite Oval Solitaire Ring,9,GH-MOI-00007-9,9100.00,9100.00,No (reverted)
9920854327544,48969032630520,ACTIVE,4.0ct DEW White Moissanite Oval Solitaire Ring,10,GH-MOI-00007-10,9100.00,9100.00,No (reverted)
9920854556920,48969035022584,ACTIVE,9.3ct DEW Champagne Moissanite Pear Solitaire Ring,7,GH-MOI-00006,9100.00,9100.00,No (reverted)
9920854556920,48969035055352,ACTIVE,9.3ct DEW Champagne Moissanite Pear Solitaire Ring,5,GH-MOI-00006-5,9100.00,9100.00,No (reverted)
9920854556920,48969035088120,ACTIVE,9.3ct DEW Champagne Moissanite Pear Solitaire Ring,6,GH-MOI-00006-6,9100.00,9100.00,No (reverted)
9920854556920,48969035120888,ACTIVE,9.3ct DEW Champagne Moissanite Pear Solitaire Ring,8,GH-MOI-00006-8,9100.00,9100.00,No (reverted)
9920854556920,48969035153656,ACTIVE,9.3ct DEW Champagne Moissanite Pear Solitaire Ring,9,GH-MOI-00006-9,9100.00,9100.00,No (reverted)
9920854556920,48969035186424,ACTIVE,9.3ct DEW Champagne Moissanite Pear Solitaire Ring,10,GH-MOI-00006-10,9100.00,9100.00,No (reverted)
9920854851832,48969037971704,ACTIVE,3.2ct DEW Blue Moissanite Cushion Solitaire Ring,7,GH-MOI-00005,9100.00,9100.00,No (reverted)
9920854851832,48969038004472,ACTIVE,3.2ct DEW Blue Moissanite Cushion Solitaire Ring,5,GH-MOI-00005-5,9100.00,9100.00,No (reverted)
9920854851832,48969038037240,ACTIVE,3.2ct DEW Blue Moissanite Cushion Solitaire Ring,6,GH-MOI-00005-6,9100.00,9100.00,No (reverted)
9920854851832,48969038070008,ACTIVE,3.2ct DEW Blue Moissanite Cushion Solitaire Ring,8,GH-MOI-00005-8,9100.00,9100.00,No (reverted)
9920854851832,48969038102776,ACTIVE,3.2ct DEW Blue Moissanite Cushion Solitaire Ring,9,GH-MOI-00005-9,9100.00,9100.00,No (reverted)
9920854851832,48969038135544,ACTIVE,3.2ct DEW Blue Moissanite Cushion Solitaire Ring,10,GH-MOI-00005-10,9100.00,9100.00,No (reverted)
9920855146744,48969041346808,ACTIVE,8.5ct DEW Blue Moissanite Round Solitaire Ring,7,GH-MOI-00004,9100.00,9100.00,No (reverted)
9920855146744,48969041379576,ACTIVE,8.5ct DEW Blue Moissanite Round Solitaire Ring,5,GH-MOI-00004-5,9100.00,9100.00,No (reverted)
9920855146744,48969041412344,ACTIVE,8.5ct DEW Blue Moissanite Round Solitaire Ring,6,GH-MOI-00004-6,9100.00,9100.00,No (reverted)
9920855146744,48969041445112,ACTIVE,8.5ct DEW Blue Moissanite Round Solitaire Ring,8,GH-MOI-00004-8,9100.00,9100.00,No (reverted)
9920855146744,48969041477880,ACTIVE,8.5ct DEW Blue Moissanite Round Solitaire Ring,9,GH-MOI-00004-9,9100.00,9100.00,No (reverted)
9920855146744,48969041510648,ACTIVE,8.5ct DEW Blue Moissanite Round Solitaire Ring,10,GH-MOI-00004-10,9100.00,9100.00,No (reverted)
9920855441656,48969043902712,ACTIVE,5.0ct DEW White Moissanite Round Solitaire Ring,7,GH-MOI-00003,9100.00,9100.00,No (reverted)
9920855441656,48969043935480,ACTIVE,5.0ct DEW White Moissanite Round Solitaire Ring,5,GH-MOI-00003-5,9100.00,9100.00,No (reverted)
9920855441656,48969043968248,ACTIVE,5.0ct DEW White Moissanite Round Solitaire Ring,6,GH-MOI-00003-6,9100.00,9100.00,No (reverted)
9920855441656,48969044001016,ACTIVE,5.0ct DEW White Moissanite Round Solitaire Ring,8,GH-MOI-00003-8,9100.00,9100.00,No (reverted)
9920855441656,48969044033784,ACTIVE,5.0ct DEW White Moissanite Round Solitaire Ring,9,GH-MOI-00003-9,9100.00,9100.00,No (reverted)
9920855441656,48969044066552,ACTIVE,5.0ct DEW White Moissanite Round Solitaire Ring,10,GH-MOI-00003-10,9100.00,9100.00,No (reverted)
9920855736568,48969047245048,ACTIVE,4.0ct DEW Champagne Moissanite Asscher Solitaire Ring,7,GH-MOI-00002,9100.00,9100.00,No (reverted)
9920855736568,48969047277816,ACTIVE,4.0ct DEW Champagne Moissanite Asscher Solitaire Ring,5,GH-MOI-00002-5,9100.00,9100.00,No (reverted)
9920855736568,48969047310584,ACTIVE,4.0ct DEW Champagne Moissanite Asscher Solitaire Ring,6,GH-MOI-00002-6,9100.00,9100.00,No (reverted)
9920855736568,48969047343352,ACTIVE,4.0ct DEW Champagne Moissanite Asscher Solitaire Ring,8,GH-MOI-00002-8,9100.00,9100.00,No (reverted)
9920855736568,48969047376120,ACTIVE,4.0ct DEW Champagne Moissanite Asscher Solitaire Ring,9,GH-MOI-00002-9,9100.00,9100.00,No (reverted)
9920855736568,48969047408888,ACTIVE,4.0ct DEW Champagne Moissanite Asscher Solitaire Ring,10,GH-MOI-00002-10,9100.00,9100.00,No (reverted)
9990651117816,49648141205752,ACTIVE,Black Moissanite Ring 2.64 Ct Round Cut 925 Sterling Silver Gift for Her,Default Title,SLR-320,3974.25,4799.99,Yes
9990653214968,49648143859960,ACTIVE,Black Moissanite Round Ring Set in 925 Sterling Silver for Her Classic Design,Default Title,SLR-314,3899.25,4699.99,Yes
